GN_ID,Name,Identifier,Description,Latitude,Longitude,Type,State,FIPS,County,Region,Topo
4179039,Abrahams Lake,,,31.22611,-81.8636,LK,GA,25,Brantley,Georgia Coast
4179041,Abrams Bluff,,,31.22911,-81.86233,CLF,GA,25,Brantley,Georgia Coast
4179042,Abrams Bluff Cut,,,31.22606,-81.86595,CHN,GA,25,Brantley,Georgia Coast
4179525,Alligator Bays,,,31.31439,-81.79067,BAY,GA,25,Brantley,Georgia Coast
4179546,Alligator Swamp,,,31.3555,-81.79539,SWMP,GA,25,Brantley,Georgia Coast
4179619,Altman Bridge (historical),,,31.24133,-82.14123,BDG,GA,25,Brantley,Georgia Coast
4179689,Ammons Cemetery,,,31.24189,-81.85483,CMTY,GA,25,Brantley,Georgia Coast
4179690,Ammons Ferry,,,31.23995,-81.86845,,GA,25,Brantley,Georgia Coast
4179691,Ammons Ferry Bridge (historical),,,31.23911,-81.86872,BDG,GA,25,Brantley,Georgia Coast
4180224,Arnett Cemetery,,,31.32717,-81.73205,CMTY,GA,25,Brantley,Georgia Coast
4180429,Atkinson,,,31.22328,-81.85261,PPL,GA,25,Brantley,Georgia Coast
4180430,Atkinson Baptist Church,,,31.22189,-81.85178,CH,GA,25,Brantley,Georgia Coast
4180435,Atkinson Lake,,,31.21478,-81.86383,LK,GA,25,Brantley,Georgia Coast
4180697,Bachlott,,,31.11467,-82.00345,PPL,GA,25,Brantley,Georgia Coast
4180698,Bachlott Church,,,31.09467,-82.00539,CH,GA,25,Brantley,Georgia Coast
4180699,Back Branch,,,31.3255,-81.75428,STM,GA,25,Brantley,Georgia Coast
4180824,Baker Island,,,31.31911,-81.759,ISL,GA,25,Brantley,Georgia Coast
4181281,Basin Lake,,,31.27958,-81.87101,LK,GA,25,Brantley,Georgia Coast
4181347,Baxter Bluff,,,31.29189,-81.96817,CLF,GA,25,Brantley,Georgia Coast
4181350,Baxter Cemetery,,,31.30994,-81.96456,CMTY,GA,25,Brantley,Georgia Coast
4181358,Baxter Lake,,,31.29782,-81.96284,LK,GA,25,Brantley,Georgia Coast
4181622,Beaver Dam Swamp,,,31.02106,-82.13318,SWMP,GA,25,Brantley,Georgia Coast
4182532,Bethlehem Cemetery,,,31.11495,-81.99706,CMTY,GA,25,Brantley,Georgia Coast
4182560,Bethlehem Church,,,31.11439,-81.99678,CH,GA,25,Brantley,Georgia Coast
4182825,Big Branch,,,31.19772,-82.17318,STM,GA,25,Brantley,Georgia Coast
4182891,Big Creek,,,31.21633,-82.1629,STM,GA,25,Brantley,Georgia Coast
4183009,Big Oak,,,31.06023,-81.93622,PPL,GA,25,Brantley,Georgia Coast
4183505,Blue Hole Reach,,,31.20439,-82.19095,CHN,GA,25,Brantley,Georgia Coast
4183645,Boat Landing Island,,,31.01162,-82.17818,ISL,GA,25,Brantley,Georgia Coast
4183808,Bonnet Lake,,,31.29302,-81.96993,LK,GA,25,Brantley,Georgia Coast
4183810,Bonnett Lake,,,31.18828,-81.87011,LK,GA,25,Brantley,Georgia Coast
4184153,Brantley County,,,31.19688,-81.9819,ADM2,GA,25,Brantley,Georgia Coast
4184154,Brantley County Airport,,,31.21179,-81.90609,AIRP,GA,25,Brantley,Georgia Coast
4184155,Brantley County Courthouse,,,31.20272,-81.9815,BLDG,GA,25,Brantley,Georgia Coast
4184156,Brantley County High School,,,31.19572,-82.02965,SCH,GA,25,Brantley,Georgia Coast
4184276,Briar Bay,,,31.34078,-81.83095,BAY,GA,25,Brantley,Georgia Coast
4184283,Briar Island,,,31.01328,-82.08512,ISL,GA,25,Brantley,Georgia Coast
4184807,Browntown,,,31.33745,-81.78178,PPL,GA,25,Brantley,Georgia Coast
4185017,Buck Lake,,,31.1962,-81.87612,LK,GA,25,Brantley,Georgia Coast
4185088,Buffalo Creek,,,31.08884,-81.92261,STM,GA,25,Brantley,Georgia Coast
4185138,Buies Bluff,,,31.12662,-81.89122,CLF,GA,25,Brantley,Georgia Coast
4185139,Buies Camp (historical),,,31.12662,-81.89428,CMPQ,GA,25,Brantley,Georgia Coast
4185333,Burnt Bay,,,31.31217,-81.7465,BAY,GA,25,Brantley,Georgia Coast
4185385,Burton Terrace,,,31.20633,-81.99095,PPLX,GA,25,Brantley,Georgia Coast
4185515,Buzzard Roost Reach,,,31.28578,-81.87456,CHN,GA,25,Brantley,Georgia Coast
4186151,Caney Bay,,,31.1902,-82.04938,SWMP,GA,25,Brantley,Georgia Coast
4186153,Caney Branch,,,31.19245,-82.05095,SWMP,GA,25,Brantley,Georgia Coast
4186602,Cascade Church,,,31.18439,-82.17123,CH,GA,25,Brantley,Georgia Coast
4187844,Christian Fellowship Church,,,31.2355,-81.84956,CH,GA,25,Brantley,Georgia Coast
4187892,Christmas Lake,,,31.01328,-82.19012,LK,GA,25,Brantley,Georgia Coast
4187895,Church House Branch,,,31.29661,-81.87595,STM,GA,25,Brantley,Georgia Coast
4188254,Clay Bluff,,,31.21661,-82.22345,CLF,GA,25,Brantley,Georgia Coast
4189044,Community Church,,,31.25078,-81.98511,CH,GA,25,Brantley,Georgia Coast
4189528,Corncob Island,,,31.04745,-82.14373,ISL,GA,25,Brantley,Georgia Coast
4189836,Cowhouse Island,,,31.04523,-82.2079,ISL,GA,25,Brantley,Georgia Coast
4190486,Cypress Lake,,,31.25382,-81.85795,LK,GA,25,Brantley,Georgia Coast
4190706,Daniels Cemetery,,,31.15134,-81.78761,CMTY,GA,25,Brantley,Georgia Coast
4190755,Dark Hole Reach,,,31.21828,-82.17401,CHN,GA,25,Brantley,Georgia Coast
4190756,Dark Thick,,,31.09547,-82.15253,SWMP,GA,25,Brantley,Georgia Coast
4190826,Davidson Landing,,,31.06439,-81.93234,,GA,25,Brantley,Georgia Coast
4190828,Davidson School (historical),,,31.08273,-81.93456,SCH,GA,25,Brantley,Georgia Coast
4191055,Dead River,,,31.25356,-81.86372,STM,GA,25,Brantley,Georgia Coast
4191057,Dead River,,,31.21189,-81.87733,INLT,GA,25,Brantley,Georgia Coast
4191174,Deep Slough,,,31.25939,-81.85872,INLT,GA,25,Brantley,Georgia Coast
4191230,Deerwood Lake,,,31.20689,-81.85983,RSV,GA,25,Brantley,Georgia Coast
4191231,Deerwood Lake Dam,,,31.20689,-81.85983,DAM,GA,25,Brantley,Georgia Coast
4191547,Dix Branch,,,31.22717,-82.14623,STM,GA,25,Brantley,Georgia Coast
4191548,Ditch Lake,,,31.19773,-81.86511,LK,GA,25,Brantley,Georgia Coast
4191669,Doe Lake,,,31.18003,-81.86933,LK,GA,25,Brantley,Georgia Coast
4192003,Dowling Bridge (historical),,,31.203,-82.1954,BDG,GA,25,Brantley,Georgia Coast
4192004,Dowling Cemetery,,,31.08912,-81.92511,CMTY,GA,25,Brantley,Georgia Coast
4192005,Dowling Ford,,,31.2755,-82.07651,RDJCT,GA,25,Brantley,Georgia Coast
4192007,Dowlings Ferry Landing,,,31.27328,-82.05901,,GA,25,Brantley,Georgia Coast
4192061,Dreading Lake,,,31.29385,-81.90467,LK,GA,25,Brantley,Georgia Coast
4192102,Drurys Lake,,,31.28176,-81.86983,LK,GA,25,Brantley,Georgia Coast
4192203,Dubberly Landing,,,31.07939,-81.92761,,GA,25,Brantley,Georgia Coast
4192701,East Side Church,,,31.23689,-81.7815,CH,GA,25,Brantley,Georgia Coast
4194549,Felton Lake,,,31.1635,-81.85705,LK,GA,25,Brantley,Georgia Coast
4194553,Fendig,,,31.34022,-81.84039,PPL,GA,25,Brantley,Georgia Coast
4194665,Finger Lake,,,31.01773,-82.19485,LK,GA,25,Brantley,Georgia Coast
4194721,First African Church,,,31.24467,-81.77567,CH,GA,25,Brantley,Georgia Coast
4194753,First Baptist Church,,,31.20633,-81.9815,CH,GA,25,Brantley,Georgia Coast
4195228,Five Points Reach,,,31.2855,-81.91595,CHN,GA,25,Brantley,Georgia Coast
4195255,Flanders Shady Bluff,,,31.15773,-81.85817,CLF,GA,25,Brantley,Georgia Coast
4195373,Flat Wood Bluff Reach,,,31.26272,-81.86678,CHN,GA,25,Brantley,Georgia Coast
4195392,Flatwoods Bluff,,,31.26383,-81.86928,CLF,GA,25,Brantley,Georgia Coast
4195518,Flowers Island,,,31.33939,-81.76011,ISL,GA,25,Brantley,Georgia Coast
4195795,Forked Lake,,,31.2545,-81.86727,LK,GA,25,Brantley,Georgia Coast
4195798,Fort Camp Branch,,,31.22316,-82.07199,SWMP,GA,25,Brantley,Georgia Coast
4195849,Fort Mudge,,,31.06439,-82.18651,PPL,GA,25,Brantley,Georgia Coast
4196031,Fox Head,,,31.29661,-81.78317,SWMP,GA,25,Brantley,Georgia Coast
4196827,Gator Lake,,,31.16941,-81.87977,LK,GA,25,Brantley,Georgia Coast
4196830,Gator Slough,,,31.26383,-81.86456,INLT,GA,25,Brantley,Georgia Coast
4197060,Gibson Cemetery,,,31.23911,-81.78178,CMTY,GA,25,Brantley,Georgia Coast
4197759,Grace Church,,,31.16217,-81.99178,CH,GA,25,Brantley,Georgia Coast
4197955,Grayham Cemetery,,,31.29606,-81.76289,CMTY,GA,25,Brantley,Georgia Coast
4198581,Gum Slough,,,31.03967,-82.15123,INLT,GA,25,Brantley,Georgia Coast
4199084,Happy Hollow,,,31.25245,-81.85511,VAL,GA,25,Brantley,Georgia Coast
4199121,Happy Landing,,,31.16328,-81.8565,PPL,GA,25,Brantley,Georgia Coast
4199333,Harper Branch,,,31.28161,-81.869,STM,GA,25,Brantley,Georgia Coast
4199809,Heads Lake,,,31.24721,-81.85956,LK,GA,25,Brantley,Georgia Coast
4200280,Hickox,,,31.1505,-81.9965,PPL,GA,25,Brantley,Georgia Coast
4200281,Hickox Baptist Church,,,31.14967,-82.00067,CH,GA,25,Brantley,Georgia Coast
4200340,Higans Bluff,,,31.2155,-82.22429,CLF,GA,25,Brantley,Georgia Coast
4200357,High Bluff Church,,,31.15883,-82.18679,CH,GA,25,Brantley,Georgia Coast
4200461,Highsmith Cemetery,,,31.22939,-81.78206,CMTY,GA,25,Brantley,Georgia Coast
4200749,Hoboken,,,31.18106,-82.13484,PPL,GA,25,Brantley,Georgia Coast
4200750,Hoboken Baptist Church,,,31.18078,-82.13067,CH,GA,25,Brantley,Georgia Coast
4200751,Hoboken Elementary School,,,31.18693,-82.13024,SCH,GA,25,Brantley,Georgia Coast
4201166,Honey Bluff,,,31.23245,-81.86956,CLF,GA,25,Brantley,Georgia Coast
4201234,Hope Chapel,,,31.22189,-81.85206,CH,GA,25,Brantley,Georgia Coast
4201443,Hortense,,,31.33661,-81.95623,PPL,GA,25,Brantley,Georgia Coast
4201444,Hortense Church,,,31.338,-81.95261,CH,GA,25,Brantley,Georgia Coast
4201445,Hortense Memorial Church,,,31.32939,-81.93761,CH,GA,25,Brantley,Georgia Coast
4201446,Hortense Post Office,,,31.33689,-81.95595,PO,GA,25,Brantley,Georgia Coast
4201720,Humpback Bridge,,,31.31355,-81.98178,BDG,GA,25,Brantley,Georgia Coast
4202029,Indian Swamp,,,31.24208,-82.06524,SWMP,GA,25,Brantley,Georgia Coast
4202030,Indian Swamp,,,31.27989,-81.98646,SWMP,GA,25,Brantley,Georgia Coast
4202437,Jackson Cemetery,,,31.15245,-81.80817,CMTY,GA,25,Brantley,Georgia Coast
4202609,Jardine Bay,,,31.23246,-81.9539,SWMP,GA,25,Brantley,Georgia Coast
4202943,Johns Pond,,,31.05661,-82.14845,LK,GA,25,Brantley,Georgia Coast
4203434,Julia Lake,,,31.20217,-81.86595,LK,GA,25,Brantley,Georgia Coast
4203456,Jumping Bluff,,,31.20411,-82.18262,CLF,GA,25,Brantley,Georgia Coast
4203895,King School (historical),,,31.16967,-81.84539,SCH,GA,25,Brantley,Georgia Coast
4203947,Kings Bay,,,31.11626,-81.84825,SWMP,GA,25,Brantley,Georgia Coast
4203975,Kings Lake,,,31.14828,-81.86845,LK,GA,25,Brantley,Georgia Coast
4203997,Kings Suck,,,31.13273,-81.86511,SWMP,GA,25,Brantley,Georgia Coast
4204093,Kitchens Landing,,,31.04189,-82.22485,,GA,25,Brantley,Georgia Coast
4204118,Kneeknocker Swamp,,,31.23411,-82.02762,SWMP,GA,25,Brantley,Georgia Coast
4204170,Knox Cemetery,,,31.15439,-81.90289,CMTY,GA,25,Brantley,Georgia Coast
4204421,Lake Floree,,,31.19189,-82.23096,RSV,GA,25,Brantley,Georgia Coast
4204422,Lake Floree Dam,,,31.19411,-82.23096,DAM,GA,25,Brantley,Georgia Coast
4204748,Lake Wendi,,,31.20454,-82.26698,RSV,GA,25,Brantley,Georgia Coast
4204954,Lane Cemetery,,,31.278,-81.84233,CMTY,GA,25,Brantley,Georgia Coast
4205496,Lewis Cemetery,,,31.26689,-81.97928,CMTY,GA,25,Brantley,Georgia Coast
4205804,Linda Plantation,,,31.14356,-81.86233,,GA,25,Brantley,Georgia Coast
4205972,Little Buffalo Church,,,31.15773,-81.94984,CH,GA,25,Brantley,Georgia Coast
4205973,Little Buffalo Creek,,,31.14828,-81.97373,STM,GA,25,Brantley,Georgia Coast
4206210,Little Oak Grove Church,,,31.23217,-82.12429,CH,GA,25,Brantley,Georgia Coast
4206223,Little Okefenokee Swamp,,,31.0175,-82.08669,SWMP,GA,25,Brantley,Georgia Coast
4206284,Little Rock Church,,,31.23217,-81.76594,CH,GA,25,Brantley,Georgia Coast
4206321,Little Satilla School (historical),,,31.17967,-81.80261,SCH,GA,25,Brantley,Georgia Coast
4206701,Long Lake,,,31.16922,-81.87242,LK,GA,25,Brantley,Georgia Coast
4206702,Long Lake,,,31.25843,-81.86635,LK,GA,25,Brantley,Georgia Coast
4206801,Lord King Bluff,,,31.16273,-81.85595,CLF,GA,25,Brantley,Georgia Coast
4206997,Lower Hog Pen,,,31.09439,-81.91206,STMB,GA,25,Brantley,Georgia Coast
4207106,Lulaton,,,31.21578,-81.90372,PPL,GA,25,Brantley,Georgia Coast
4207107,Lulaton Baptist Church,,,31.21578,-81.90039,CH,GA,25,Brantley,Georgia Coast
4207288,Macedonia Church,,,31.25633,-81.89789,CH,GA,25,Brantley,Georgia Coast
4207682,Manson (historical),,,31.3405,-81.97789,PPLQ,GA,25,Brantley,Georgia Coast
4207716,Maple Suck,,,31.2855,-81.94984,SWMP,GA,25,Brantley,Georgia Coast
4207730,Marantha Church,,,31.20772,-82.27568,CH,GA,25,Brantley,Georgia Coast
4207925,Martin Cemetery,,,31.16606,-82.14679,CMTY,GA,25,Brantley,Georgia Coast
4208169,Maul Hammock Prairie,,,31.02606,-82.23429,SWMP,GA,25,Brantley,Georgia Coast
4208356,McCool Cemetery,,,31.32634,-81.77233,CMTY,GA,25,Brantley,Georgia Coast
4208540,McIntosh Bend,,,31.25356,-81.86372,STMB,GA,25,Brantley,Georgia Coast
4208548,McIntosh Creek,,,31.25245,-81.8565,STM,GA,25,Brantley,Georgia Coast
4208918,Menor School (historical),,,31.30439,-81.97817,SCH,GA,25,Brantley,Georgia Coast
4209282,Mill Branch,,,31.3155,-81.89428,STM,GA,25,Brantley,Georgia Coast
4209323,Mill Creek,,,31.18106,-81.88122,STM,GA,25,Brantley,Georgia Coast
4209324,Mill Creek,,,31.18994,-82.19012,STM,GA,25,Brantley,Georgia Coast
4209565,Millpond Branch,,,31.22661,-82.10928,SWMP,GA,25,Brantley,Georgia Coast
4209643,Mineral Branch,,,31.32689,-81.75678,STM,GA,25,Brantley,Georgia Coast
4210021,Moore Cemetery,,,31.22439,-82.13095,CMTY,GA,25,Brantley,Georgia Coast
4210453,Mount Calvary Church,,,31.1505,-82.15234,CH,GA,25,Brantley,Georgia Coast
4210746,Mount Olive Cemetery,,,31.28939,-81.75761,CMTY,GA,25,Brantley,Georgia Coast
4211207,Mount Zion Church,,,31.25078,-81.96373,CH,GA,25,Brantley,Georgia Coast
4211494,Mouth of the Branch Landing,,,31.31633,-81.93095,,GA,25,Brantley,Georgia Coast
4211495,Mouth of the Swamp Landing,,,31.28383,-81.94928,,GA,25,Brantley,Georgia Coast
4211775,Nahunta,,,31.20439,-81.98123,PPLA2,GA,25,Brantley,Georgia Coast
4211776,Nahunta City Hall,,,31.20245,-81.98261,BLDG,GA,25,Brantley,Georgia Coast
4211777,Nahunta Post Office,,,31.20661,-81.98095,PO,GA,25,Brantley,Georgia Coast
4211778,Nahunta Elementary School,,,31.19279,-81.98434,SCH,GA,25,Brantley,Georgia Coast
4211907,Needmore,,,31.33355,-81.90011,PPL,GA,25,Brantley,Georgia Coast
4212260,New Hope Church,,,31.15356,-81.99734,CH,GA,25,Brantley,Georgia Coast
4212261,New Hope Church,,,31.19078,-82.24957,CH,GA,25,Brantley,Georgia Coast
4213464,Oak Grove Church,,,31.26744,-82.00678,CH,GA,25,Brantley,Georgia Coast
4213527,Oak Grove Church (historical),,,31.30467,-81.87011,CH,GA,25,Brantley,Georgia Coast
4213588,Oak Hill Church,,,31.19328,-82.19929,CH,GA,25,Brantley,Georgia Coast
4213659,Oak Suck,,,31.27522,-82.0315,SWMP,GA,25,Brantley,Georgia Coast
4214205,Old Time Church,,,31.22995,-81.7815,CH,GA,25,Brantley,Georgia Coast
4214351,Oquin Bluff,,,31.05939,-81.93761,CLF,GA,25,Brantley,Georgia Coast
4214590,Page Branch,,,31.3255,-81.90234,STM,GA,25,Brantley,Georgia Coast
4214651,Palmetto South Church,,,31.17412,-81.79872,CH,GA,25,Brantley,Georgia Coast
4215689,Pierce Chapel,,,31.14022,-82.17929,CH,GA,25,Brantley,Georgia Coast
4215782,Pilgrims Rest Church,,,31.21161,-81.80817,CH,GA,25,Brantley,Georgia Coast
4215806,Pine Bloom School (historical),,,31.16856,-81.95734,SCH,GA,25,Brantley,Georgia Coast
4216762,Pleasant Valley Church,,,31.20022,-82.25318,CH,GA,25,Brantley,Georgia Coast
4216897,Pollys Lake,,,31.29152,-81.90425,LK,GA,25,Brantley,Georgia Coast
4217072,Popwellville,,,31.31606,-81.74511,PPL,GA,25,Brantley,Georgia Coast
4217468,Prosperity,,,31.21078,-81.93706,PPL,GA,25,Brantley,Georgia Coast
4217791,Radfords Bluff,,,31.12662,-81.87345,CLF,GA,25,Brantley,Georgia Coast
4217944,Rattlesnake Bridge (historical),,,31.27133,-82.10401,BDG,GA,25,Brantley,Georgia Coast
4217959,Raulerson Swamp,,,31.26123,-82.08793,SWMP,GA,25,Brantley,Georgia Coast
4217996,Raybon Church,,,31.26633,-81.97928,CH,GA,25,Brantley,Georgia Coast
4217997,Raybon Church,,,31.24439,-81.97095,CH,GA,25,Brantley,Georgia Coast
4219050,Riverside Church,,,31.07912,-81.93928,CH,GA,25,Brantley,Georgia Coast
4219102,Riverview School (historical),,,31.15689,-81.85511,SCH,GA,25,Brantley,Georgia Coast
4219232,Robinson Hammock,,,31.29189,-81.8715,ISL,GA,25,Brantley,Georgia Coast
4219254,Robinson Hammock Bluff,,,31.29189,-81.87511,CLF,GA,25,Brantley,Georgia Coast
4219899,Rosin Landing,,,31.29883,-81.87511,,GA,25,Brantley,Georgia Coast
4219983,Round Lake,,,31.25548,-81.86474,LK,GA,25,Brantley,Georgia Coast
4221065,Salter,,,31.14551,-81.79067,PPL,GA,25,Brantley,Georgia Coast
4221174,Sand Slough Bridge (historical),,,31.20633,-82.19401,BDG,GA,25,Brantley,Georgia Coast
4221215,Sandhill Church,,,31.12578,-81.86261,CH,GA,25,Brantley,Georgia Coast
4221304,Sandy Lake,,,31.18418,-81.87264,LK,GA,25,Brantley,Georgia Coast
4221355,Santee Lake,,,31.10607,-81.90606,LK,GA,25,Brantley,Georgia Coast
4221502,Satilla Cemetery,,,31.3405,-81.98706,CMTY,GA,25,Brantley,Georgia Coast
4221508,Satilla Creek,,,31.31383,-81.98206,STM,GA,25,Brantley,Georgia Coast
4221517,Satilla Swamp,,,31.24272,-81.88233,SWMP,GA,25,Brantley,Georgia Coast
4221655,Schlatterville,,,31.17217,-82.19984,PPL,GA,25,Brantley,Georgia Coast
4221826,Seals Bay,,,31.24134,-81.83317,BAY,GA,25,Brantley,Georgia Coast
4221827,Seals Branch,,,31.24495,-81.85983,STM,GA,25,Brantley,Georgia Coast
4223084,Sloan Hill Church,,,31.34411,-81.93261,CH,GA,25,Brantley,Georgia Coast
4223345,Smyrna Church,,,31.23884,-81.889,CH,GA,25,Brantley,Georgia Coast
4223680,South Prong Big Creek,,,31.17022,-82.18457,STM,GA,25,Brantley,Georgia Coast
4223902,Spell Landing,,,31.3055,-81.90289,,GA,25,Brantley,Georgia Coast
4224048,Spring Hill Cemetery,,,31.23244,-82.12401,CMTY,GA,25,Brantley,Georgia Coast
4224109,Spring Lake,,,31.1305,-81.88261,LK,GA,25,Brantley,Georgia Coast
4224119,Spring Lake,,,31.29772,-81.90178,LK,GA,25,Brantley,Georgia Coast
4224641,Still Lake,,,31.05051,-81.93761,SWMP,GA,25,Brantley,Georgia Coast
4224899,Strickland Bluff,,,31.28272,-81.91789,CLF,GA,25,Brantley,Georgia Coast
4224915,Strickland Lake Dam,,,31.26522,-81.9715,DAM,GA,25,Brantley,Georgia Coast
4224919,Strickland Landing,,,31.28606,-81.90734,,GA,25,Brantley,Georgia Coast
4224920,Strickland Landing,,,31.303,-81.88928,,GA,25,Brantley,Georgia Coast
4224927,Strickland School (historical),,,31.26356,-81.90178,SCH,GA,25,Brantley,Georgia Coast
4224932,Stricklands Reach,,,31.288,-81.91095,CHN,GA,25,Brantley,Georgia Coast
4225566,Tabernacle Camp Ground,,,31.33216,-81.96039,CMP,GA,25,Brantley,Georgia Coast
4225834,Taylor Branch,,,31.29633,-81.86511,STM,GA,25,Brantley,Georgia Coast
4225836,Taylor Branch,,,31.29661,-81.87595,STM,GA,25,Brantley,Georgia Coast
4226079,Teston Lake,,,31.0828,-81.92705,LK,GA,25,Brantley,Georgia Coast
4226248,Thift Cemetery,,,31.2005,-82.16623,CMTY,GA,25,Brantley,Georgia Coast
4226275,Thomas Cemetery,,,31.19078,-82.25096,CMTY,GA,25,Brantley,Georgia Coast
4226494,Thrift Cemetery,,,31.20022,-82.16623,CMTY,GA,25,Brantley,Georgia Coast
4226565,Tiger Bay,,,31.14881,-82.06407,SWMP,GA,25,Brantley,Georgia Coast
4227187,Trudie,,,31.30022,-81.96428,PPL,GA,25,Brantley,Georgia Coast
4227568,Twin Rivers Church,,,31.30967,-81.95289,CH,GA,25,Brantley,Georgia Coast
4228583,WACL-FM (Waycross),,,31.15634,-81.97178,TOWR,GA,25,Brantley,Georgia Coast
4228616,WBGA-FM (Waycross),,,31.15384,-81.9665,TOWR,GA,25,Brantley,Georgia Coast
4228630,WBSG-TV (Brunswick),,,31.13967,-81.93734,TOWR,GA,25,Brantley,Georgia Coast
4229802,Waynesville,,,31.22939,-81.78928,PPL,GA,25,Brantley,Georgia Coast
4229803,Waynesville Church,,,31.22939,-81.78428,CH,GA,25,Brantley,Georgia Coast
4229804,Waynesville Post Office,,,31.22939,-81.78678,PO,GA,25,Brantley,Georgia Coast
4229969,Well Branch,,,31.31772,-81.73733,STM,GA,25,Brantley,Georgia Coast
4230563,Whitaker Hill Cemetery,,,31.31217,-81.73317,CMTY,GA,25,Brantley,Georgia Coast
4230652,White Oak Hammock,,,31.02328,-82.08956,ISL,GA,25,Brantley,Georgia Coast
4230701,White School (historical),,,31.13217,-81.92789,SCH,GA,25,Brantley,Georgia Coast
4230893,Wiggens Cemetery,,,31.23495,-81.784,CMTY,GA,25,Brantley,Georgia Coast
4231158,Williams Cut,,,31.21744,-82.26707,CHN,GA,25,Brantley,Georgia Coast
4231908,Woodwards Bridge (historical),,,31.22133,-82.26485,BDG,GA,25,Brantley,Georgia Coast
4232333,Zetser Hammock,,,31.29383,-81.81817,ISL,GA,25,Brantley,Georgia Coast
4179524,Alligator Bay,,,32.01882,-81.59872,SWMP,GA,29,Bryan,Georgia Coast
4179777,Anderson Temple,,,32.13104,-81.4865,CH,GA,29,Bryan,Georgia Coast
4180392,Athens Church,,,32.13909,-81.53622,CH,GA,29,Bryan,Georgia Coast
4181595,Beautiful Zion Cemetery,,,32.16214,-81.69289,CMTY,GA,29,Bryan,Georgia Coast
4181596,Beautiful Zion Church,,,32.15159,-81.66956,CH,GA,29,Bryan,Georgia Coast
4181815,Belfast River,,,31.79827,-81.27788,STM,GA,29,Bryan,Georgia Coast
4181816,Belfast,,,31.82438,-81.29177,PPL,GA,29,Bryan,Georgia Coast
4181859,Belle Isle,,,31.76244,-81.22038,ISL,GA,29,Bryan,Georgia Coast
4182534,Bethlehem Cemetery,,,31.95243,-81.31483,CMTY,GA,29,Bryan,Georgia Coast
4182687,Beulah Church,,,32.10826,-81.58372,CH,GA,29,Bryan,Georgia Coast
4183070,Billie Pond,,,32.14222,-81.76589,RSV,GA,29,Bryan,Georgia Coast
4183118,Bird Cemetery,,,32.13604,-81.46289,CMTY,GA,29,Bryan,Georgia Coast
4183197,Black Creek,,,32.12826,-81.40789,STM,GA,29,Bryan,Georgia Coast
4183210,Black Creek Church,,,32.16159,-81.48872,CH,GA,29,Bryan,Georgia Coast
4183214,Black Creek School,,,32.1652,-81.49011,SCH,GA,29,Bryan,Georgia Coast
4183215,Black Creek School (historical),,,32.15937,-81.50317,SCH,GA,29,Bryan,Georgia Coast
4183427,Blitch Cemetery,,,32.19798,-81.44039,CMTY,GA,29,Bryan,Georgia Coast
4183429,Blitchon Church,,,32.19381,-81.42956,CH,GA,29,Bryan,Georgia Coast
4183430,Blitchton,,,32.19715,-81.43789,PPL,GA,29,Bryan,Georgia Coast
4183724,Boggy Head Bay,,,32.02854,-81.55456,SWMP,GA,29,Bryan,Georgia Coast
4183725,Boggy Pond,,,32.10159,-81.61067,LK,GA,29,Bryan,Georgia Coast
4183726,Boggy Pond,,,32.12287,-81.5659,SWMP,GA,29,Bryan,Georgia Coast
4183807,Bonnet Bay,,,32.04937,-81.59011,SWMP,GA,29,Bryan,Georgia Coast
4183992,Boyds Temple,,,32.15659,-81.499,CH,GA,29,Bryan,Georgia Coast
4184090,Bragg Cemetery,,,31.97771,-81.37983,CMTY,GA,29,Bryan,Georgia Coast
4184374,Brier Bay,,,32.04826,-81.54789,SWMP,GA,29,Bryan,Georgia Coast
4184386,Briggs Cemetery,,,31.97521,-81.39206,CMTY,GA,29,Bryan,Georgia Coast
4184420,Brisbon,,,31.91715,-81.30622,PPL,GA,29,Bryan,Georgia Coast
4184895,Bryan Bay,,,32.15353,-81.704,SWMP,GA,29,Bryan,Georgia Coast
4184897,Brushy Island,,,32.11437,-81.66428,ISL,GA,29,Bryan,Georgia Coast
4184899,Bryan County,,,32.01322,-81.44247,ADM2,GA,29,Bryan,Georgia Coast
4184900,Bryan County Church,,,32.19159,-81.51706,CH,GA,29,Bryan,Georgia Coast
4184901,Bryan County High School,,,32.14936,-81.60939,SCH,GA,29,Bryan,Georgia Coast
4184902,Bryan County Middle School,,,32.14935,-81.60828,SCH,GA,29,Bryan,Georgia Coast
4184914,Bryan Neck (historical),,,31.92521,-81.30539,PPLQ,GA,29,Bryan,Georgia Coast
4184915,Bryan Neck Cemetery,,,31.87105,-81.26038,CMTY,GA,29,Bryan,Georgia Coast
4184916,Bryan Neck Church,,,31.87105,-81.25927,CH,GA,29,Bryan,Georgia Coast
4184917,Bryan Neck Church,,,31.84188,-81.26122,CH,GA,29,Bryan,Georgia Coast
4184918,Bryan Neck Church,,,31.9266,-81.30733,CH,GA,29,Bryan,Georgia Coast
4184919,Bryan Normal Institute (historical),,,32.13992,-81.62178,SCH,GA,29,Bryan,Georgia Coast
4185336,Burnt Church Cemetery,,,31.87855,-81.26177,CMTY,GA,29,Bryan,Georgia Coast
4185462,Butlers Bridge (historical),,,31.9927,-81.599,BDG,GA,29,Bryan,Georgia Coast
4185473,Buttermilk Sound,,,31.81827,-81.3165,BAY,GA,29,Bryan,Georgia Coast
4185757,Calvary Church,,,31.90882,-81.36261,CH,GA,29,Bryan,Georgia Coast
4186067,Campground Cemetery,,,32.14243,-81.49289,CMTY,GA,29,Bryan,Georgia Coast
4186152,Caney Bay,,,32.07465,-81.54595,SWMP,GA,29,Bryan,Georgia Coast
4186208,Canoochee River,,,31.98187,-81.309,STM,GA,29,Bryan,Georgia Coast
4187603,Cherry Hill Cemetery,,,31.93604,-81.28539,CMTY,GA,29,Bryan,Georgia Coast
4187903,Church of Christ,,,31.93354,-81.38511,CH,GA,29,Bryan,Georgia Coast
4188417,Clifton Bluff,,,32.05742,-81.64845,CLF,GA,29,Bryan,Georgia Coast
4188513,Clyde,,,32.01076,-81.40872,,GA,29,Bryan,Georgia Coast
4188514,Clyde Cemetery,,,32.01187,-81.40622,CMTY,GA,29,Bryan,Georgia Coast
4188515,Clyde Creek,,,31.98743,-81.34178,STM,GA,29,Bryan,Georgia Coast
4189451,Corinth Cemetery,,,32.01076,-81.52233,CMTY,GA,29,Bryan,Georgia Coast
4189471,Corinth Church,,,31.82855,-81.25566,CH,GA,29,Bryan,Georgia Coast
4189500,Corinth Church (historical),,,32.01076,-81.52206,CH,GA,29,Bryan,Georgia Coast
4189590,Cottonham (historical),,,31.86994,-81.17761,PPLQ,GA,29,Bryan,Georgia Coast
4190138,Cross Bay,,,32.1002,-81.52345,SWMP,GA,29,Bryan,Georgia Coast
4190325,Cubbage Creek,,,31.77244,-81.19983,STM,GA,29,Bryan,Georgia Coast
4190326,Cubbage Island,,,31.76772,-81.21483,ISL,GA,29,Bryan,Georgia Coast
4190469,Cypress Bay,,,32.09881,-81.54039,SWMP,GA,29,Bryan,Georgia Coast
4190470,Cypress Bay Church,,,32.12187,-81.54233,CH,GA,29,Bryan,Georgia Coast
4190650,Daniel,,,31.91382,-81.36428,PPL,GA,29,Bryan,Georgia Coast
4190661,Daniel Church,,,31.91327,-81.36344,CH,GA,29,Bryan,Georgia Coast
4191290,Demeries Creek,,,31.75772,-81.25649,STM,GA,29,Bryan,Georgia Coast
4191591,Dixie Daniel School,,,31.92938,-81.37817,SCH,GA,29,Bryan,Georgia Coast
4192074,Driggers Cemetery,,,31.97854,-81.38011,CMTY,GA,29,Bryan,Georgia Coast
4192435,Dutchman Bay,,,31.79494,-81.27899,BAY,GA,29,Bryan,Georgia Coast
4193032,Edwards Rocks,,,32.08409,-81.689,BAR,GA,29,Bryan,Georgia Coast
4193115,Elbow Swamp,,,31.90247,-81.31792,SWMP,GA,29,Bryan,Georgia Coast
4193208,Ellabell,,,32.12354,-81.48567,PPL,GA,29,Bryan,Georgia Coast
4193209,Ellabell Church,,,32.12548,-81.48928,CH,GA,29,Bryan,Georgia Coast
4193848,Exit 14,,,31.9266,-81.33067,RDJCT,GA,29,Bryan,Georgia Coast
4193851,Exit 15,,,31.96021,-81.329,RDJCT,GA,29,Bryan,Georgia Coast
4193915,Exit 29,,,32.18131,-81.46039,RDJCT,GA,29,Bryan,Georgia Coast
4194381,Fancy Hall,,,31.76883,-81.24483,PPL,GA,29,Bryan,Georgia Coast
4194382,Fancy Hall Creek,,,31.75383,-81.23844,STM,GA,29,Bryan,Georgia Coast
4194755,First Baptist Church,,,32.13853,-81.62372,CH,GA,29,Bryan,Georgia Coast
4195508,Florida Passage,,,31.84077,-81.15288,CHN,GA,29,Bryan,Georgia Coast
4195835,Fort McAllister,,,31.89077,-81.19594,PPL,GA,29,Bryan,Georgia Coast
4196862,Genesis Point,,,31.89077,-81.19594,CAPE,GA,29,Bryan,Georgia Coast
4196910,Doctor George Washington Carver Elementary School,,,31.93704,-81.31223,SCH,GA,29,Bryan,Georgia Coast
4196913,Georges Branch,,,32.18076,-81.53567,STM,GA,29,Bryan,Georgia Coast
4198037,Green Bay Cemetery,,,31.9866,-81.48206,CMTY,GA,29,Bryan,Georgia Coast
4198501,Groveland,,,32.14436,-81.74567,PPL,GA,29,Bryan,Georgia Coast
4198506,Groveland Cemetery,,,32.14214,-81.74261,CMTY,GA,29,Bryan,Georgia Coast
4198676,Haarley Lake,,,32.13294,-81.49452,RSV,GA,29,Bryan,Georgia Coast
4200577,Hilliard Island,,,32.03159,-81.57595,ISL,GA,29,Bryan,Georgia Coast
4201116,Holy Church,,,32.15909,-81.63456,CH,GA,29,Bryan,Georgia Coast
4201118,Holy Church of God,,,31.90188,-81.36761,CH,GA,29,Bryan,Georgia Coast
4202757,Jerico River,,,31.82021,-81.32066,STM,GA,29,Bryan,Georgia Coast
4202772,Jerusalem Church,,,32.1477,-81.744,CH,GA,29,Bryan,Georgia Coast
4203122,Jones Bay,,,32.00882,-81.56372,SWMP,GA,29,Bryan,Georgia Coast
4203211,Jones Hammock Creek,,,31.73466,-81.19482,STM,GA,29,Bryan,Georgia Coast
4203563,Keller,,,31.84327,-81.25372,PPL,GA,29,Bryan,Georgia Coast
4203809,Kilkenny,,,31.79022,-81.20316,,GA,29,Bryan,Georgia Coast
4203810,Kilkenny Bluff,,,31.78911,-81.20316,CLF,GA,29,Bryan,Georgia Coast
4203811,Kilkenny Creek,,,31.77383,-81.17371,STM,GA,29,Bryan,Georgia Coast
4204539,Lake Lorraine Dam,,,32.1402,-81.49483,DAM,GA,29,Bryan,Georgia Coast
4205006,Lanier,,,32.12992,-81.53678,PPL,GA,29,Bryan,Georgia Coast
4205011,Lanier Church,,,32.13104,-81.5365,CH,GA,29,Bryan,Georgia Coast
4205018,Lanier Elementary School,,,32.14298,-81.52733,SCH,GA,29,Bryan,Georgia Coast
4205473,Letford,,,32.03881,-81.60122,PPL,GA,29,Bryan,Georgia Coast
4205577,Liberty Church,,,32.20103,-81.43872,CH,GA,29,Bryan,Georgia Coast
4205784,Lincoln Creek,,,31.77911,-81.19094,STM,GA,29,Bryan,Georgia Coast
4205791,Lincoln Landing,,,31.7755,-81.20677,,GA,29,Bryan,Georgia Coast
4206012,Little Creek,,,32.13437,-81.42095,STM,GA,29,Bryan,Georgia Coast
4206068,Little Creek School (historical),,,32.04826,-81.55511,SCH,GA,29,Bryan,Georgia Coast
4206072,Little Creek Cemetery,,,32.04854,-81.55483,CMTY,GA,29,Bryan,Georgia Coast
4206836,Lost Swamp,,,31.97077,-81.30557,SWMP,GA,29,Bryan,Georgia Coast
4207035,Lower Black Creek Church,,,32.16687,-81.48844,CH,GA,29,Bryan,Georgia Coast
4207289,Macedonia Church,,,32.13409,-81.46067,CH,GA,29,Bryan,Georgia Coast
4207527,Magnolia Spring,,,32.15242,-81.76511,SPNG,GA,29,Bryan,Georgia Coast
4207575,Malden Branch,,,32.01076,-81.53872,STM,GA,29,Bryan,Georgia Coast
4208809,Medway River,,,31.71661,-81.17732,STM,GA,29,Bryan,Georgia Coast
4208812,Medway Spit,,,31.71939,-81.1776,BAR,GA,29,Bryan,Georgia Coast
4209063,Middle Ground School (historical),,,32.02854,-81.50456,SCH,GA,29,Bryan,Georgia Coast
4209211,Midway School (historical),,,32.12825,-81.70567,SCH,GA,29,Bryan,Georgia Coast
4209252,Miles Branch,,,32.2102,-81.4215,STM,GA,29,Bryan,Georgia Coast
4209253,Miles Branch Church,,,32.19103,-81.4365,CH,GA,29,Bryan,Georgia Coast
4209254,Miles Branch School (historical),,,32.19048,-81.4365,SCH,GA,29,Bryan,Georgia Coast
4209325,Mill Creek,,,32.13993,-81.45817,STM,GA,29,Bryan,Georgia Coast
4209391,Mill Creek Bay,,,32.18187,-81.56733,SWMP,GA,29,Bryan,Georgia Coast
4209395,Mill Creek Church,,,32.15687,-81.49844,CH,GA,29,Bryan,Georgia Coast
4209410,Mill Creek School,,,32.15242,-81.50817,SCH,GA,29,Bryan,Georgia Coast
4209989,Moodys Bridge,,,32.09909,-81.72872,BDG,GA,29,Bryan,Georgia Coast
4210061,Moores Bridge,,,32.14853,-81.7815,BDG,GA,29,Bryan,Georgia Coast
4210679,Mount Moriah Church,,,32.13353,-81.62956,CH,GA,29,Bryan,Georgia Coast
4211585,Mule Pen Landing,,,32.09187,-81.71484,,GA,29,Bryan,Georgia Coast
4211750,Myrtle Grove,,,31.88466,-81.24566,PPL,GA,29,Bryan,Georgia Coast
4213142,North Side Cemetery,,,32.14437,-81.62206,CMTY,GA,29,Bryan,Georgia Coast
4213227,Northside Church,,,32.1577,-81.629,CH,GA,29,Bryan,Georgia Coast
4213542,Oak Grove School (historical),,,32.08965,-81.6465,SCH,GA,29,Bryan,Georgia Coast
4213619,Oak Level,,,31.85577,-81.22511,PPL,GA,29,Bryan,Georgia Coast
4213907,Ogeechee Neck,,,31.89549,-81.31094,AREA,GA,29,Bryan,Georgia Coast
4214250,Olive Branch Church,,,32.19992,-81.49011,CH,GA,29,Bryan,Georgia Coast
4214436,Otter Hole Branch,,,32.08742,-81.69039,STM,GA,29,Bryan,Georgia Coast
4214927,Patrick Bay,,,32.1727,-81.58594,SWMP,GA,29,Bryan,Georgia Coast
4214955,Patterson Cemetery,,,31.90854,-81.27594,CMTY,GA,29,Bryan,Georgia Coast
4215251,Pembroke,,,32.13634,-81.62348,PPLA2,GA,29,Bryan,Georgia Coast
4215252,Pembroke United Methodist Church,,,32.13742,-81.62122,CH,GA,29,Bryan,Georgia Coast
4216651,Pleasant Hill Church,,,34.96285,-85.27968,CH,GA,29,Bryan,Georgia Coast
4217065,Poplar Swamp,,,31.88485,-81.29043,SWMP,GA,29,Bryan,Georgia Coast
4217073,Port Royal,,,31.90382,-81.29566,PPL,GA,29,Bryan,Georgia Coast
4217074,Port Royal School (historical),,,31.89327,-81.30039,SCH,GA,29,Bryan,Georgia Coast
4217620,Purvis School (historical),,,32.20242,-81.55094,SCH,GA,29,Bryan,Georgia Coast
4217737,Rabbit Hill,,,31.90632,-81.26928,PPL,GA,29,Bryan,Georgia Coast
4217762,Raccoon Branch,,,31.89243,-81.39261,STM,GA,29,Bryan,Georgia Coast
4217763,Rabbit Hill School (historical),,,31.90604,-81.26844,SCH,GA,29,Bryan,Georgia Coast
4218171,Redbird Creek,,,31.84244,-81.15483,STM,GA,29,Bryan,Georgia Coast
4218423,Reka,,,32.13936,-81.67733,PPL,GA,29,Bryan,Georgia Coast
4218558,Retreat Creek,,,31.75605,-81.23594,STM,GA,29,Bryan,Georgia Coast
4218752,Richmond Hill,,,31.93827,-81.30344,PPL,GA,29,Bryan,Georgia Coast
4218753,Richmond Hill Cemetery,,,31.91688,-81.35011,CMTY,GA,29,Bryan,Georgia Coast
4218754,Richmond Hill Cemetery,,,31.9216,-81.27733,CMTY,GA,29,Bryan,Georgia Coast
4218755,Richmond Hill Church,,,31.95549,-81.32206,CH,GA,29,Bryan,Georgia Coast
4218757,Richmond Hill Elementary School,,,31.93936,-81.30789,SCH,GA,29,Bryan,Georgia Coast
4218758,Richmond Hill High School,,,31.92564,-81.31631,SCH,GA,29,Bryan,Georgia Coast
4218759,Richmond Hill Plantation,,,31.92521,-81.27539,,GA,29,Bryan,Georgia Coast
4219077,Riverside School (historical),,,31.96993,-81.54789,SCH,GA,29,Bryan,Georgia Coast
4220317,Saint Annes Church,,,31.94104,-81.30594,CH,GA,29,Bryan,Georgia Coast
4220721,Saint Paul Church,,,32.17631,-81.46789,CH,GA,29,Bryan,Georgia Coast
4221548,Savage Creek,,,31.97298,-81.48289,STM,GA,29,Bryan,Georgia Coast
4221551,Savage Island,,,31.88271,-81.17955,ISL,GA,29,Bryan,Georgia Coast
4222300,Shed Island,,,31.88549,-81.16455,ISL,GA,29,Bryan,Georgia Coast
4222854,Simmons Point,,,32.07659,-81.679,CLF,GA,29,Bryan,Georgia Coast
4223014,Skipper Narrows,,,31.83911,-81.16705,CHN,GA,29,Bryan,Georgia Coast
4223814,Southward,,,32.14131,-81.70345,PPL,GA,29,Bryan,Georgia Coast
4224385,Starr Creek,,,31.79022,-81.26566,STM,GA,29,Bryan,Georgia Coast
4224543,Sterling Creek,,,31.91771,-81.2665,STM,GA,29,Bryan,Georgia Coast
4224563,Stevens Grove Cemetery,,,32.16937,-81.599,CMTY,GA,29,Bryan,Georgia Coast
4224565,Stevens Grove School (historical),,,32.16687,-81.61289,SCH,GA,29,Bryan,Georgia Coast
4224882,Strathy Hall Cemetery,,,31.90354,-81.2565,CMTY,GA,29,Bryan,Georgia Coast
4225387,Sweet Hill,,,31.84855,-81.24233,PPL,GA,29,Bryan,Georgia Coast
4225388,Sweet Hill Creek,,,31.83827,-81.26649,STM,GA,29,Bryan,Georgia Coast
4226686,Tivoli River,,,31.80077,-81.27733,STM,GA,29,Bryan,Georgia Coast
4226690,Tivoli River Bridge,,,31.84021,-81.2665,BDG,GA,29,Bryan,Georgia Coast
4228920,WRHQ-FM (Richmond Hill),,,31.88355,-81.24261,TOWR,GA,29,Bryan,Georgia Coast
4228987,WVAN-TV (Savannah),,,32.14687,-81.61789,TOWR,GA,29,Bryan,Georgia Coast
4231580,Wise Cemetery,,,32.0041,-81.40317,CMTY,GA,29,Bryan,Georgia Coast
4179044,Abraham Point,,,30.91079,-81.46176,CAPE,GA,39,Camden,Georgia Coast
4179230,African Island,,,30.94496,-81.56399,ISL,GA,39,Camden,Georgia Coast
4179249,Admirals Walk,,,30.76551,-81.54732,PPLX,GA,39,Camden,Georgia Coast
4179504,Allens Ferry,,,30.98717,-81.91706,,GA,39,Camden,Georgia Coast
4179508,Allens Mill (historical),,,30.78718,-81.79205,,GA,39,Camden,Georgia Coast
4180206,Armstrong Creek,,,30.91995,-81.82511,BAY,GA,39,Camden,Georgia Coast
4180761,Bailey Cut,,,30.99246,-81.5651,CHN,GA,39,Camden,Georgia Coast
4180770,Bailey Swamp,,,31.1419,-81.74011,SWMP,GA,39,Camden,Georgia Coast
4180773,Baileys Mill Cemetery,,,30.92245,-81.82205,CMTY,GA,39,Camden,Georgia Coast
4180945,Balls Branch,,,30.88023,-81.71483,SWMP,GA,39,Camden,Georgia Coast
4181075,Barkers Swamp,,,31.07932,-81.67889,SWMP,GA,39,Camden,Georgia Coast
4181157,Barrel Head Swamp,,,30.92945,-81.58325,SWMP,GA,39,Camden,Georgia Coast
4181424,Beach Creek,,,30.72746,-81.47704,STM,GA,39,Camden,Georgia Coast
4181465,Bear Bay,,,30.91412,-81.63177,SWMP,GA,39,Camden,Georgia Coast
4181520,Bear Island,,,30.90579,-81.66649,ISL,GA,39,Camden,Georgia Coast
4181521,Bear Island,,,30.89412,-81.73122,ISL,GA,39,Camden,Georgia Coast
4181561,Bearskull Creek,,,31.0244,-81.63927,STM,GA,39,Camden,Georgia Coast
4181570,Beasley Lake,,,31.07256,-81.89122,LK,GA,39,Camden,Georgia Coast
4181854,Bell View (historical),,,30.94746,-81.52482,PPLQ,GA,39,Camden,Georgia Coast
4181873,Bellevue Plantation (historical),,,30.94523,-81.52843,,GA,39,Camden,Georgia Coast
4182765,Bible Church,,,30.9594,-81.70761,CH,GA,39,Camden,Georgia Coast
4182786,Bickley Chapel,,,31.04717,-81.86178,CH,GA,39,Camden,Georgia Coast
4182936,Big Cypress Pond,,,30.94054,-81.54002,SWMP,GA,39,Camden,Georgia Coast
4182979,Big Marsh Island,,,30.74968,-81.48537,ISL,GA,39,Camden,Georgia Coast
4182987,Big Mineral Lake,,,31.06531,-81.90545,LK,GA,39,Camden,Georgia Coast
4183042,Big Strand,,,30.87233,-81.64612,SWMP,GA,39,Camden,Georgia Coast
4183089,Billyville,,,30.92551,-81.68233,PPL,GA,39,Camden,Georgia Coast
4183184,Bixley Chapel (historical),,,31.04967,-81.86094,CH,GA,39,Camden,Georgia Coast
4183221,Black Hammock,,,31.04384,-81.52149,ISL,GA,39,Camden,Georgia Coast
4183224,Black Hammock Cemetery,,,31.04551,-81.52177,CMTY,GA,39,Camden,Georgia Coast
4183251,Black Point,,,30.85996,-81.52482,CAPE,GA,39,Camden,Georgia Coast
4183252,Black Point Creek,,,30.86551,-81.53926,CHN,GA,39,Camden,Georgia Coast
4183253,Black Point Plantation (historical),,,30.8669,-81.52204,,GA,39,Camden,Georgia Coast
4183586,Blues Island,,,31.01579,-81.90872,ISL,GA,39,Camden,Georgia Coast
4183587,Blues Lake,,,31.03498,-81.90271,LK,GA,39,Camden,Georgia Coast
4183827,Boons Lake,,,31.04717,-81.91039,LK,GA,39,Camden,Georgia Coast
4184030,Boys Point,,,30.95773,-81.53038,CAPE,GA,39,Camden,Georgia Coast
4184110,Brailey Swamp,,,31.13356,-81.75983,SWMP,GA,39,Camden,Georgia Coast
4184206,Brazell Cemetery,,,30.7694,-81.69455,CMTY,GA,39,Camden,Georgia Coast
4184322,Brickhill Bluff,,,30.89746,-81.44482,CLF,GA,39,Camden,Georgia Coast
4184323,Brickhill River,,,30.8819,-81.48787,CHN,GA,39,Camden,Georgia Coast
4184347,Bridge Hammock School (historical),,,30.79718,-81.53454,SCH,GA,39,Camden,Georgia Coast
4184431,Bristol Hammock,,,30.82246,-81.63455,PPL,GA,39,Camden,Georgia Coast
4184492,Brockington Creek,,,30.9269,-81.41732,STM,GA,39,Camden,Georgia Coast
4184494,Brockington Creek,,,30.9319,-81.41204,STM,GA,39,Camden,Georgia Coast
4184495,Brockington School (historical),,,31.05634,-81.63288,SCH,GA,39,Camden,Georgia Coast
4184502,Brokehook Creek,,,31.04551,-81.68288,STM,GA,39,Camden,Georgia Coast
4184667,Brown Chapel,,,31.02245,-81.80539,CH,GA,39,Camden,Georgia Coast
4185098,Buffalo Reaches,,,31.07106,-81.9265,CHN,GA,39,Camden,Georgia Coast
4185140,The Bulkhead,,,30.96912,-81.50649,CHN,GA,39,Camden,Georgia Coast
4185198,Bullhead Bluff,,,30.88551,-81.84567,PPL,GA,39,Camden,Georgia Coast
4185199,Bullhead Creek,,,30.89884,-81.82817,STM,GA,39,Camden,Georgia Coast
4185218,Bunche High School (historical),,,30.95384,-81.71733,SCH,GA,39,Camden,Georgia Coast
4185234,Burbank Point,,,30.93246,-81.43537,CAPE,GA,39,Camden,Georgia Coast
4185340,Burnt Fort Cemetery,,,30.94801,-81.88428,CMTY,GA,39,Camden,Georgia Coast
4185341,Burnt Fort Church,,,30.94662,-81.88511,CH,GA,39,Camden,Georgia Coast
4185342,Burnt Fort Ferry (historical),,,30.94551,-81.89928,RDJCT,GA,39,Camden,Georgia Coast
4185343,Burnt Fort School (historical),,,30.93662,-81.88872,SCH,GA,39,Camden,Georgia Coast
4185358,Burnt Fort,,,30.94551,-81.89817,PPL,GA,39,Camden,Georgia Coast
4185368,Burrells Creek,,,30.72413,-81.5701,STM,GA,39,Camden,Georgia Coast
4185438,Butler Branch,,,30.95746,-81.60371,STM,GA,39,Camden,Georgia Coast
4185585,Cabin Bluff,,,30.8894,-81.51649,PPL,GA,39,Camden,Georgia Coast
4185759,Calvary Church,,,31.09995,-81.62122,CH,GA,39,Camden,Georgia Coast
4185837,Camden Corners Shopping Center,,,30.7869,-81.64566,MALL,GA,39,Camden,Georgia Coast
4185838,Camden County,,,30.92249,-81.63639,ADM2,GA,39,Camden,Georgia Coast
4185839,Camden County Courthouse,,,30.96829,-81.72038,BLDG,GA,39,Camden,Georgia Coast
4185840,Camden County High School,,,30.81938,-81.64725,SCH,GA,39,Camden,Georgia Coast
4185841,Camden Middle School,,,30.79493,-81.64361,SCH,GA,39,Camden,Georgia Coast
4185842,Camden Street Church,,,30.95412,-81.71983,CH,GA,39,Camden,Georgia Coast
4185843,Camden Woods Shopping Center,,,30.78218,-81.62955,MALL,GA,39,Camden,Georgia Coast
4185914,Camp Creek,,,30.95162,-81.56816,STM,GA,39,Camden,Georgia Coast
4186015,Camp Reese,,,31.05829,-81.54066,CMP,GA,39,Camden,Georgia Coast
4186148,Cane Swamp,,,30.90162,-81.6376,SWMP,GA,39,Camden,Georgia Coast
4186156,Caney Branch,,,30.82968,-81.68594,STM,GA,39,Camden,Georgia Coast
4186172,Caney Flats,,,30.88829,-81.61593,PLN,GA,39,Camden,Georgia Coast
4186176,Caney Swamp,,,30.80949,-81.67313,SWMP,GA,39,Camden,Georgia Coast
4186187,Cannon Swamp,,,30.7984,-81.58245,SWMP,GA,39,Camden,Georgia Coast
4186199,Canoe Swamp,,,31.03213,-81.67947,SWMP,GA,39,Camden,Georgia Coast
4186328,Carnegie Cemetery,,,30.75246,-81.47065,CMTY,GA,39,Camden,Georgia Coast
4186329,Carnegie Chapel,,,30.85051,-81.68983,CH,GA,39,Camden,Georgia Coast
4186343,Carlton Cemetery,,,30.75801,-81.66066,CMTY,GA,39,Camden,Georgia Coast
4186597,Casey Creek,,,30.73968,-81.63788,INLT,GA,39,Camden,Georgia Coast
4186690,Catfish Acres,,,30.76885,-81.6901,PPL,GA,39,Camden,Georgia Coast
4186691,Catfish Creek,,,30.75246,-81.67621,STM,GA,39,Camden,Georgia Coast
4186693,Catfish Creek,,,30.77996,-81.78789,STM,GA,39,Camden,Georgia Coast
4186890,Cedar Island,,,31.06884,-81.57482,ISL,GA,39,Camden,Georgia Coast
4187179,Ceylon,,,30.96162,-81.65066,PPL,GA,39,Camden,Georgia Coast
4187180,Ceylon Cemetery,,,30.95329,-81.65371,CMTY,GA,39,Camden,Georgia Coast
4187612,Cherry Point Plantation (historical),,,30.83162,-81.54565,,GA,39,Camden,Georgia Coast
4187636,Cherry Point,,,30.83274,-81.54288,CAPE,GA,39,Camden,Georgia Coast
4187873,Christmas Creek,,,30.93412,-81.40898,STM,GA,39,Camden,Georgia Coast
4188054,Church of Our Savior (historical),,,30.73246,-81.54704,CH,GA,39,Camden,Georgia Coast
4188151,Clark Bluff Cemetery,,,30.77746,-81.7665,CMTY,GA,39,Camden,Georgia Coast
4188195,Clarke School (historical),,,31.07884,-81.82622,SCH,GA,39,Camden,Georgia Coast
4188202,Clarks Bluff,,,30.93968,-81.8115,PPL,GA,39,Camden,Georgia Coast
4188203,Clarks Bluff,,,30.77801,-81.76566,PPL,GA,39,Camden,Georgia Coast
4188219,Clarks Island,,,31.08106,-81.73039,ISL,GA,39,Camden,Georgia Coast
4188221,Clarks Landing,,,30.93023,-81.90539,,GA,39,Camden,Georgia Coast
4188255,Clay Branch,,,30.95329,-81.66483,STM,GA,39,Camden,Georgia Coast
4188441,Clinchs Chapel,,,31.01051,-81.80428,CH,GA,39,Camden,Georgia Coast
4188734,Cole Cemetery,,,30.92079,-81.74344,CMTY,GA,39,Camden,Georgia Coast
4188794,Coleraine Bluff,,,30.83023,-81.90233,CLF,GA,39,Camden,Georgia Coast
4188801,Colesburg,,,30.92357,-81.71622,PPL,GA,39,Camden,Georgia Coast
4188805,Colerain,,,30.83301,-81.90067,PPL,GA,39,Camden,Georgia Coast
4189356,Cooper Swamp,,,30.90677,-81.53368,SWMP,GA,39,Camden,Georgia Coast
4189400,Copeland Swamp,,,30.9127,-81.55303,SWMP,GA,39,Camden,Georgia Coast
4189573,Cottage Creek,,,30.92246,-81.52565,STM,GA,39,Camden,Georgia Coast
4189666,County Line Branch,,,31.10051,-81.88956,STM,GA,39,Camden,Georgia Coast
4189801,Cow Creek,,,31.0169,-81.89761,STM,GA,39,Camden,Georgia Coast
4189884,Crab Island,,,30.80024,-81.5026,ISL,GA,39,Camden,Georgia Coast
4189995,Creekwood,,,30.79412,-81.69483,PPLX,GA,39,Camden,Georgia Coast
4190057,Crews Point,,,30.9594,-81.54649,CAPE,GA,39,Camden,Georgia Coast
4190093,Crooked Bay Bridge,,,30.83134,-81.67983,BDG,GA,39,Camden,Georgia Coast
4190130,Crooked River,,,30.8419,-81.48621,STM,GA,39,Camden,Georgia Coast
4190132,Crooked River Plantation,,,30.8094,-81.5776,PPL,GA,39,Camden,Georgia Coast
4190133,Crooked River State Park,,,30.84162,-81.5501,PRK,GA,39,Camden,Georgia Coast
4190136,Crooked River Elementary School,,,30.80263,-81.57452,SCH,GA,39,Camden,Georgia Coast
4190246,Crow Harbor Island,,,30.99995,-81.62899,ISL,GA,39,Camden,Georgia Coast
4190247,Crow Harbor Reach,,,30.99357,-81.63288,CHN,GA,39,Camden,Georgia Coast
4190358,Cumberland Cemetery,,,30.92662,-81.44037,CMTY,GA,39,Camden,Georgia Coast
4190361,Cumberland Dividings,,,30.87773,-81.51037,CHN,GA,39,Camden,Georgia Coast
4190366,Cumberland Island,,,30.85123,-81.44698,ISL,GA,39,Camden,Georgia Coast
4190367,Cumberland Island National Seashore,,,30.85851,-81.45254,PRK,GA,39,Camden,Georgia Coast
4190368,Cumberland Island Wilderness,,,30.8676,-81.44057,RES,GA,39,Camden,Georgia Coast
4190370,Cumberland River,,,30.89218,-81.50593,CHN,GA,39,Camden,Georgia Coast
4190371,Cumberland Sound,,,30.79135,-81.48676,BAY,GA,39,Camden,Georgia Coast
4190372,Cumberland Wharf,,,30.92912,-81.44676,WHRF,GA,39,Camden,Georgia Coast
4190491,Cypress Lake Estates,,,30.74774,-81.52204,PPL,GA,39,Camden,Georgia Coast
4190754,Dark Entry Creek,,,30.73774,-81.58538,STM,GA,39,Camden,Georgia Coast
4191075,Deals Landing,,,30.84523,-81.6551,PPL,GA,39,Camden,Georgia Coast
4191150,Deep Creek,,,30.88412,-81.5551,STM,GA,39,Camden,Georgia Coast
4191199,Deer Run,,,30.76773,-81.66288,PPL,GA,39,Camden,Georgia Coast
4191248,Delaroche Creek,,,30.86301,-81.49732,STM,GA,39,Camden,Georgia Coast
4191361,Dever Cut,,,31.00968,-81.4876,CHN,GA,39,Camden,Georgia Coast
4191379,Devils Elbow,,,30.72968,-81.60149,STMB,GA,39,Camden,Georgia Coast
4191980,Dover Bluff,,,31.01718,-81.52704,PPL,GA,39,Camden,Georgia Coast
4191985,Dover Creek,,,30.98218,-81.4901,STM,GA,39,Camden,Georgia Coast
4191988,Dover Cut,,,30.99329,-81.51454,CHN,GA,39,Camden,Georgia Coast
4192082,Drizzell Bluff,,,30.84135,-81.60371,CLF,GA,39,Camden,Georgia Coast
4192104,Drum Point Island,,,30.77079,-81.48232,ISL,GA,39,Camden,Georgia Coast
4192232,Duck Pond,,,30.94746,-81.60538,SWMP,GA,39,Camden,Georgia Coast
4192346,Dungeness,,,30.74829,-81.46732,PPLL,GA,39,Camden,Georgia Coast
4192347,Dungeness Wharf,,,30.75468,-81.4737,WHRF,GA,39,Camden,Georgia Coast
4192355,Dunn Branch,,,30.97079,-81.70094,STM,GA,39,Camden,Georgia Coast
4192684,East Ridge,,,30.94135,-81.41287,RDGE,GA,39,Camden,Georgia Coast
4193204,Ella Park (historical),,,31.05968,-81.56899,PPLQ,GA,39,Camden,Georgia Coast
4193205,Ella Park Cemetery,,,31.05856,-81.56705,CMTY,GA,39,Camden,Georgia Coast
4193206,Ella Park Church,,,31.05606,-81.61371,CH,GA,39,Camden,Georgia Coast
4193254,Elliotts Bluff,,,30.84523,-81.55538,CLF,GA,39,Camden,Georgia Coast
4193255,Elliotts Bluff,,,30.84579,-81.56149,PPL,GA,39,Camden,Georgia Coast
4193256,Elliotts Plantation,,,30.83912,-81.57482,PPL,GA,39,Camden,Georgia Coast
4193505,Enterprise Church,,,30.93162,-81.71122,CH,GA,39,Camden,Georgia Coast
4193760,Evergreen Cemetery,,,30.82857,-81.68066,CMTY,GA,39,Camden,Georgia Coast
4193776,Evergreen Church,,,30.84662,-81.68733,CH,GA,39,Camden,Georgia Coast
4193826,Exit 1,,,30.75912,-81.65205,RDJCT,GA,39,Camden,Georgia Coast
4193876,Exit 2,,,30.7919,-81.65927,RDJCT,GA,39,Camden,Georgia Coast
4193921,Exit 3,,,30.84662,-81.67205,RDJCT,GA,39,Camden,Georgia Coast
4193959,Exit 4,,,30.94607,-81.68622,RDJCT,GA,39,Camden,Georgia Coast
4193988,Exit 5,,,31.1019,-81.59816,RDJCT,GA,39,Camden,Georgia Coast
4194146,Fairfield Cemetery,,,30.94884,-81.50621,CMTY,GA,39,Camden,Georgia Coast
4194161,Fairfield Point,,,30.94662,-81.50343,CAPE,GA,39,Camden,Georgia Coast
4194231,Fairview Church (historical),,,30.92496,-81.59288,CH,GA,39,Camden,Georgia Coast
4194462,Fawnwood,,,30.77301,-81.70677,PPL,GA,39,Camden,Georgia Coast
4194712,First African Baptist Church,,,30.92357,-81.43537,CH,GA,39,Camden,Georgia Coast
4194722,First African Church,,,30.92357,-81.43426,CH,GA,39,Camden,Georgia Coast
4194882,First Baptist Church of Kingsland,,,30.79773,-81.68733,CH,GA,39,Camden,Georgia Coast
4194895,First Baptist Church of Saint Marys,,,30.72496,-81.54621,CH,GA,39,Camden,Georgia Coast
4195189,Five Cent Branch,,,30.94718,-81.67344,STM,GA,39,Camden,Georgia Coast
4195396,Flea Hill,,,30.79301,-81.83928,PPL,GA,39,Camden,Georgia Coast
4195485,Flood Island,,,30.84218,-81.47787,ISL,GA,39,Camden,Georgia Coast
4195534,Floyd Basin,,,30.95134,-81.51482,BSNU,GA,39,Camden,Georgia Coast
4195542,Floyd Creek,,,30.92912,-81.5051,CHN,GA,39,Camden,Georgia Coast
4195545,Floyd Cut,,,30.95718,-81.50815,CHN,GA,39,Camden,Georgia Coast
4195552,Floyd Hammock,,,30.87384,-81.71566,ISL,GA,39,Camden,Georgia Coast
4195577,Floyds Neck,,,30.91273,-81.56232,CAPE,GA,39,Camden,Georgia Coast
4195717,Forest Ridge,,,30.79329,-81.67788,PPLX,GA,39,Camden,Georgia Coast
4195726,Forest View Church,,,30.92857,-81.70372,CH,GA,39,Camden,Georgia Coast
4195737,Forestview,,,30.9269,-81.59288,PPL,GA,39,Camden,Georgia Coast
4196055,Foxwood,,,30.83996,-81.56927,PPL,GA,39,Camden,Georgia Coast
4196681,Gap Swamp,,,30.94069,-81.69397,SWMP,GA,39,Camden,Georgia Coast
4196801,Gatehouse Plantation (historical),,,30.9544,-81.65177,,GA,39,Camden,Georgia Coast
4196935,Georgia Conference Center,,,31.0594,-81.5401,BLDG,GA,39,Camden,Georgia Coast
4197016,Germantown (historical),,,30.78968,-81.80428,PPLQ,GA,39,Camden,Georgia Coast
4197017,Germantown School (historical),,,30.82551,-81.87428,SCH,GA,39,Camden,Georgia Coast
4197030,Gethsemane Church,,,30.92107,-81.71372,CH,GA,39,Camden,Georgia Coast
4197282,Glencoe,,,31.13578,-81.72427,PPL,GA,39,Camden,Georgia Coast
4197284,Glencoe Swamp,,,31.11773,-81.71483,SWMP,GA,39,Camden,Georgia Coast
4197405,Goat Island,,,31.04162,-81.68455,ISL,GA,39,Camden,Georgia Coast
4197433,Godley Landing,,,30.96023,-81.89178,,GA,39,Camden,Georgia Coast
4197460,Gold Mine Landing,,,31.08912,-81.91872,,GA,39,Camden,Georgia Coast
4197483,Goldsborough (historical),,,31.03551,-81.86844,PPLQ,GA,39,Camden,Georgia Coast
4197736,Gowrie Creek,,,31.11606,-81.64927,STM,GA,39,Camden,Georgia Coast
4197750,Gowrie Island,,,31.12301,-81.70011,ISL,GA,39,Camden,Georgia Coast
4197882,Grants Point,,,30.95884,-81.58816,CAPE,GA,39,Camden,Georgia Coast
4197906,Grassy Island,,,30.90301,-81.69344,ISL,GA,39,Camden,Georgia Coast
4197916,Grassy Pond Island,,,30.88996,-81.65844,ISL,GA,39,Camden,Georgia Coast
4198049,Green Cemetery,,,30.94968,-81.68483,CMTY,GA,39,Camden,Georgia Coast
4198050,Green Cemetery,,,30.86607,-81.81205,CMTY,GA,39,Camden,Georgia Coast
4198216,Greentree,,,30.77607,-81.67566,PPL,GA,39,Camden,Georgia Coast
4198217,Greenville,,,30.80162,-81.83316,PPL,GA,39,Camden,Georgia Coast
4198225,Greenville School (historical),,,30.84773,-81.68816,SCH,GA,39,Camden,Georgia Coast
4198317,Greyfield,,,30.77829,-81.4662,PPL,GA,39,Camden,Georgia Coast
4198325,Griffin Bluff,,,30.75551,-81.66232,CLF,GA,39,Camden,Georgia Coast
4198460,Gross Still (historical),,,30.78773,-81.68344,PPLQ,GA,39,Camden,Georgia Coast
4198509,Grover Creek,,,30.88385,-81.54982,INLT,GA,39,Camden,Georgia Coast
4198510,Grover Island,,,30.87746,-81.54982,ISL,GA,39,Camden,Georgia Coast
4198511,Grover View,,,30.87885,-81.57204,PPL,GA,39,Camden,Georgia Coast
4198549,Gum Branch,,,30.83829,-81.59732,STM,GA,39,Camden,Georgia Coast
4198586,Gum Stump Landing,,,30.81218,-81.88372,,GA,39,Camden,Georgia Coast
4198788,Half Moon Lake,,,31.07413,-81.92338,LK,GA,39,Camden,Georgia Coast
4198797,Halfmoon Bluff,,,30.92357,-81.43037,CLF,GA,39,Camden,Georgia Coast
4198803,Halifax,,,30.96495,-81.69816,PPL,GA,39,Camden,Georgia Coast
4198884,Halls Swamp,,,30.91311,-81.57793,SWMP,GA,39,Camden,Georgia Coast
4198910,Hamilton Chapel,,,30.96329,-81.72122,CH,GA,39,Camden,Georgia Coast
4199117,Harbor Pines,,,30.76662,-81.5526,PPLX,GA,39,Camden,Georgia Coast
4199135,Hardee Swamp,,,31.05523,-81.59399,SWMP,GA,39,Camden,Georgia Coast
4199386,Harrietts Bluff,,,30.87135,-81.58566,PPL,GA,39,Camden,Georgia Coast
4199387,Harrietts Bluff Church,,,30.87135,-81.58927,CH,GA,39,Camden,Georgia Coast
4199388,Harrietts Bluff Village,,,30.85579,-81.63177,PPL,GA,39,Camden,Georgia Coast
4199393,Harrell Cemetery,,,31.02467,-81.86206,CMTY,GA,39,Camden,Georgia Coast
4199676,Hawkins Creek,,,30.90635,-81.44954,CHN,GA,39,Camden,Georgia Coast
4199777,Hazlehurst,,,30.91357,-81.83844,PPL,GA,39,Camden,Georgia Coast
4199785,Hazzards Neck,,,31.0419,-81.58316,CAPE,GA,39,Camden,Georgia Coast
4199786,Hazzards Neck Lookout Tower,,,31.0569,-81.63316,TOWR,GA,39,Camden,Georgia Coast
4199803,Heads Creek,,,31.02884,-81.64344,STM,GA,39,Camden,Georgia Coast
4199942,Hells Gate,,,30.90718,-81.87317,CHN,GA,39,Camden,Georgia Coast
4200142,Hermitage Plantation (historical),,,30.92857,-81.59427,,GA,39,Camden,Georgia Coast
4200145,Hermitage Swamp,,,30.90551,-81.61788,SWMP,GA,39,Camden,Georgia Coast
4200207,Hickory Bluff,,,31.0919,-81.57066,PPL,GA,39,Camden,Georgia Coast
4200208,Hickory Bluff Plantation (historical),,,31.08912,-81.56649,,GA,39,Camden,Georgia Coast
4200371,High Bluff,,,30.92996,-81.44482,CLF,GA,39,Camden,Georgia Coast
4200382,High Point,,,30.91524,-81.42232,PPL,GA,39,Camden,Georgia Coast
4200401,High Point-Halfmoon Bluff Historic District,,,30.91857,-81.42759,PRK,GA,39,Camden,Georgia Coast
4200442,Highland Oaks,,,30.75829,-81.52204,PPL,GA,39,Camden,Georgia Coast
4200834,Hogan,,,31.10773,-81.57482,PPL,GA,39,Camden,Georgia Coast
4200847,Hogans Little Island,,,31.1169,-81.57649,ISL,GA,39,Camden,Georgia Coast
4200858,Hogans Island,,,31.10773,-81.57482,ISL,GA,39,Camden,Georgia Coast
4200904,The Hole,,,30.98551,-81.39898,CHN,GA,39,Camden,Georgia Coast
4200905,The Hole,,,30.98579,-81.40037,BAY,GA,39,Camden,Georgia Coast
4201156,Homeward Cemetery,,,31.13856,-81.79567,CMTY,GA,39,Camden,Georgia Coast
4201168,Honey Creek,,,31.0644,-81.53038,STM,GA,39,Camden,Georgia Coast
4201174,Honey Creek Plantation (historical),,,31.05857,-81.54149,,GA,39,Camden,Georgia Coast
4201180,Honey Swamp,,,30.99164,-81.67064,SWMP,GA,39,Camden,Georgia Coast
4201248,Hopewell,,,30.98329,-81.75094,PPL,GA,39,Camden,Georgia Coast
4201300,Hopewell Point,,,30.98079,-81.75427,CAPE,GA,39,Camden,Georgia Coast
4201388,Horse Stamp Cemetery,,,31.0594,-81.64455,CMTY,GA,39,Camden,Georgia Coast
4201389,Horse Stamp Church,,,31.06051,-81.64788,CH,GA,39,Camden,Georgia Coast
4201403,Horsepen Bluff,,,30.93523,-81.5076,CLF,GA,39,Camden,Georgia Coast
4201407,Horsepen Creek,,,30.78884,-81.79427,STM,GA,39,Camden,Georgia Coast
4201438,Horseshoe Shoals,,,30.98968,-81.44954,BAR,GA,39,Camden,Georgia Coast
4201499,House of Prayer Church,,,30.79273,-81.61427,CH,GA,39,Camden,Georgia Coast
4201699,Hull Cemetery,,,31.05995,-81.56788,CMTY,GA,39,Camden,Georgia Coast
4201701,Hull Island,,,31.04884,-81.67816,ISL,GA,39,Camden,Georgia Coast
4201910,Idlewild Plantation (historical),,,31.04523,-81.84872,,GA,39,Camden,Georgia Coast
4201949,Incachee Plantation (historical),,,31.09273,-81.81705,,GA,39,Camden,Georgia Coast
4201952,Independent Church,,,30.8769,-81.81316,CH,GA,39,Camden,Georgia Coast
4202319,Ivanhoe Plantation (historical),,,30.97051,-81.81344,,GA,39,Camden,Georgia Coast
4202671,Old Jefferson Highway,,,30.96662,-81.79011,RD,GA,39,Camden,Georgia Coast
4202710,Jekyll Sound,,,31.02926,-81.44675,BAY,GA,39,Camden,Georgia Coast
4202764,Jerusalem,,,30.97829,-81.84567,PPL,GA,39,Camden,Georgia Coast
4202789,Jerusalem Number One Baptist Church,,,30.972,-81.8442,CH,GA,39,Camden,Georgia Coast
4202827,Jim Baileys Mill,,,30.92384,-81.82205,,GA,39,Camden,Georgia Coast
4202881,John Baileys Mill,,,30.91079,-81.86594,,GA,39,Camden,Georgia Coast
4202894,John H McIntosh Sugar Mill Site,,,30.57996,-81.79288,,GA,39,Camden,Georgia Coast
4203062,Johnson Pond,,,30.86094,-81.44833,SWMP,GA,39,Camden,Georgia Coast
4203715,Kenneth McCarthy Bridge,,,30.98412,-81.66872,BDG,GA,39,Camden,Georgia Coast
4203948,Kings Bay,,,30.7919,-81.49704,BAY,GA,39,Camden,Georgia Coast
4203968,Kings Ferry (historical),,,30.78662,-81.839,RDJCT,GA,39,Camden,Georgia Coast
4203999,Kings Vay Village Shopping Center,,,30.75246,-81.57649,MALL,GA,39,Camden,Georgia Coast
4204007,Kingsland,,,30.79996,-81.68983,PPL,GA,39,Camden,Georgia Coast
4204008,Kingsland Cemetery,,,30.82912,-81.70899,CMTY,GA,39,Camden,Georgia Coast
4204009,Kingsland Elementary School,,,30.80085,-81.71465,SCH,GA,39,Camden,Georgia Coast
4204010,Kingsland Shopping Center,,,30.79968,-81.69066,MALL,GA,39,Camden,Georgia Coast
4204032,Kinlaw,,,30.84468,-81.67566,PPL,GA,39,Camden,Georgia Coast
4204053,Kirby Creek,,,31.04912,-81.52982,STM,GA,39,Camden,Georgia Coast
4204082,Kit Swamp,,,30.88079,-81.63871,SWMP,GA,39,Camden,Georgia Coast
4204116,Knee Buckle,,,31.04328,-81.914,STMB,GA,39,Camden,Georgia Coast
4204182,Knox Suck,,,31.10189,-81.9115,SWMP,GA,39,Camden,Georgia Coast
4204783,Lakemont Town Homes,,,30.76746,-81.61788,PPL,GA,39,Camden,Georgia Coast
4204907,Lampadocia (historical),,,31.0244,-81.6001,PPLQ,GA,39,Camden,Georgia Coast
4204951,Lands End,,,30.73996,-81.52148,PPL,GA,39,Camden,Georgia Coast
4204984,Lang Creek,,,30.95329,-81.66566,STM,GA,39,Camden,Georgia Coast
4204999,Langs Old Still (historical),,,31.02079,-81.90206,,GA,39,Camden,Georgia Coast
4205140,Laurel Island,,,30.82079,-81.59093,ISL,GA,39,Camden,Georgia Coast
4205181,Lawnwood Cemetery,,,30.77885,-81.68288,CMTY,GA,39,Camden,Georgia Coast
4205754,Lime Rock,,,31.06356,-81.92984,,GA,39,Camden,Georgia Coast
4205986,Little Catfish Creek,,,30.77496,-81.68483,STM,GA,39,Camden,Georgia Coast
4206073,Little Cumberland Island,,,30.95107,-81.41343,ISL,GA,39,Camden,Georgia Coast
4206074,Little Cumberland Island Lighthouse,,,30.97619,-81.41309,LTHSE,GA,39,Camden,Georgia Coast
4206118,Little Griffin Bluff,,,30.75329,-81.65982,CLF,GA,39,Camden,Georgia Coast
4206188,Little Mineral Lake,,,31.06773,-81.90206,LK,GA,39,Camden,Georgia Coast
4206577,London Hill,,,30.84468,-81.61177,PPL,GA,39,Camden,Georgia Coast
4206578,London Hill,,,30.85412,-81.60621,MT,GA,39,Camden,Georgia Coast
4206579,London Hill Bluff,,,30.84301,-81.61232,CLF,GA,39,Camden,Georgia Coast
4206589,Long Bluff,,,30.90662,-81.86094,CLF,GA,39,Camden,Georgia Coast
4206590,Long Bluff Plantation (historical),,,30.90718,-81.86094,,GA,39,Camden,Georgia Coast
4206691,Long Island,,,30.90412,-81.61205,ISL,GA,39,Camden,Georgia Coast
4206718,Long Point,,,30.94051,-81.40371,CAPE,GA,39,Camden,Georgia Coast
4206771,Longwood Plantation (historical),,,30.80023,-81.6901,,GA,39,Camden,Georgia Coast
4206791,Lookout Point,,,30.96857,-81.61232,CAPE,GA,39,Camden,Georgia Coast
4206998,Lower Hog Pen Bluff,,,31.09384,-81.91178,CLF,GA,39,Camden,Georgia Coast
4207448,Madison Chapel,,,30.95718,-81.72177,CH,GA,39,Camden,Georgia Coast
4207490,Magnolia Bluff,,,30.95662,-81.89122,CLF,GA,39,Camden,Georgia Coast
4207501,Magnolia Church,,,30.92745,-81.70316,CH,GA,39,Camden,Georgia Coast
4207556,Maiden Creek,,,31.0669,-81.5326,STM,GA,39,Camden,Georgia Coast
4207580,Mallard Pointe,,,30.86273,-81.6226,PPL,GA,39,Camden,Georgia Coast
4207586,Mallets Cemetery,,,30.79773,-81.85039,CMTY,GA,39,Camden,Georgia Coast
4207587,Mallets Creek,,,30.79579,-81.84011,STM,GA,39,Camden,Georgia Coast
4207588,Malkintooh Creek,,,30.88301,-81.44537,CHN,GA,39,Camden,Georgia Coast
4207590,Mallets Landing,,,30.79579,-81.85261,MALL,GA,39,Camden,Georgia Coast
4207658,Manning Cemetery,,,30.88245,-81.85011,CMTY,GA,39,Camden,Georgia Coast
4207776,Mariana Plantation (historical),,,30.81274,-81.54204,,GA,39,Camden,Georgia Coast
4207777,Marianna (historical),,,30.80968,-81.53454,PPLQ,GA,39,Camden,Georgia Coast
4207778,Marianna Creek,,,30.82079,-81.52482,STM,GA,39,Camden,Georgia Coast
4207799,Mariners Landing,,,30.77051,-81.62038,PPL,GA,39,Camden,Georgia Coast
4207946,Martin Glen,,,30.77523,-81.72677,PPL,GA,39,Camden,Georgia Coast
4208026,Mary Lee Clark Elementary School,,,30.76996,-81.5909,SCH,GA,39,Camden,Georgia Coast
4208033,Maryfield Plantation (historical),,,30.98162,-81.80316,,GA,39,Camden,Georgia Coast
4208192,May Branch,,,30.76468,-81.6726,STM,GA,39,Camden,Georgia Coast
4208196,May Creek,,,30.77246,-81.66232,PPL,GA,39,Camden,Georgia Coast
4208230,Mays Bluff,,,30.90551,-81.88761,PPL,GA,39,Camden,Georgia Coast
4208285,McCall,,,30.86477,-81.45319,PNDI,GA,39,Camden,Georgia Coast
4208300,McCarthy Bridge,,,31.11412,-81.61372,BDG,GA,39,Camden,Georgia Coast
4208971,Merrles Bluff,,,30.78634,-81.7915,CLF,GA,39,Camden,Georgia Coast
4208972,Merrows Landing,,,31.02106,-81.90372,,GA,39,Camden,Georgia Coast
4209112,Midriver,,,30.97579,-81.86733,PPL,GA,39,Camden,Georgia Coast
4209329,Mill Creek,,,30.7519,-81.49454,STM,GA,39,Camden,Georgia Coast
4209488,Miller Creek,,,30.97495,-81.7215,STM,GA,39,Camden,Georgia Coast
4209532,Millers Bluff,,,30.74163,-81.52398,CLF,GA,39,Camden,Georgia Coast
4209533,Millers Branch,,,30.73718,-81.62454,STM,GA,39,Camden,Georgia Coast
4209579,Mills Ferry (historical),,,31.08856,-81.92372,RDJCT,GA,39,Camden,Georgia Coast
4209710,Mission Trace,,,30.78218,-81.59177,PPL,GA,39,Camden,Georgia Coast
4209872,Monfort Island,,,30.90162,-81.82233,ISL,GA,39,Camden,Georgia Coast
4209879,Monkey Island,,,30.96079,-81.75427,ISL,GA,39,Camden,Georgia Coast
4209880,Monkey Island Creek,,,30.97023,-81.74733,STM,GA,39,Camden,Georgia Coast
4210864,Mount Oran Church,,,31.10523,-81.64899,CH,GA,39,Camden,Georgia Coast
4211040,Mount Sinai Church,,,31.04162,-81.54566,CH,GA,39,Camden,Georgia Coast
4211215,Mount Zion Church,,,31.14828,-81.80539,CH,GA,39,Camden,Georgia Coast
4211343,Mount Zion Church (historical),,,30.87357,-81.8665,CH,GA,39,Camden,Georgia Coast
4211512,Mud Creek,,,30.89746,-81.47787,CHN,GA,39,Camden,Georgia Coast
4211540,Mud Lake,,,31.05617,-81.90186,LK,GA,39,Camden,Georgia Coast
4211619,Mumford Creek,,,30.88079,-81.47037,CHN,GA,39,Camden,Georgia Coast
4211734,Mush Bluff,,,30.84385,-81.57399,CLF,GA,39,Camden,Georgia Coast
4211932,Negro House Bay,,,30.92804,-81.58883,SWMP,GA,39,Camden,Georgia Coast
4212266,New Hope Church,,,30.92134,-81.7915,CH,GA,39,Camden,Georgia Coast
4212267,New Hope Church,,,30.76607,-81.58038,CH,GA,39,Camden,Georgia Coast
4212396,New Hope Swamp,,,30.90746,-81.65288,SWMP,GA,39,Camden,Georgia Coast
4212538,New Hope Island,,,30.90273,-81.65316,ISL,GA,39,Camden,Georgia Coast
4212606,New Town Plantation (historical),,,30.72718,-81.51287,,GA,39,Camden,Georgia Coast
4212849,Nobles Branch,,,30.99245,-81.68733,STM,GA,39,Camden,Georgia Coast
4212856,Noddings Point,,,31.03218,-81.50482,CAPE,GA,39,Camden,Georgia Coast
4212950,North Breakers,,,30.98801,-81.38454,AREA,GA,39,Camden,Georgia Coast
4212964,North Camden School (historical),,,31.13051,-81.81372,SCH,GA,39,Camden,Georgia Coast
4213025,North Fork Crooked River,,,30.83773,-81.69566,STM,GA,39,Camden,Georgia Coast
4213123,North River,,,30.72663,-81.53204,STM,GA,39,Camden,Georgia Coast
4213127,North River Marshes,,,30.75524,-81.54815,PPLX,GA,39,Camden,Georgia Coast
4213128,North River Oaks,,,30.75857,-81.52343,PPL,GA,39,Camden,Georgia Coast
4213330,Nottely River,,,35.08981,-84.0763,STM,NC,39,Camden,Georgia Coast
4213339,Noyles Cut,,,30.9969,-81.56593,CHN,GA,39,Camden,Georgia Coast
4213429,Oak Grove Cemetery,,,30.72329,-81.55399,CMTY,GA,39,Camden,Georgia Coast
4213471,Oak Grove Church,,,31.02912,-81.80678,CH,GA,39,Camden,Georgia Coast
4213472,Oak Grove Baptist Church,,,31.07412,-81.88678,CH,GA,39,Camden,Georgia Coast
4213544,Oak Grove School (historical),,,31.06551,-81.88817,SCH,GA,39,Camden,Georgia Coast
4213581,Oak Hill Cemetery,,,30.80857,-81.85733,CMTY,GA,39,Camden,Georgia Coast
4213589,Oak Hill Church,,,30.80884,-81.85705,CH,GA,39,Camden,Georgia Coast
4213776,Oakwood Homes Mobile Home Park,,,30.7869,-81.68066,PPL,GA,39,Camden,Georgia Coast
4213794,Ocean Pond,,,30.94079,-81.59732,LK,GA,39,Camden,Georgia Coast
4214196,Old Spanish Mission,,,31.02079,-81.5101,,GA,39,Camden,Georgia Coast
4214238,Oldhouse Creek,,,30.80135,-81.47593,STM,GA,39,Camden,Georgia Coast
4214352,Oquin Ferry (historical),,,31.07523,-81.92706,RDJCT,GA,39,Camden,Georgia Coast
4214445,Our Lady Star of the Sea Catholic Church,,,30.72551,-81.54621,CH,GA,39,Camden,Georgia Coast
4214515,Owens Ferry,,,30.96968,-81.80761,,GA,39,Camden,Georgia Coast
4214612,Palmas Realas,,,30.84579,-81.56927,PPL,GA,39,Camden,Georgia Coast
4214646,Palmetto Pines Mobile Home Park,,,30.78079,-81.6826,PPL,GA,39,Camden,Georgia Coast
4215249,Pelican Spit,,,30.97496,-81.39148,BAR,GA,39,Camden,Georgia Coast
4215457,Peter Point Landing,,,30.74413,-81.52148,,GA,39,Camden,Georgia Coast
4215458,Peter Point Oaks,,,30.75579,-81.5226,PPL,GA,39,Camden,Georgia Coast
4215802,Pine Barren Swamp,,,30.89412,-81.59732,SWMP,GA,39,Camden,Georgia Coast
4215981,Pine Island,,,30.98218,-81.66094,ISL,GA,39,Camden,Georgia Coast
4216225,Piney Bluff,,,31.01968,-81.53816,PPL,GA,39,Camden,Georgia Coast
4216294,Piney Island,,,30.97357,-81.69872,ISL,GA,39,Camden,Georgia Coast
4216296,Piney Island Creek,,,30.97523,-81.70066,STM,GA,39,Camden,Georgia Coast
4216454,Plantation Oaks,,,30.75274,-81.5226,PPL,GA,39,Camden,Georgia Coast
4216456,Plantation Point,,,30.94551,-81.74094,PPL,GA,39,Camden,Georgia Coast
4216805,Plum Orchard Wharf,,,30.85579,-81.46398,WHRF,GA,39,Camden,Georgia Coast
4216839,Point Peter,,,30.72663,-81.51509,CAPE,GA,39,Camden,Georgia Coast
4216841,Point Peter Creek,,,30.72718,-81.50815,STM,GA,39,Camden,Georgia Coast
4216903,Pompey Island,,,30.95412,-81.50288,ISL,GA,39,Camden,Georgia Coast
4217508,Providence Church,,,31.05773,-81.809,CH,GA,39,Camden,Georgia Coast
4217582,Pumpkin Branch,,,30.82079,-81.64121,INLT,GA,39,Camden,Georgia Coast
4217651,Quail Hollow,,,30.75774,-81.56232,PPLX,GA,39,Camden,Georgia Coast
4217671,Quarterman Cemetery,,,31.07245,-81.69761,CMTY,GA,39,Camden,Georgia Coast
4217672,Quarterman Creek,,,31.05217,-81.69344,STM,GA,39,Camden,Georgia Coast
4217772,Raccoon Key Spit,,,31.00662,-81.45232,BAR,GA,39,Camden,Georgia Coast
4217837,Rains Landing,,,30.99745,-81.90678,PPL,GA,39,Camden,Georgia Coast
4218063,Red Bluff,,,31.05106,-81.69566,PPL,GA,39,Camden,Georgia Coast
4218080,Red Bridge (historical),,,30.87912,-81.43676,BDG,GA,39,Camden,Georgia Coast
4218183,Redcap Swamp,,,31.11523,-81.77678,SWMP,GA,39,Camden,Georgia Coast
4218349,Refuge (historical),,,30.98912,-81.72983,PPLQ,GA,39,Camden,Georgia Coast
4218350,Refuge Camp,,,30.99412,-81.77011,CMP,GA,39,Camden,Georgia Coast
4218384,Refuge Plantation (historical),,,30.99412,-81.77233,,GA,39,Camden,Georgia Coast
4218873,Riley Creek,,,30.89107,-81.85455,STM,GA,39,Camden,Georgia Coast
4218911,Rising Daughter Church,,,31.10523,-81.63983,CH,GA,39,Camden,Georgia Coast
4218945,River Cove,,,30.84607,-81.5726,PPL,GA,39,Camden,Georgia Coast
4218960,River Oaks,,,30.75774,-81.52454,PPL,GA,39,Camden,Georgia Coast
4218963,River Oaks at Harrietts Bluff,,,30.87218,-81.58649,PPL,GA,39,Camden,Georgia Coast
4219093,Riverview,,,30.74524,-81.57593,PPLX,GA,39,Camden,Georgia Coast
4219818,Rose Creek,,,30.9244,-81.81483,STM,GA,39,Camden,Georgia Coast
4219823,Rose Creek Swamp,,,30.89201,-81.6987,SWMP,GA,39,Camden,Georgia Coast
4220108,Ruhamah Church,,,30.8119,-81.75177,CH,GA,39,Camden,Georgia Coast
4220109,Ruhamah Mission,,,30.86996,-81.58427,CH,GA,39,Camden,Georgia Coast
4220110,Ruhamah School (historical),,,30.80829,-81.7415,SCH,GA,39,Camden,Georgia Coast
4220122,Runnymeade,,,30.96079,-81.70983,PPL,GA,39,Camden,Georgia Coast
4220272,Sadlers Creek,,,30.85773,-81.58121,STM,GA,39,Camden,Georgia Coast
4220273,Sadlers Cove,,,30.86773,-81.61788,PPL,GA,39,Camden,Georgia Coast
4220274,Sadlers Landing,,,30.87135,-81.60816,PPL,GA,39,Camden,Georgia Coast
4220294,Saint Andrew Sound,,,30.98829,-81.42843,BAY,GA,39,Camden,Georgia Coast
4220471,Saint Johns Church,,,30.83329,-81.56399,CH,GA,39,Camden,Georgia Coast
4220629,St. Marys,,,30.73051,-81.54649,PPL,GA,39,Camden,Georgia Coast
4220630,St Marys Airport,,,30.74856,-81.55876,AIRP,GA,39,Camden,Georgia Coast
4220654,Saint Mary's Elementary School,,,30.72685,-81.54649,SCH,GA,39,Camden,Georgia Coast
4220656,Saint Marys Entrance,,,30.71024,-81.42954,CHN,GA,39,Camden,Georgia Coast
4220660,Saint Marys Historic District,,,30.7219,-81.54982,PRK,GA,39,Camden,Georgia Coast
4221111,Sanctuary Ridge,,,30.93912,-81.41704,RDGE,GA,39,Camden,Georgia Coast
4221236,Sandwash Creek,,,30.87995,-81.84955,SWMP,GA,39,Camden,Georgia Coast
4221392,Saras Landing Creek,,,31.03718,-81.6501,STM,GA,39,Camden,Georgia Coast
4221501,Satilla Bluff,,,30.95162,-81.67844,CLF,GA,39,Camden,Georgia Coast
4221512,Satilla River,,,30.98357,-81.45815,STM,GA,39,Camden,Georgia Coast
4221513,Satilla River Waterfront Park,,,30.97245,-81.724,PRK,GA,39,Camden,Georgia Coast
4221514,Satilla Shores,,,31.12329,-81.55677,PPL,GA,39,Camden,Georgia Coast
4221642,Scarlet,,,30.93412,-81.76372,PPL,GA,39,Camden,Georgia Coast
4221679,Schooner Landing,,,30.9544,-81.53093,,GA,39,Camden,Georgia Coast
4221696,Scotchville School (historical),,,30.7869,-81.64593,SCH,GA,39,Camden,Georgia Coast
4221701,Scotchville,,,30.76912,-81.61732,PPL,GA,39,Camden,Georgia Coast
4221774,Scrubby Bluff,,,30.74579,-81.65399,CLF,GA,39,Camden,Georgia Coast
4221775,Scrubby Bluff School (historical),,,30.75968,-81.6526,SCH,GA,39,Camden,Georgia Coast
4221824,Seals,,,30.87301,-81.70399,PPL,GA,39,Camden,Georgia Coast
4221835,Seals Swamp,,,30.86857,-81.68316,SWMP,GA,39,Camden,Georgia Coast
4222061,Shadowland,,,30.74607,-81.58732,PPL,GA,39,Camden,Georgia Coast
4222312,Sheffield Island,,,30.84968,-81.60899,ISL,GA,39,Camden,Georgia Coast
4222315,Sheffield Cemetery,,,30.81551,-81.70205,CMTY,GA,39,Camden,Georgia Coast
4222324,Shell Creek,,,30.95051,-81.42232,CHN,GA,39,Camden,Georgia Coast
4222329,Shellbine Creek,,,30.91023,-81.49176,STM,GA,39,Camden,Georgia Coast
4222330,Shellbine,,,30.90773,-81.5176,PPL,GA,39,Camden,Georgia Coast
4222557,Shingle Bay,,,30.78329,-81.67733,SWMP,GA,39,Camden,Georgia Coast
4222562,Shingle Swamp,,,30.85658,-81.68402,SWMP,GA,39,Camden,Georgia Coast
4222563,Shingle Swamp Island,,,30.86384,-81.67844,ISL,GA,39,Camden,Georgia Coast
4222756,Silco,,,30.86829,-81.83094,PPL,GA,39,Camden,Georgia Coast
4222837,Simmons Bluff,,,30.85662,-81.60566,CLF,GA,39,Camden,Georgia Coast
4222838,Simmons Branch,,,30.97523,-81.64483,STM,GA,39,Camden,Georgia Coast
4223055,Slades Old Field Landing,,,31.04523,-81.92511,,GA,39,Camden,Georgia Coast
4223869,Sparkman Creek,,,30.9844,-81.58316,STM,GA,39,Camden,Georgia Coast
4223968,Spring Bluff,,,31.10579,-81.62983,PPL,GA,39,Camden,Georgia Coast
4224057,Spring Hill Church,,,30.85801,-81.81094,CH,GA,39,Camden,Georgia Coast
4224248,Spur Island,,,30.89857,-81.67205,ISL,GA,39,Camden,Georgia Coast
4224260,Stafford,,,30.81551,-81.46704,PPL,GA,39,Camden,Georgia Coast
4224261,Stafford Airport,,,30.81083,-81.4624,AIRP,GA,39,Camden,Georgia Coast
4224264,Stafford Island,,,30.80996,-81.48259,ISL,GA,39,Camden,Georgia Coast
4224266,Stafford Wharf (historical),,,30.81496,-81.47204,WHRF,GA,39,Camden,Georgia Coast
4224274,Stafford Cemetery,,,30.8119,-81.46593,CMTY,GA,39,Camden,Georgia Coast
4224640,Still Island,,,31.07829,-81.71455,ISL,GA,39,Camden,Georgia Coast
4224700,Stockwell Bluff,,,30.91718,-81.42593,CLF,GA,39,Camden,Georgia Coast
4225053,Sugar Mill Plantation,,,30.77662,-81.57843,PPL,GA,39,Camden,Georgia Coast
4225353,Swampwolf Bay,,,30.8047,-81.71464,SWMP,GA,39,Camden,Georgia Coast
4225381,Sweeny Creek,,,31.04134,-81.66094,STM,GA,39,Camden,Georgia Coast
4225409,Sweetwater Branch,,,30.75662,-81.5401,STM,GA,39,Camden,Georgia Coast
4225439,Sweetwater Lake,,,30.85912,-81.42676,SWMP,GA,39,Camden,Georgia Coast
4225587,Table Point,,,30.88357,-81.45759,CAPE,GA,39,Camden,Georgia Coast
4225765,Tarboro,,,31.01773,-81.80539,PPL,GA,39,Camden,Georgia Coast
4225981,Temple Church,,,30.80912,-81.78816,CH,GA,39,Camden,Georgia Coast
4225988,Temple Creek,,,30.7994,-81.79816,STM,GA,39,Camden,Georgia Coast
4226040,Terra Haute,,,30.78635,-81.69455,PPL,GA,39,Camden,Georgia Coast
4226044,Terrapin Point,,,30.92607,-81.45148,CAPE,GA,39,Camden,Georgia Coast
4226178,The Lakes,,,30.79385,-81.6476,PPLX,GA,39,Camden,Georgia Coast
4226191,The Meadows,,,30.8044,-81.70899,PPLX,GA,39,Camden,Georgia Coast
4226567,Tiger Branch,,,30.9044,-81.73177,SWMP,GA,39,Camden,Georgia Coast
4226583,Tiger Swamp,,,31.11967,-81.72927,SWMP,GA,39,Camden,Georgia Coast
4226604,Tillman Island,,,30.91134,-81.66538,ISL,GA,39,Camden,Georgia Coast
4226729,Todd Creek,,,30.96301,-81.50815,STM,GA,39,Camden,Georgia Coast
4226779,Tompkins,,,30.91162,-81.79261,PPL,GA,39,Camden,Georgia Coast
4226780,Tompkins Cemetery,,,30.92162,-81.79066,CMTY,GA,39,Camden,Georgia Coast
4226841,Tower Swamp,,,31.0021,-81.76744,SWMP,GA,39,Camden,Georgia Coast
4227179,Trout Lake,,,30.91175,-81.89983,LK,GA,39,Camden,Georgia Coast
4227423,Turner Lakes,,,31.05134,-81.93122,LK,GA,39,Camden,Georgia Coast
4227632,Umbrella Creek,,,31.01857,-81.45343,STM,GA,39,Camden,Georgia Coast
4227633,Umbrella Cut,,,31.02718,-81.47871,CHN,GA,39,Camden,Georgia Coast
4227687,Union Carbide Plant Airstrip,,,30.94218,-81.53177,AIRP,GA,39,Camden,Georgia Coast
4228055,Upper Hog Pen,,,31.09828,-81.91067,STMB,GA,39,Camden,Georgia Coast
4228056,Upper Hog Pen Bluff,,,31.09689,-81.91095,CLF,GA,39,Camden,Georgia Coast
4228143,Vacuna (historical),,,30.78023,-81.68733,PPLQ,GA,39,Camden,Georgia Coast
4228391,Victory Cemetery,,,31.0469,-81.86206,CMTY,GA,39,Camden,Georgia Coast
4228638,WCGA-AM (Woodbine),,,30.9319,-81.70844,TOWR,GA,39,Camden,Georgia Coast
4228684,WECC-AM (Saint Marys),,,30.76357,-81.61093,TOWR,GA,39,Camden,Georgia Coast
4228744,WHJX-FM (Brunswick),,,30.8219,-81.73594,TOWR,GA,39,Camden,Georgia Coast
4228753,WIOI-FM (Brunswick),,,30.82162,-81.73677,TOWR,GA,39,Camden,Georgia Coast
4228776,WKBX-FM (Kingsland),,,30.80135,-81.67844,TOWR,GA,39,Camden,Georgia Coast
4229225,Walker Swamp,,,30.92163,-81.70066,SWMP,GA,39,Camden,Georgia Coast
4229226,Walker Swamp Island,,,30.92801,-81.71233,ISL,GA,39,Camden,Georgia Coast
4229739,Waverly Creek,,,31.04523,-81.68649,STM,GA,39,Camden,Georgia Coast
4229740,Waverly,,,31.09579,-81.72261,PPL,GA,39,Camden,Georgia Coast
4229746,Waverly Plantation,,,31.08162,-81.72622,,GA,39,Camden,Georgia Coast
4229747,Waverly Swamp,,,31.08456,-81.76764,SWMP,GA,39,Camden,Georgia Coast
4229749,Waverly United Methodist Church,,,31.0969,-81.72927,CH,GA,39,Camden,Georgia Coast
4230372,Westlight Church,,,30.93912,-81.76677,CH,GA,39,Camden,Georgia Coast
4230560,Whitaker Cemetery,,,30.91495,-81.73122,CMTY,GA,39,Camden,Georgia Coast
4230629,White Oak,,,31.03134,-81.73038,PPL,GA,39,Camden,Georgia Coast
4230641,White Oak Creek,,,30.99495,-81.64733,STM,GA,39,Camden,Georgia Coast
4230656,White Oak Methodist Church,,,31.03023,-81.73372,CH,GA,39,Camden,Georgia Coast
4230661,White Oak Plantation (historical),,,31.03356,-81.72761,,GA,39,Camden,Georgia Coast
4230668,White Oak Swamp,,,31.04662,-81.77483,SWMP,GA,39,Camden,Georgia Coast
4230855,Whitney Lake,,,30.89875,-81.41516,LK,GA,39,Camden,Georgia Coast
4230933,Wild Neck,,,30.98857,-81.69427,CAPE,GA,39,Camden,Georgia Coast
4230985,Wilds Ferry (historical),,,30.74218,-81.69038,RDJCT,GA,39,Camden,Georgia Coast
4231325,Willow Pond,,,30.8295,-81.44289,LK,GA,39,Camden,Georgia Coast
4231665,Wolfbay,,,30.7994,-81.70233,PPLX,GA,39,Camden,Georgia Coast
4231725,Woodbine,,,30.96396,-81.72416,PPLA2,GA,39,Camden,Georgia Coast
4231726,Woodbine Cemetery,,,30.94218,-81.74038,CMTY,GA,39,Camden,Georgia Coast
4231727,Woodbine Church,,,30.9269,-81.69622,CH,GA,39,Camden,Georgia Coast
4231728,Woodbine Elementary School,,,30.9634,-81.70628,SCH,GA,39,Camden,Georgia Coast
4231729,Woodbine Plantation (historical),,,30.96551,-81.73733,,GA,39,Camden,Georgia Coast
4231730,Woodbine School,,,30.96329,-81.70566,SCH,GA,39,Camden,Georgia Coast
4231759,Woodhaven,,,30.80162,-81.70149,PPLX,GA,39,Camden,Georgia Coast
4232038,Wrights Island,,,30.82412,-81.63982,ISL,GA,39,Camden,Georgia Coast
4232044,Wrights Plantation (historical),,,30.76079,-81.65538,,GA,39,Camden,Georgia Coast
4232247,Young Zion Church,,,30.75774,-81.59593,CH,GA,39,Camden,Georgia Coast
4232349,Zion Cemetery,,,30.82996,-81.72122,CMTY,GA,39,Camden,Georgia Coast
4232375,Zion Church (historical),,,30.83023,-81.72149,CH,GA,39,Camden,Georgia Coast
4232442,Zion Rock Church,,,31.02329,-81.80567,CH,GA,39,Camden,Georgia Coast
4232447,Zion Sisters Baptist Church,,,30.80162,-81.834,CH,GA,39,Camden,Georgia Coast
4179910,Antioch Cemetery,,,30.90301,-81.99206,CMTY,GA,49,Charlton,Georgia Coast
4180041,Antioch Church (historical),,,30.90273,-81.99317,CH,GA,49,Charlton,Georgia Coast
4180771,Baileys Branch,,,30.90773,-81.90622,STM,GA,49,Charlton,Georgia Coast
4180799,Baker Branch,,,30.45745,-82.20706,STM,GA,49,Charlton,Georgia Coast
4181026,Barber Branch,,,30.44245,-82.20428,STM,GA,49,Charlton,Georgia Coast
4181249,The Basin,,,30.98273,-81.91706,BAY,GA,49,Charlton,Georgia Coast
4181526,Bear Lake,,,30.95745,-82.1554,LK,GA,49,Charlton,Georgia Coast
4181743,Bee Gum Prairie,,,30.61329,-82.14373,SWMP,GA,49,Charlton,Georgia Coast
4181750,Bee Gum Lake,,,30.62223,-82.13932,LK,GA,49,Charlton,Georgia Coast
4181946,Ben Branch,,,30.75384,-82.03928,STM,GA,49,Charlton,Georgia Coast
4182287,Bethel Cemetery,,,30.84468,-82.07373,CMTY,GA,49,Charlton,Georgia Coast
4182343,Bethel Church,,,30.8444,-82.07262,CH,GA,49,Charlton,Georgia Coast
4182638,Bethone Middle School,,,30.81968,-81.99539,SCH,GA,49,Charlton,Georgia Coast
4182810,Big Bay,,,30.98207,-81.99873,SWMP,GA,49,Charlton,Georgia Coast
4182813,The Big Bend of Saint Marys River,,,30.36829,-82.11317,STMB,GA,49,Charlton,Georgia Coast
4182977,Big Lake,,,30.83884,-82.24485,LK,GA,49,Charlton,Georgia Coast
4183045,Big Water Lake,,,30.9146,-82.28737,LK,GA,49,Charlton,Georgia Coast
4183047,Big Water Prairie,,,30.89523,-82.30096,SWMP,GA,49,Charlton,Georgia Coast
4183087,Billys Lake,,,30.95012,-81.89693,LK,GA,49,Charlton,Georgia Coast
4183088,Billys Lake,,,30.83411,-82.36041,SWMP,GA,49,Charlton,Georgia Coast
4183106,Billys Island,,,30.80522,-82.3404,ISL,GA,49,Charlton,Georgia Coast
4183127,Bird Wing Run,,,30.91106,-82.28346,STM,GA,49,Charlton,Georgia Coast
4183697,Boggy,,,30.52218,-82.1515,PPL,GA,49,Charlton,Georgia Coast
4183751,Boggy Lake,,,30.81523,-82.16234,LK,GA,49,Charlton,Georgia Coast
4183821,Boone Creek,,,30.58107,-82.009,STM,GA,49,Charlton,Georgia Coast
4183824,Boones Creek Cemetery,,,30.57023,-82.05428,CMTY,GA,49,Charlton,Georgia Coast
4183825,Boones Creek School (historical),,,30.5694,-82.05428,SCH,GA,49,Charlton,Georgia Coast
4183839,Boone Creek Church,,,30.56968,-82.05456,CH,GA,49,Charlton,Georgia Coast
4183968,Box Landing,,,31.03023,-81.9065,,GA,49,Charlton,Georgia Coast
4184123,Brandy Bay,,,30.51079,-82.19345,SWMP,GA,49,Charlton,Georgia Coast
4185243,Burch Siding,,,30.88134,-82.01873,,GA,49,Charlton,Georgia Coast
4185407,Bush Island,,,31.01022,-82.34374,ISL,GA,49,Charlton,Georgia Coast
4185409,Bush Lake,,,30.82134,-82.16207,LK,GA,49,Charlton,Georgia Coast
4185762,Calvary Church,,,30.85384,-82.02678,CH,GA,49,Charlton,Georgia Coast
4185911,Camp Cornelia,,,30.74023,-82.12734,CMP,GA,49,Charlton,Georgia Coast
4185979,Camp Island,,,30.87967,-82.33568,ISL,GA,49,Charlton,Georgia Coast
4185985,Camp Lake,,,30.96042,-81.89771,LK,GA,49,Charlton,Georgia Coast
4186010,Camp Pinckney Church,,,30.83801,-81.97595,CH,GA,49,Charlton,Georgia Coast
4186011,Camp Pinkney (historical),,,30.83745,-81.97595,PPLQ,GA,49,Charlton,Georgia Coast
4186072,Camphose Lake,,,30.81995,-82.16401,LK,GA,49,Charlton,Georgia Coast
4186091,Canaday School (historical),,,30.4719,-82.184,SCH,GA,49,Charlton,Georgia Coast
4186157,Caney Branch,,,30.93609,-82.08915,SWMP,GA,49,Charlton,Georgia Coast
4186526,Carters Prairie,,,30.97301,-82.16234,SWMP,GA,49,Charlton,Georgia Coast
4186869,Cedar Hammock,,,30.80495,-82.16679,ISL,GA,49,Charlton,Georgia Coast
4186874,Cedar Hammocks,,,30.9994,-82.03817,ISL,GA,49,Charlton,Georgia Coast
4187058,Centerville (historical),,,30.84301,-81.96873,PPLQ,GA,49,Charlton,Georgia Coast
4187348,Charlton County,,,30.78172,-82.13769,ADM2,GA,49,Charlton,Georgia Coast
4187349,Charlton County Courthouse,,,30.83162,-82.00484,BLDG,GA,49,Charlton,Georgia Coast
4187350,Charlton County Health Center,,,30.8319,-82.00345,HSP,GA,49,Charlton,Georgia Coast
4187351,Charlton County High School,,,30.84662,-82.01289,SCH,GA,49,Charlton,Georgia Coast
4187352,Charlton County High School,,,30.8457,-82.00177,SCH,GA,49,Charlton,Georgia Coast
4187353,Charlton County Lake,,,30.80357,-82.03317,RSV,GA,49,Charlton,Georgia Coast
4187354,Charlton County Lake Dam,,,30.80357,-82.03317,DAM,GA,49,Charlton,Georgia Coast
4187357,Charlton Memorial Hospital,,,30.84526,-82.00534,HSP,GA,49,Charlton,Georgia Coast
4187369,Chase Prairie,,,30.81606,-82.22623,SWMP,GA,49,Charlton,Georgia Coast
4187621,Chesser Island,,,30.70662,-82.16234,ISL,GA,49,Charlton,Georgia Coast
4187623,Chesser School (historical),,,30.7069,-82.12762,SCH,GA,49,Charlton,Georgia Coast
4187785,Chism School (historical),,,30.49079,-82.04372,SCH,GA,49,Charlton,Georgia Coast
4187867,Christie Lake,,,30.81773,-82.16262,LK,GA,49,Charlton,Georgia Coast
4187868,Christie Prairie,,,30.81106,-82.16345,SWMP,GA,49,Charlton,Georgia Coast
4188201,Clarking,,,30.51634,-82.11817,PPL,GA,49,Charlton,Georgia Coast
4188256,Clay Branch,,,30.81162,-82.03234,STM,GA,49,Charlton,Georgia Coast
4188268,Clay Island,,,30.97078,-82.08429,ISL,GA,49,Charlton,Georgia Coast
4188402,Clewis Island,,,30.97717,-82.38513,ISL,GA,49,Charlton,Georgia Coast
4189321,Cooneys Landing,,,30.82746,-81.93456,,GA,49,Charlton,Georgia Coast
4189455,Corinth Cemetery,,,30.99106,-81.95623,CMTY,GA,49,Charlton,Georgia Coast
4189475,Corinth Primitive Baptist Church,,,30.99106,-81.9565,CH,GA,49,Charlton,Georgia Coast
4189549,Cornhouse Creek,,,30.7394,-82.04123,STM,GA,49,Charlton,Georgia Coast
4189553,Cornhouse Creek Cemetery,,,30.73718,-82.06567,CMTY,GA,49,Charlton,Georgia Coast
4189817,Coward Lake,,,30.65771,-82.16988,LK,GA,49,Charlton,Georgia Coast
4189819,Coward Lake Prairie,,,30.64329,-82.16484,SWMP,GA,49,Charlton,Georgia Coast
4189909,Cravens Island,,,30.888,-82.39402,ISL,GA,49,Charlton,Georgia Coast
4190134,Crooked Sapling Point,,,30.98605,-82.39152,CAPE,GA,49,Charlton,Georgia Coast
4190186,Cross Swamp,,,31.05828,-82.01845,STM,GA,49,Charlton,Georgia Coast
4190488,Cypress Lake,,,30.96162,-82.15762,LK,GA,49,Charlton,Georgia Coast
4190509,Cypress Siding,,,30.96578,-82.11512,PPL,GA,49,Charlton,Georgia Coast
4190757,Dark Thick,,,30.99632,-82.04249,SWMP,GA,49,Charlton,Georgia Coast
4190833,Davis Boat Landing,,,30.78606,-82.15068,,GA,49,Charlton,Georgia Coast
4190877,Davis Field,,,30.7968,-82.02887,AIRF,GA,49,Charlton,Georgia Coast
4190917,Davis Pond,,,30.78995,-82.13567,RSV,GA,49,Charlton,Georgia Coast
4190932,Davis School (historical),,,30.78856,-82.13179,SCH,GA,49,Charlton,Georgia Coast
4191516,Dinner Pond,,,30.97689,-82.28624,LK,GA,49,Charlton,Georgia Coast
4191685,Dog Island,,,30.99717,-82.35596,ISL,GA,49,Charlton,Georgia Coast
4191875,Double Lakes,,,30.98384,-82.19429,LK,GA,49,Charlton,Georgia Coast
4191876,Double Lakes,,,30.82495,-82.16568,LK,GA,49,Charlton,Georgia Coast
4192229,Duck Lake,,,30.92884,-82.1579,LK,GA,49,Charlton,Georgia Coast
4192248,Duck Island,,,30.79023,-82.14845,ISL,GA,49,Charlton,Georgia Coast
4192411,Durdin Lake,,,30.88801,-82.14651,LK,GA,49,Charlton,Georgia Coast
4192412,Durdin Prairie,,,30.89578,-82.14762,SWMP,GA,49,Charlton,Georgia Coast
4192510,Eagle Nest Lake,,,30.86384,-82.15068,LK,GA,49,Charlton,Georgia Coast
4192542,Earnest A Bell Bridge,,,30.52468,-82.01845,BDG,GA,49,Charlton,Georgia Coast
4192620,East Fork Suwannee River,,,30.83495,-82.34291,STM,GA,49,Charlton,Georgia Coast
4193126,Elder Lake,,,30.93884,-82.15512,LK,GA,49,Charlton,Georgia Coast
4193227,Ellicotts Mound,,,30.56884,-82.21456,MT,GA,49,Charlton,Georgia Coast
4193388,Emmaus Cemetery,,,30.4844,-82.02095,CMTY,GA,49,Charlton,Georgia Coast
4193392,Emmaus Church,,,30.48412,-82.02067,CH,GA,49,Charlton,Georgia Coast
4194594,Ferry Landing,,,30.78301,-82.02456,PPL,GA,49,Charlton,Georgia Coast
4194732,First Assembly of God Church,,,30.82495,-82.01456,CH,GA,49,Charlton,Georgia Coast
4194764,First Baptist Church,,,30.82884,-82.004,CH,GA,49,Charlton,Georgia Coast
4195155,Fishingpole Lake,,,30.80162,-82.20873,LK,GA,49,Charlton,Georgia Coast
4195240,Flag Lake,,,30.91856,-82.14401,LK,GA,49,Charlton,Georgia Coast
4195571,Floyds Island,,,30.86162,-82.25901,ISL,GA,49,Charlton,Georgia Coast
4195572,Floyds Island Prairie,,,30.88412,-82.27929,SWMP,GA,49,Charlton,Georgia Coast
4195600,Folkston,,,30.83095,-82.01131,PPLA2,GA,49,Charlton,Georgia Coast
4195601,Folkston City Hall,,,30.83218,-82.00762,BLDG,GA,49,Charlton,Georgia Coast
4195602,Folkston Methodist Church,,,30.83079,-82.00539,CH,GA,49,Charlton,Georgia Coast
4195603,Folkston Middle School,,,30.84162,-82.00456,SCH,GA,49,Charlton,Georgia Coast
4195993,Fowl Roost Island,,,30.56634,-82.17539,ISL,GA,49,Charlton,Georgia Coast
4196618,Galepost Lake,,,30.80523,-82.21679,LK,GA,49,Charlton,Georgia Coast
4196632,Gallberry Island,,,30.82439,-82.3479,ISL,GA,49,Charlton,Georgia Coast
4197681,Gormans Bluff,,,30.90495,-81.89372,CLF,GA,49,Charlton,Georgia Coast
4197733,Gowen Lake,,,30.77209,-82.06722,RSV,GA,49,Charlton,Georgia Coast
4197734,Gowen Lake Dam,,,30.77023,-82.06651,DAM,GA,49,Charlton,Georgia Coast
4197754,Grace Chapel,,,30.88912,-82.08373,CH,GA,49,Charlton,Georgia Coast
4197907,Grassy Island,,,30.96383,-82.38985,ISL,GA,49,Charlton,Georgia Coast
4197908,Grassy Island,,,30.96967,-82.13734,ISL,GA,49,Charlton,Georgia Coast
4197910,Grassy Lake,,,30.9194,-82.1579,LK,GA,49,Charlton,Georgia Coast
4197982,Greasy Branch,,,30.96828,-82.38513,STM,GA,49,Charlton,Georgia Coast
4197985,Greasy Branch Island,,,30.97411,-82.37874,ISL,GA,49,Charlton,Georgia Coast
4198038,Green Branch,,,30.4119,-82.044,STM,GA,49,Charlton,Georgia Coast
4198085,Green Hammock,,,30.97244,-82.39319,ISL,GA,49,Charlton,Georgia Coast
4198133,Green Swamp,,,31.02384,-82.15818,SWMP,GA,49,Charlton,Georgia Coast
4198789,Half Moon Lake,,,30.8744,-82.14457,LK,GA,49,Charlton,Georgia Coast
4199064,Hannom Lake,,,30.91912,-82.16401,LK,GA,49,Charlton,Georgia Coast
4199421,Harris Creek,,,30.65051,-82.04567,STM,GA,49,Charlton,Georgia Coast
4199619,Hatchers Branch,,,30.8169,-82.03567,STM,GA,49,Charlton,Georgia Coast
4199690,Hawkins Shop Landing,,,30.8094,-81.96178,,GA,49,Charlton,Georgia Coast
4200194,Hich Bluff,,,30.98134,-81.91678,CLF,GA,49,Charlton,Georgia Coast
4200236,Hickory Hammock,,,30.94578,-82.39124,ISL,GA,49,Charlton,Georgia Coast
4200246,Hickory Island,,,30.83994,-82.38763,ISL,GA,49,Charlton,Georgia Coast
4200501,Highway Park Ferry (historical),,,30.79134,-81.969,RDJCT,GA,49,Charlton,Georgia Coast
4201138,Homeland,,,30.85637,-82.02264,PPL,GA,49,Charlton,Georgia Coast
4201139,Homeland Cemetery,,,30.84857,-82.00706,CMTY,GA,49,Charlton,Georgia Coast
4201140,Homeland Park,,,30.85193,-82.00733,PRK,GA,49,Charlton,Georgia Coast
4201318,Hopkins Bridge,,,30.94606,-81.89956,BDG,GA,49,Charlton,Georgia Coast
4201372,Horse Island,,,30.68718,-82.17401,ISL,GA,49,Charlton,Georgia Coast
4201433,Horseshoe Island,,,30.81996,-81.92595,ISL,GA,49,Charlton,Georgia Coast
4201492,House Lake,,,30.84651,-82.19462,LK,GA,49,Charlton,Georgia Coast
4202004,Indian Island,,,30.80217,-82.14595,ISL,GA,49,Charlton,Georgia Coast
4202399,Jack Lake,,,30.81662,-82.16151,LK,GA,49,Charlton,Georgia Coast
4202429,Jackson Bay,,,30.843,-82.28957,SWMP,GA,49,Charlton,Georgia Coast
4202849,Joaquin Creek,,,30.48912,-82.20317,STM,GA,49,Charlton,Georgia Coast
4202988,Johnson Cemetery,,,30.65607,-82.05539,CMTY,GA,49,Charlton,Georgia Coast
4203216,Jones Island,,,30.82078,-82.36735,ISL,GA,49,Charlton,Georgia Coast
4203921,Kingdom Hall Church,,,30.82857,-82.02067,CH,GA,49,Charlton,Georgia Coast
4203943,Kingfisher Landing,,,30.95495,-82.13707,,GA,49,Charlton,Georgia Coast
4204388,Lake Deborah,,,30.78215,-81.98276,RSV,GA,49,Charlton,Georgia Coast
4204389,Lake Deborah Dam,,,30.78051,-81.98289,DAM,GA,49,Charlton,Georgia Coast
4205240,Layton,,,30.83662,-81.99817,PPLX,GA,49,Charlton,Georgia Coast
4205325,Lee Cemetery,,,30.83078,-82.33179,CMTY,GA,49,Charlton,Georgia Coast
4206083,Little Double Lakes,,,30.86801,-82.15012,LK,GA,49,Charlton,Georgia Coast
4206151,Little Island,,,30.71912,-82.1504,ISL,GA,49,Charlton,Georgia Coast
4206234,Little Phebe Church,,,30.81162,-82.01206,CH,GA,49,Charlton,Georgia Coast
4206237,Little Phoebe Cemetery,,,30.81218,-82.01373,CMTY,GA,49,Charlton,Georgia Coast
4206334,Little Spanish Creek,,,30.89717,-82.08484,STM,GA,49,Charlton,Georgia Coast
4206484,Lloyd Island,,,30.77134,-82.14512,ISL,GA,49,Charlton,Georgia Coast
4206540,Log Lake,,,30.90578,-82.1604,LK,GA,49,Charlton,Georgia Coast
4206595,Long Branch,,,30.81523,-82.05151,STM,GA,49,Charlton,Georgia Coast
4206700,Long Island,,,30.89106,-82.35152,ISL,GA,49,Charlton,Georgia Coast
4206704,Long Lake,,,30.7983,-82.34362,SWMP,GA,49,Charlton,Georgia Coast
4206705,Long Lake,,,30.8944,-82.15262,LK,GA,49,Charlton,Georgia Coast
4206706,Long Lake,,,30.80884,-82.24373,LK,GA,49,Charlton,Georgia Coast
4207059,Lowther Cemetery,,,30.92912,-81.95039,CMTY,GA,49,Charlton,Georgia Coast
4207391,Macks Island,,,30.80244,-82.41291,ISL,GA,49,Charlton,Georgia Coast
4207392,Macks Island,,,30.95301,-82.09012,ISL,GA,49,Charlton,Georgia Coast
4208039,Marys Lake,,,31.00196,-82.16475,LK,GA,49,Charlton,Georgia Coast
4208160,Mattox,,,30.91773,-82.08456,PPL,GA,49,Charlton,Georgia Coast
4208231,Mays Bluff Branch (historical),,,30.93023,-82.00234,SWMP,GA,49,Charlton,Georgia Coast
4208435,McDonald Island,,,30.84606,-82.13984,ISL,GA,49,Charlton,Georgia Coast
4208626,McLeods Mill,,,30.97161,-82.38874,PPL,GA,49,Charlton,Georgia Coast
4208787,Meat Island,,,31.00494,-82.34846,ISL,GA,49,Charlton,Georgia Coast
4208854,Melton Branch,,,30.97134,-82.09901,STM,GA,49,Charlton,Georgia Coast
4209052,Middle Fork Suwannee River,,,30.83467,-82.34318,STM,GA,49,Charlton,Georgia Coast
4209069,Middle Island,,,30.81022,-82.4143,ISL,GA,49,Charlton,Georgia Coast
4209285,Mill Branch,,,30.44524,-82.04039,STM,GA,49,Charlton,Georgia Coast
4209627,Mims Creek,,,30.51774,-82.01789,STM,GA,49,Charlton,Georgia Coast
4209667,Minnies Island,,,30.87383,-82.35013,ISL,GA,49,Charlton,Georgia Coast
4209668,Minnies Lake,,,30.86217,-82.32263,LK,GA,49,Charlton,Georgia Coast
4209784,Mixons Hammock,,,30.81828,-82.3918,ISL,GA,49,Charlton,Georgia Coast
4209874,Moniac,,,30.51829,-82.22512,PPL,GA,49,Charlton,Georgia Coast
4209875,Moniac Cemetery,,,30.51051,-82.22484,CMTY,GA,49,Charlton,Georgia Coast
4209876,Moniac Church,,,30.49134,-82.19762,CH,GA,49,Charlton,Georgia Coast
4209986,Moody Landing,,,30.78718,-82.02456,,GA,49,Charlton,Georgia Coast
4210274,Mose Lake,,,30.94467,-82.15734,LK,GA,49,Charlton,Georgia Coast
4210489,Mount Carmel Cemetery,,,30.85134,-82.00039,CMTY,GA,49,Charlton,Georgia Coast
4210726,Mount New Home Church,,,30.83384,-82.02567,CH,GA,49,Charlton,Georgia Coast
4211344,Mount Zion Church (historical),,,30.90801,-81.99734,SCH,GA,49,Charlton,Georgia Coast
4211541,Mud Lake,,,30.9244,-82.16123,LK,GA,49,Charlton,Georgia Coast
4211916,Neeley Cemetery,,,30.87245,-82.07567,CMTY,GA,49,Charlton,Georgia Coast
4212438,New Life Church,,,30.51524,-82.02984,CH,GA,49,Charlton,Georgia Coast
4212668,Newell,,,30.94162,-82.02206,PPL,GA,49,Charlton,Georgia Coast
4213037,North Fork Suwannee River,,,30.8055,-82.41513,STM,GA,49,Charlton,Georgia Coast
4213080,North Lake,,,30.93828,-82.14345,LK,GA,49,Charlton,Georgia Coast
4213360,O'Berry Cemetery,,,30.96829,-81.93845,CMTY,GA,49,Charlton,Georgia Coast
4213679,Oakdale,,,30.82579,-82.01734,PPLX,GA,49,Charlton,Georgia Coast
4213974,Okefenokee National Wildlife Refuge,,,30.80026,-82.30356,PRK,GA,49,Charlton,Georgia Coast
4213976,Okefenokee Wilderness,,,30.80394,-82.30243,RES,GA,49,Charlton,Georgia Coast
4213977,Okefenokee Wilderness Canoe Trail,,,30.90995,-82.28402,TRL,GA,49,Charlton,Georgia Coast
4214353,Oquin School (historical),,,31.0419,-81.95539,SCH,GA,49,Charlton,Georgia Coast
4214460,Outside Bay,,,30.79745,-82.14845,SWMP,GA,49,Charlton,Georgia Coast
4214641,Palmetto Island,,,30.82911,-82.40596,ISL,GA,49,Charlton,Georgia Coast
4215037,Paxton,,,30.84912,-82.0729,PPL,GA,49,Charlton,Georgia Coast
4215038,Lake Paxton,,,30.89025,-81.97673,LK,GA,49,Charlton,Georgia Coast
4215333,Peoples Church,,,30.83773,-81.9765,CH,GA,49,Charlton,Georgia Coast
4215350,Perch Lake,,,30.90853,-82.17103,LK,GA,49,Charlton,Georgia Coast
4215490,Petersons (historical),,,30.97245,-82.02623,PPLQ,GA,49,Charlton,Georgia Coast
4215507,Petty School (historical),,,30.9344,-82.07762,SCH,GA,49,Charlton,Georgia Coast
4215533,Philadelphia Church,,,30.8094,-82.06206,CH,GA,49,Charlton,Georgia Coast
4215662,Picnic Lake,,,31.00884,-82.18512,LK,GA,49,Charlton,Georgia Coast
4215795,Pinckney United Methodist Church,,,30.8244,-82.00428,CH,GA,49,Charlton,Georgia Coast
4215882,Pine Grove Church,,,30.51885,-82.03484,CH,GA,49,Charlton,Georgia Coast
4215932,Pine Hammock,,,30.92134,-82.15984,ISL,GA,49,Charlton,Georgia Coast
4216157,Pinehurst,,,30.83273,-81.98539,PPLX,GA,49,Charlton,Georgia Coast
4216193,Pineview Cemetery,,,30.83384,-81.99956,CMTY,GA,49,Charlton,Georgia Coast
4216248,Piney Grove Church,,,30.82912,-82.02178,CH,GA,49,Charlton,Georgia Coast
4216911,Pond Lake,,,31.00356,-82.19318,LK,GA,49,Charlton,Georgia Coast
4217332,Prescott (historical),,,30.98995,-81.95873,PPLQ,GA,49,Charlton,Georgia Coast
4217340,Prescott School (historical),,,30.96523,-81.96345,SCH,GA,49,Charlton,Georgia Coast
4217427,Prospect Cemetery,,,30.7644,-82.06734,CMTY,GA,49,Charlton,Georgia Coast
4217435,Prospect Church,,,30.7644,-82.06706,CH,GA,49,Charlton,Georgia Coast
4217738,Rabbit Island,,,30.96551,-82.08262,ISL,GA,49,Charlton,Georgia Coast
4217739,Rabbit Island,,,30.99328,-82.0354,ISL,GA,49,Charlton,Georgia Coast
4217777,Racepond,,,31.00301,-82.12957,PPL,GA,49,Charlton,Georgia Coast
4217778,Racepond Church,,,30.9669,-82.11373,CH,GA,49,Charlton,Georgia Coast
4217978,Ray and Hannaford Lake,,,30.86621,-81.9716,RSV,GA,49,Charlton,Georgia Coast
4217979,Ray and Hannaford Lake Dam,,,30.86586,-81.97163,DAM,GA,49,Charlton,Georgia Coast
4218179,Redbird Prairie,,,30.91439,-82.18985,SWMP,GA,49,Charlton,Georgia Coast
4219138,Roasting Ear Island,,,30.58079,-82.19762,ISL,GA,49,Charlton,Georgia Coast
4219171,Roberts Bay,,,30.51579,-82.20262,SWMP,GA,49,Charlton,Georgia Coast
4219754,Rollinsons Ferry (historical),,,30.51773,-82.23012,RDJCT,GA,49,Charlton,Georgia Coast
4219994,Round Timber Island,,,30.95828,-82.39624,ISL,GA,49,Charlton,Georgia Coast
4220362,Saint George,,,30.52107,-82.03761,PPL,GA,49,Charlton,Georgia Coast
4220364,Saint George Cemetery,,,30.52968,-82.02789,CMTY,GA,49,Charlton,Georgia Coast
4220366,Saint George Elementary School,,,30.52495,-82.03845,SCH,GA,49,Charlton,Georgia Coast
4220653,Saint Marys Cut,,,30.85523,-81.904,CNL,GA,49,Charlton,Georgia Coast
4221149,Sand Hill Church,,,30.98023,-82.11929,CH,GA,49,Charlton,Georgia Coast
4221164,Sand Lake,,,30.90142,-82.17755,LK,GA,49,Charlton,Georgia Coast
4221192,Sand Hill Cemetery,,,30.98023,-82.11873,CMTY,GA,49,Charlton,Georgia Coast
4221235,Sandusky School (historical),,,30.40412,-82.16734,SCH,GA,49,Charlton,Georgia Coast
4221309,Sandy Island,,,30.98106,-82.08179,ISL,GA,49,Charlton,Georgia Coast
4221367,Sapling Prairie,,,31.018,-82.27624,SWMP,GA,49,Charlton,Georgia Coast
4221402,Sardis Cemetery,,,30.81051,-82.06789,CMTY,GA,49,Charlton,Georgia Coast
4221422,Sardis Church,,,30.8119,-82.06623,CH,GA,49,Charlton,Georgia Coast
4221464,Sardis School (historical),,,30.81051,-82.06901,SCH,GA,49,Charlton,Georgia Coast
4221524,Saucer Branch,,,30.45551,-82.03039,STM,GA,49,Charlton,Georgia Coast
4221664,School Branch,,,30.4044,-82.04511,STM,GA,49,Charlton,Georgia Coast
4221674,Schoolhouse Bay,,,30.47881,-82.04335,SWMP,GA,49,Charlton,Georgia Coast
4222275,Shaw Lake,,,30.3615,-82.07647,LK,GA,49,Charlton,Georgia Coast
4222588,Shirley Bluff,,,30.97523,-81.91428,CLF,GA,49,Charlton,Georgia Coast
4222788,Silver Hill,,,30.83801,-82.12623,PPL,GA,49,Charlton,Georgia Coast
4223118,Smith Bridge,,,30.36218,-82.13428,BDG,GA,49,Charlton,Georgia Coast
4223504,Sometime Hole,,,30.81214,-82.22173,LK,GA,49,Charlton,Georgia Coast
4223645,South Lake,,,30.93523,-82.14345,LK,GA,49,Charlton,Georgia Coast
4223859,Spanish Creek,,,30.7919,-82.0165,STM,GA,49,Charlton,Georgia Coast
4223870,Sparkman Creek,,,30.36301,-82.13345,STM,GA,49,Charlton,Georgia Coast
4223975,Spring Branch,,,30.42024,-82.04539,STM,GA,49,Charlton,Georgia Coast
4224246,Square Lake,,,30.89745,-82.15207,LK,GA,49,Charlton,Georgia Coast
4224317,Stanley Branch,,,30.75357,-82.03789,STM,GA,49,Charlton,Georgia Coast
4224332,Stanley Landing,,,30.75496,-82.03734,PPL,GA,49,Charlton,Georgia Coast
4224369,Starland Branch,,,30.72468,-82.07373,STM,GA,49,Charlton,Georgia Coast
4224495,Stephen Foster State Park,,,30.8255,-82.36124,,GA,49,Charlton,Georgia Coast
4224704,Stokes Bridge,,,30.38496,-82.03539,BDG,GA,49,Charlton,Georgia Coast
4224705,Stokes Bridge (historical),,,30.35912,-82.08206,BDG,GA,49,Charlton,Georgia Coast
4224713,Stokes School (historical),,,30.40746,-82.0515,SCH,GA,49,Charlton,Georgia Coast
4224715,Stokesville,,,30.38329,-82.06817,PPL,GA,49,Charlton,Georgia Coast
4224982,Stump Lake,,,30.70662,-82.17318,LK,GA,49,Charlton,Georgia Coast
4224994,River Styx,,,30.50829,-82.14762,STM,GA,49,Charlton,Georgia Coast
4225067,Suggs Still (historical),,,30.43218,-82.04983,,GA,49,Charlton,Georgia Coast
4225320,Suwannee Canal Recreation Area,,,30.73995,-82.12706,PRK,GA,49,Charlton,Georgia Coast
4225386,Sweet Gum Island,,,30.96884,-82.09401,ISL,GA,49,Charlton,Georgia Coast
4226066,Territory Prairie,,,30.86578,-82.19373,SWMP,GA,49,Charlton,Georgia Coast
4226270,Thomas Branch,,,30.39635,-82.04289,STM,GA,49,Charlton,Georgia Coast
4226568,Tiger Branch,,,30.41357,-82.20706,STM,GA,49,Charlton,Georgia Coast
4226570,Tiger Branch,,,30.43079,-82.0365,STM,GA,49,Charlton,Georgia Coast
4226745,Toledo,,,30.63607,-82.05262,PPL,GA,49,Charlton,Georgia Coast
4226746,Toledo Lookout Tower,,,30.63884,-82.10567,TOWR,GA,49,Charlton,Georgia Coast
4226747,Toledo School (historical),,,30.6494,-82.08345,SCH,GA,49,Charlton,Georgia Coast
4226937,Traders Hill,,,30.77968,-82.03095,PPL,GA,49,Charlton,Georgia Coast
4226938,Traders Hill Cemetery,,,30.77579,-82.02873,CMTY,GA,49,Charlton,Georgia Coast
4226939,Traders Hill Cemetery,,,30.78579,-82.02789,CMTY,GA,49,Charlton,Georgia Coast
4226940,Traders Hill Church,,,30.77996,-82.02928,CH,GA,49,Charlton,Georgia Coast
4226941,Traders Hill Methodist Church (historical),,,30.78551,-82.02789,CH,GA,49,Charlton,Georgia Coast
4226942,Traders Hill School (historical),,,30.77495,-82.05678,SCH,GA,49,Charlton,Georgia Coast
4226950,Trail Ridge,,,30.81384,-82.11929,RDGE,GA,49,Charlton,Georgia Coast
4227159,Trouble Valley,,,30.98828,-82.03095,PLN,GA,49,Charlton,Georgia Coast
4227180,Trout Lake,,,30.69638,-82.15172,LK,GA,49,Charlton,Georgia Coast
4227181,Trout Lake,,,30.96939,-82.15512,LK,GA,49,Charlton,Georgia Coast
4227182,Trout Lake Prairie,,,30.68801,-82.1529,SWMP,GA,49,Charlton,Georgia Coast
4227290,Turkey Branch,,,30.95772,-82.41235,STM,GA,49,Charlton,Georgia Coast
4227336,Turkey Island,,,30.95051,-82.01567,ISL,GA,49,Charlton,Georgia Coast
4228112,Uptonville,,,30.89967,-82.06817,PPL,GA,49,Charlton,Georgia Coast
4228868,WOKF-FM (Folkston),,,30.87495,-82.01928,TOWR,GA,49,Charlton,Georgia Coast
4229505,Warren Island,,,30.99245,-82.00873,ISL,GA,49,Charlton,Georgia Coast
4230698,White Sand Landing,,,30.81718,-81.96428,,GA,49,Charlton,Georgia Coast
4230794,Whites Flat Bay,,,30.51079,-82.18317,SWMP,GA,49,Charlton,Georgia Coast
4230888,Widow Lake,,,31.00103,-81.91826,LK,GA,49,Charlton,Georgia Coast
4231222,Williams School (historical),,,30.58329,-82.05234,SCH,GA,49,Charlton,Georgia Coast
4231401,Wilson Hammock,,,30.99884,-82.08734,ISL,GA,49,Charlton,Georgia Coast
4231463,Winding Branch,,,30.92644,-82.06834,SWMP,GA,49,Charlton,Georgia Coast
4231544,Winokur,,,31.03828,-82.02012,PPL,GA,49,Charlton,Georgia Coast
4231545,Winokur Baptist Church,,,31.03828,-82.02401,CH,GA,49,Charlton,Georgia Coast
4231546,Winokur Lookout Tower,,,30.98884,-82.02456,TOWR,GA,49,Charlton,Georgia Coast
4231875,Woodstock (historical),,,30.83079,-81.95372,PPLQ,GA,49,Charlton,Georgia Coast
4231964,Worley Lake,,,30.36137,-82.08583,LK,GA,49,Charlton,Georgia Coast
4178976,1996 Olympic Yachting Cauldron,,,32.07965,-81.08372,PRK,GA,51,Chatham,Georgia Coast
4179007,Abercorn Plantation (historical),,,32.2252,-81.19567,,GA,51,Chatham,Georgia Coast
4179008,Abercorn Street School,,,32.07493,-81.09122,SCH,GA,51,Chatham,Georgia Coast
4179038,Abercorn Heights,,,32.03271,-81.10678,PPL,GA,51,Chatham,Georgia Coast
4179122,Adams Creek,,,31.88883,-81.02927,CHN,GA,51,Chatham,Georgia Coast
4179306,Alabama Junction,,,32.07604,-81.14011,PPL,GA,51,Chatham,Georgia Coast
4179731,Anderson Elementary School,,,32.06132,-81.09317,SCH,GA,51,Chatham,Georgia Coast
4179767,Anderson Plantation (historical),,,32.01549,-81.20789,,GA,51,Chatham,Georgia Coast
4179792,Andrew Low House,,,32.07493,-81.09261,BLDG,GA,51,Chatham,Georgia Coast
4179963,Antioch Church,,,31.99771,-81.10345,CH,GA,51,Chatham,Georgia Coast
4180050,Antioch School,,,32.09465,-81.23956,SCH,GA,51,Chatham,Georgia Coast
4180164,Ardsley Park,,,32.04604,-81.10206,PRK,GA,51,Chatham,Georgia Coast
4180165,Ardsley Park-Chatham Crescent Historic District,,,32.04965,-81.0915,PRK,GA,51,Chatham,Georgia Coast
4180172,Argyle Island,,,32.17604,-81.12789,ISL,GA,51,Chatham,Georgia Coast
4180210,Armstrong Atlantic State University,,,32.07076,-81.09539,SCH,GA,51,Chatham,Georgia Coast
4180211,Armstrong Atlantic State University,,,31.98025,-81.16247,SCH,GA,51,Chatham,Georgia Coast
4180627,Avon Park,,,32.05577,-81.05983,PPL,GA,51,Chatham,Georgia Coast
4180629,Avondale,,,32.05299,-81.05761,PPL,GA,51,Chatham,Georgia Coast
4180643,Avondale Park,,,32.05132,-81.0615,PRK,GA,51,Chatham,Georgia Coast
4180678,Azalea Plaza Mobile Home Park,,,32.0416,-81.18122,PPL,GA,51,Chatham,Georgia Coast
4180718,Bacon Park,,,31.9966,-81.08178,PRK,GA,51,Chatham,Georgia Coast
4180719,Bacon Park Shopping Center,,,32.01354,-81.07595,MALL,GA,51,Chatham,Georgia Coast
4180844,Bakers Crossing,,,31.98716,-81.07206,PPL,GA,51,Chatham,Georgia Coast
4180888,Baldwin Park,,,32.05104,-81.09122,PRK,GA,51,Chatham,Georgia Coast
4181060,Barian Terrace,,,32.01466,-81.07483,PPLX,GA,51,Chatham,Georgia Coast
4181148,Barnwell Island,,,32.09132,-81.03761,ISL,GA,51,Chatham,Georgia Coast
4181149,Barnwell Island Number 2,,,32.09493,-81.02678,ISL,GA,51,Chatham,Georgia Coast
4181209,Bartow Elementary School,,,32.08578,-81.12743,SCH,GA,51,Chatham,Georgia Coast
4181211,Bartlett Middle School,,,31.996,-81.11643,SCH,GA,51,Chatham,Georgia Coast
4181222,Bartow Park,,,32.0866,-81.12456,PRK,GA,51,Chatham,Georgia Coast
4181299,Battery Backus (historical),,,32.02417,-80.8475,INSM,GA,51,Chatham,Georgia Coast
4181302,Battery Fenwick (historical),,,32.02333,-80.84639,INSM,GA,51,Chatham,Georgia Coast
4181303,Battery Gantt (historical),,,32.02444,-80.84861,INSM,GA,51,Chatham,Georgia Coast
4181304,Battery Garland (historical),,,32.02139,-80.84417,INSM,GA,51,Chatham,Georgia Coast
4181305,Battery Habersham (historical),,,32.02389,-80.84944,INSM,GA,51,Chatham,Georgia Coast
4181306,Battery Horace Hambright (historical),,,32.02944,-80.89222,INSM,GA,51,Chatham,Georgia Coast
4181307,Battery Point,,,32.03771,-80.98289,CAPE,GA,51,Chatham,Georgia Coast
4181311,Battery Brumby (historical),,,32.0225,-80.84472,INSM,GA,51,Chatham,Georgia Coast
4181432,Beach High School,,,32.05337,-81.11646,SCH,GA,51,Chatham,Georgia Coast
4181433,Beach Institute,,,32.07021,-81.08928,BLDG,GA,51,Chatham,Georgia Coast
4181434,Beach Pond,,,31.90413,-80.94085,LK,GA,51,Chatham,Georgia Coast
4181439,Beach Hammock,,,31.94605,-80.9165,ISL,GA,51,Chatham,Georgia Coast
4181522,Bear Island,,,31.84049,-81.14122,ISL,GA,51,Chatham,Georgia Coast
4181531,Bear River,,,31.72633,-81.15232,STM,GA,51,Chatham,Georgia Coast
4181536,Beard Creek,,,31.97827,-80.96678,STM,GA,51,Chatham,Georgia Coast
4181590,Beaulieu,,,31.93271,-81.11289,PPL,GA,51,Chatham,Georgia Coast
4181983,Benedictine Military School,,,32.00917,-81.09278,SCH,GA,51,Chatham,Georgia Coast
4182072,Berean Chapel,,,32.05104,-81.12956,CH,GA,51,Chatham,Georgia Coast
4182095,Berkshire Woods,,,31.9616,-81.154,PPLX,GA,51,Chatham,Georgia Coast
4182176,Beth Church,,,32.01548,-81.23567,CH,GA,51,Chatham,Georgia Coast
4182288,Bethel Cemetery,,,32.04659,-81.28039,CMTY,GA,51,Chatham,Georgia Coast
4182344,Bethel Church,,,32.00299,-81.24428,CH,GA,51,Chatham,Georgia Coast
4182345,Bethel Church,,,32.04576,-81.28233,CH,GA,51,Chatham,Georgia Coast
4182469,Bethel School (historical),,,32.04548,-81.2815,SCH,GA,51,Chatham,Georgia Coast
4182484,Bethesda,,,31.96327,-81.094,PPL,GA,51,Chatham,Georgia Coast
4182513,Bethesda Home for Boys,,,31.95855,-81.09205,BLDG,GA,51,Chatham,Georgia Coast
4182517,Bethesda Station (historical),,,31.96188,-81.10122,,GA,51,Chatham,Georgia Coast
4182666,Betz Creek,,,32.01994,-80.94289,STM,GA,51,Chatham,Georgia Coast
4182744,Beverly-Berwick Plantation (historical),,,32.02382,-81.229,,GA,51,Chatham,Georgia Coast
4182766,Bible Church,,,32.09048,-81.18817,CH,GA,51,Chatham,Georgia Coast
4183043,Big Tom Creek,,,31.77883,-81.15899,STM,GA,51,Chatham,Georgia Coast
4183128,Bird Island,,,32.05966,-80.95539,ISL,GA,51,Chatham,Georgia Coast
4183463,Bloomingdale,,,32.13242,-81.299,PPL,GA,51,Chatham,Georgia Coast
4183464,Bloomingdale Elementary School,,,32.12757,-81.30023,SCH,GA,51,Chatham,Georgia Coast
4183486,Blue Bank Creek,,,31.91355,-80.96566,STM,GA,51,Chatham,Georgia Coast
4183765,Bona Bella,,,32.0141,-81.06595,PPL,GA,51,Chatham,Georgia Coast
4183766,Bona Bella Plantation (historical),,,32.01243,-81.06233,,GA,51,Chatham,Georgia Coast
4183774,Bonaventure (historical),,,32.04521,-81.05095,PPLQ,GA,51,Chatham,Georgia Coast
4183775,Bonaventure Cemetery,,,32.04435,-81.04687,CMTY,GA,51,Chatham,Georgia Coast
4183776,Bonaventure Golf Course (historical),,,32.04188,-81.05345,RECG,GA,51,Chatham,Georgia Coast
4184060,Bradley Creek,,,32.01521,-81.01317,STM,GA,51,Chatham,Georgia Coast
4184062,Bradley Flat,,,32.03882,-80.97983,BAR,GA,51,Chatham,Georgia Coast
4184070,Bradley Point,,,31.82244,-81.04816,CAPE,GA,51,Chatham,Georgia Coast
4184071,Bradley River,,,31.81883,-81.05622,STM,GA,51,Chatham,Georgia Coast
4184104,Brampton Plantation (historical),,,32.13159,-81.15483,,GA,51,Chatham,Georgia Coast
4184114,The Branches,,,31.94466,-81.07622,STM,GA,51,Chatham,Georgia Coast
4184215,Breakfast Creek,,,31.93521,-81.12205,STM,GA,51,Chatham,Georgia Coast
4184332,Brickyard Cemetery,,,32.02632,-81.31817,CMTY,GA,51,Chatham,Georgia Coast
4184598,Brookview,,,32.00438,-81.07428,PPLX,GA,51,Chatham,Georgia Coast
4185041,Buckhead,,,31.79383,-81.12955,PPL,GA,51,Chatham,Georgia Coast
4185046,Buckhead Creek,,,31.81577,-81.14288,STM,GA,51,Chatham,Georgia Coast
4185184,Bull River,,,31.97799,-80.92705,STM,GA,51,Chatham,Georgia Coast
4185329,Burnside,,,31.9441,-81.11067,PPL,GA,51,Chatham,Georgia Coast
4185330,Burnside Island,,,31.93271,-81.09066,ISL,GA,51,Chatham,Georgia Coast
4185331,Burnside River,,,31.92334,-81.09043,CHN,GA,51,Chatham,Georgia Coast
4185332,Burnside View,,,31.92716,-81.08178,PPL,GA,51,Chatham,Georgia Coast
4185364,Burntpot Island,,,31.97244,-81.04983,ISL,GA,51,Chatham,Georgia Coast
4185372,Burroughs,,,31.97493,-81.24761,PPL,GA,51,Chatham,Georgia Coast
4185579,Cabbage Creek,,,31.94966,-80.95983,STM,GA,51,Chatham,Georgia Coast
4185581,Cabbage Garden Creek,,,31.80578,-81.08455,STM,GA,51,Chatham,Georgia Coast
4185583,Cabbage Island Spit,,,31.92938,-80.95705,BAR,GA,51,Chatham,Georgia Coast
4185587,Cabbage Island,,,31.95605,-80.96761,ISL,GA,51,Chatham,Georgia Coast
4185680,Calhoun Square,,,32.07049,-81.09233,PRK,GA,51,Chatham,Georgia Coast
4185846,Camellia Terrace,,,32.03993,-81.05761,PPLX,GA,51,Chatham,Georgia Coast
4185916,Camp Creek,,,31.81967,-81.05205,STM,GA,51,Chatham,Georgia Coast
4185993,Camp Low,,,31.93049,-81.12872,CMP,GA,51,Chatham,Georgia Coast
4186002,Camp O'Hara Boy Scout Camp,,,32.0016,-81.23872,CMP,GA,51,Chatham,Georgia Coast
4186031,Camp Strachan,,,31.95049,-81.12455,CMP,GA,51,Chatham,Georgia Coast
4186110,Saint Joseph's Candler Hospital,,,32.028,-81.09946,HSP,GA,51,Chatham,Georgia Coast
4186146,Cane Patch Creek,,,31.81688,-81.14066,STM,GA,51,Chatham,Georgia Coast
4186155,Cane Patch Island,,,31.83827,-81.10622,ISL,GA,51,Chatham,Georgia Coast
4186330,Carnegie Library,,,32.06076,-81.0915,LIBR,GA,51,Chatham,Georgia Coast
4186386,Gould Elementary School,,,32.04736,-81.18584,SCH,GA,51,Chatham,Georgia Coast
4186477,Carter Creek,,,31.99688,-80.87983,STM,GA,51,Chatham,Georgia Coast
4186573,Carver Village,,,32.07076,-81.12039,PPL,GA,51,Chatham,Georgia Coast
4186698,Cathedral of Saint John the Baptist,,,32.07326,-81.09095,CH,GA,51,Chatham,Georgia Coast
4186719,Catholic Cemetery,,,32.06243,-81.06817,CMTY,GA,51,Chatham,Georgia Coast
4186727,Cattle Park Plantation (historical),,,32.00716,-81.0665,,GA,51,Chatham,Georgia Coast
4186734,Causton Bluff,,,32.0641,-81.029,CLF,GA,51,Chatham,Georgia Coast
4186832,Cedar Grove,,,31.96049,-81.15344,PPL,GA,51,Chatham,Georgia Coast
4186870,Cedar Hammock,,,31.97494,-81.08344,PPL,GA,51,Chatham,Georgia Coast
4187125,Central Junction,,,32.09021,-81.16428,PPL,GA,51,Chatham,Georgia Coast
4187135,Central of Georga Hospital,,,32.04965,-81.104,HSP,GA,51,Chatham,Georgia Coast
4187323,Charles Creek,,,31.87244,-81.13594,CHN,GA,51,Chatham,Georgia Coast
4187324,Ellis Elementary School,,,32.04678,-81.09746,SCH,GA,51,Chatham,Georgia Coast
4187326,Charles Holmes Herty Elementary School,,,32.05354,-81.06789,SCH,GA,51,Chatham,Georgia Coast
4187377,Cape Charlotte,,,31.91022,-80.93483,CAPE,GA,51,Chatham,Georgia Coast
4187388,Chatham Army Air Field (historical),,,32.12778,-81.20278,INSM,GA,51,Chatham,Georgia Coast
4187389,Chatham City,,,32.10048,-81.15428,PPL,GA,51,Chatham,Georgia Coast
4187390,Chatham County,,,31.97402,-81.09243,ADM2,GA,51,Chatham,Georgia Coast
4187391,Old Chatham County Courthouse,,,32.07743,-81.0915,BLDG,GA,51,Chatham,Georgia Coast
4187392,Chatham County Courthouse - Judicial Center,,,32.0791,-81.09678,BLDG,GA,51,Chatham,Georgia Coast
4187393,Chatham County Junior High School,,,32.07632,-81.09206,SCH,GA,51,Chatham,Georgia Coast
4187395,Chatham Plaza Shopping Center,,,32.0066,-81.11789,MALL,GA,51,Chatham,Georgia Coast
4187397,Chatham Square,,,32.07187,-81.09706,PRK,GA,51,Chatham,Georgia Coast
4187550,Cherokee Hill Cemetery,,,32.15215,-81.18511,CMTY,GA,51,Chatham,Georgia Coast
4187690,Chevis Oaks Church,,,31.98993,-81.25761,CH,GA,51,Chatham,Georgia Coast
4187753,Chimney Creek,,,32.00049,-80.86122,STM,GA,51,Chatham,Georgia Coast
4187781,Chippewa Square,,,32.07576,-81.09289,PRK,GA,51,Chatham,Georgia Coast
4187782,Chippewa Terrace,,,31.99882,-81.11622,PPL,GA,51,Chatham,Georgia Coast
4187810,Christ Episcopal Church,,,32.07937,-81.09095,CH,GA,51,Chatham,Georgia Coast
4188108,City Market,,,32.08076,-81.09539,,GA,51,Chatham,Georgia Coast
4188109,City Market Parking Garage,,,32.08049,-81.09456,,GA,51,Chatham,Georgia Coast
4188340,Clearview,,,32.09132,-81.12039,PPL,GA,51,Chatham,Georgia Coast
4188424,Clifton Plantation (historical),,,32.09743,-81.17595,,GA,51,Chatham,Georgia Coast
4188489,Cloverdale,,,32.06687,-81.129,PPLX,GA,51,Chatham,Georgia Coast
4188529,Coastal State Prison,,,32.13731,-81.18714,BLDG,GA,51,Chatham,Georgia Coast
4188616,Cock Spur Island Channel,,,32.01994,-80.87178,CHN,GA,51,Chatham,Georgia Coast
4188618,Cockspur Island,,,32.02672,-80.89261,ISL,GA,51,Chatham,Georgia Coast
4188627,Coffee Bluff,,,31.93688,-81.15316,PPL,GA,51,Chatham,Georgia Coast
4188629,Coffee Bluff Plantation,,,31.94382,-81.15178,PPL,GA,51,Chatham,Georgia Coast
4188914,Colonial Oaks,,,31.96216,-81.14844,PPLX,GA,51,Chatham,Georgia Coast
4188916,Colonial Park Cemetery,,,32.07515,-81.09002,CMTY,GA,51,Chatham,Georgia Coast
4188981,Columbia Square,,,32.07687,-81.08789,PRK,GA,51,Chatham,Georgia Coast
4189025,Commercial High School,,,32.0591,-81.09872,SCH,GA,51,Chatham,Georgia Coast
4189547,Cornfield,,,31.883,-81.07483,STM,GA,51,Chatham,Georgia Coast
4189592,Cotton Exchange,,,32.08104,-81.08956,BLDG,GA,51,Chatham,Georgia Coast
4189610,Country Club Creek,,,32.00855,-81.054,STM,GA,51,Chatham,Georgia Coast
4189640,Country Side,,,32.01077,-81.07345,SCH,GA,51,Chatham,Georgia Coast
4189877,Crab Creek,,,32.00688,-80.86233,STM,GA,51,Chatham,Georgia Coast
4189950,Crawford Square,,,32.0741,-81.08678,PRK,GA,51,Chatham,Georgia Coast
4190027,Crest Lawn Memory Gardens,,,32.04854,-81.04372,CMTY,GA,51,Chatham,Georgia Coast
4190031,Cresthill,,,31.98993,-81.08733,PPL,GA,51,Chatham,Georgia Coast
4190032,Cresthill Church,,,31.97521,-81.10567,CH,GA,51,Chatham,Georgia Coast
4190100,Crooked Creek,,,31.91105,-80.95816,STM,GA,51,Chatham,Georgia Coast
4190101,Crooked Creek,,,31.89299,-81.10539,STM,GA,51,Chatham,Georgia Coast
4190190,Cross Tides,,,32.12909,-81.12428,CHN,GA,51,Chatham,Georgia Coast
4190228,Crossroads Shopping Center,,,32.04132,-81.06261,MALL,GA,51,Chatham,Georgia Coast
4190350,Culvert Swamp,,,32.05798,-81.2465,SWMP,GA,51,Chatham,Georgia Coast
4190431,Curtis Creek,,,31.86855,-81.02594,STM,GA,51,Chatham,Georgia Coast
4190538,Daffin Heights,,,32.02854,-81.08095,PPL,GA,51,Chatham,Georgia Coast
4190539,Daffin Park,,,32.04549,-81.08206,PRK,GA,51,Chatham,Georgia Coast
4190794,Davenport House,,,32.07743,-81.08789,BLDG,GA,51,Chatham,Georgia Coast
4190987,Daymark Island,,,32.03216,-80.88761,ISL,GA,51,Chatham,Georgia Coast
4191030,DeRenne Shopping Center,,,32.02771,-81.10872,MALL,GA,51,Chatham,Georgia Coast
4191031,DeRenne Terrace,,,32.01521,-81.07067,PPLX,GA,51,Chatham,Georgia Coast
4191052,Dead Man Hammock,,,31.91827,-80.97483,ISL,GA,51,Chatham,Georgia Coast
4191069,Deadmans Point,,,32.22076,-81.15178,CAPE,GA,51,Chatham,Georgia Coast
4191085,Dean Forest Church,,,32.07354,-81.19761,CH,GA,51,Chatham,Georgia Coast
4191252,Delegal Creek,,,31.87716,-81.06233,STM,GA,51,Chatham,Georgia Coast
4191347,DeRenne Middle School,,,32.04584,-81.11821,SCH,GA,51,Chatham,Georgia Coast
4191531,Dissenters Meeting House (historical),,,32.08049,-81.09317,CH,GA,51,Chatham,Georgia Coast
4192051,Drakies Bluff,,,32.17826,-81.15622,CLF,GA,51,Chatham,Georgia Coast
4192052,Drakies Cut,,,32.17798,-81.15483,CHN,GA,51,Chatham,Georgia Coast
4192053,Drakies Point,,,32.17131,-81.14622,CAPE,GA,51,Chatham,Georgia Coast
4192056,Draughton Junior College,,,32.06493,-81.099,SCH,GA,51,Chatham,Georgia Coast
4192434,Dutch Island,,,32.00605,-81.03122,ISL,GA,51,Chatham,Georgia Coast
4192697,East Savannah Cemetery,,,32.05382,-81.05233,CMTY,GA,51,Chatham,Georgia Coast
4192960,Edgemere,,,32.03938,-81.08761,PPL,GA,51,Chatham,Georgia Coast
4193050,Egret Pond,,,31.79574,-81.10586,SWMP,GA,51,Chatham,Georgia Coast
4193086,Elba Island,,,32.09104,-81.00039,ISL,GA,51,Chatham,Georgia Coast
4193087,Elba Island Cut,,,32.06688,-80.98511,CHN,GA,51,Chatham,Georgia Coast
4193114,Elbow Canal,,,31.93327,-81.26372,CNL,GA,51,Chatham,Georgia Coast
4193146,Elbert Square,,,32.07687,-81.09761,PRK,GA,51,Chatham,Georgia Coast
4193154,Whitney Elementary School (CLOSED),,,32.06684,-81.05039,SCH,GA,51,Chatham,Georgia Coast
4193156,Eleanor Pond,,,31.79863,-81.05129,LK,GA,51,Chatham,Georgia Coast
4193196,Elkins Cemetery,,,32.07382,-81.36428,CMTY,GA,51,Chatham,Georgia Coast
4193203,Ella Island,,,31.89688,-81.12094,ISL,GA,51,Chatham,Georgia Coast
4193280,Ellis Square (historical),,,32.08049,-81.09372,PRK,GA,51,Chatham,Georgia Coast
4193398,Emmet Park,,,32.07993,-81.08622,PRK,GA,51,Chatham,Georgia Coast
4193465,Ennis Cemetery,,,32.09604,-81.29567,CMTY,GA,51,Chatham,Georgia Coast
4193660,Eugene E Talmadge Memorial Bridge,,,32.08882,-81.099,BDG,GA,51,Chatham,Georgia Coast
4193761,Evergreen Cemetery,,,32.04632,-81.14261,CMTY,GA,51,Chatham,Georgia Coast
4193856,Exit 16,,,32.00465,-81.28345,RDJCT,GA,51,Chatham,Georgia Coast
4193860,Exit 17,,,32.07437,-81.24595,RDJCT,GA,51,Chatham,Georgia Coast
4193864,Exit 18,,,32.11298,-81.23789,RDJCT,GA,51,Chatham,Georgia Coast
4193870,Exit 19,,,32.19187,-81.19511,RDJCT,GA,51,Chatham,Georgia Coast
4193929,Exit 31,,,32.09965,-81.32345,RDJCT,GA,51,Chatham,Georgia Coast
4193933,Exit 32,,,32.07437,-81.24595,RDJCT,GA,51,Chatham,Georgia Coast
4193937,Exit 33,,,32.07021,-81.20261,RDJCT,GA,51,Chatham,Georgia Coast
4193941,Exit 34,,,32.0716,-81.13511,RDJCT,GA,51,Chatham,Georgia Coast
4193945,Exit 35,,,32.06687,-81.11483,RDJCT,GA,51,Chatham,Georgia Coast
4193948,Exit 36,,,32.06993,-81.10706,RDJCT,GA,51,Chatham,Georgia Coast
4193951,Exit 37,,,32.07243,-81.10067,RDJCT,GA,51,Chatham,Georgia Coast
4194090,Factors Walk,,,32.08104,-81.08872,,GA,51,Chatham,Georgia Coast
4194141,Fairfield,,,32.03271,-81.09067,PPL,GA,51,Chatham,Georgia Coast
4194179,Fairlawn Cemetery,,,32.13076,-81.15067,CMTY,GA,51,Chatham,Georgia Coast
4194255,Fairway Oaks,,,32.01993,-81.09595,PPL,GA,51,Chatham,Georgia Coast
4194519,Fellowship Church,,,31.98716,-81.10233,CH,GA,51,Chatham,Georgia Coast
4194581,Fernwood,,,32.03216,-81.06428,PPL,GA,51,Chatham,Georgia Coast
4194642,Fig Island,,,32.08271,-81.05345,ISL,GA,51,Chatham,Georgia Coast
4194713,First African Baptist Church,,,32.0816,-81.09622,CH,GA,51,Chatham,Georgia Coast
4194765,First Baptist Church,,,32.07604,-81.09372,CH,GA,51,Chatham,Georgia Coast
4195015,First Mount Calvary Church,,,32.09243,-81.16511,CH,GA,51,Chatham,Georgia Coast
4195200,Five Docks Canal,,,31.93438,-81.26011,CNL,GA,51,Chatham,Georgia Coast
4195201,Five Mile Cut,,,31.91688,-81.10094,STM,GA,51,Chatham,Georgia Coast
4195241,Flag Pond,,,31.89689,-80.95015,LK,GA,51,Chatham,Georgia Coast
4195251,Flame of Freedom,,,32.0791,-81.09706,PRK,GA,51,Chatham,Georgia Coast
4195399,Fleetwood,,,32.03132,-81.07317,PPL,GA,51,Chatham,Georgia Coast
4195487,Flora Hammock,,,31.89744,-81.01789,ISL,GA,51,Chatham,Georgia Coast
4195507,Florida Junction,,,32.07049,-81.12956,PPL,GA,51,Chatham,Georgia Coast
4195516,Florence Elementary School,,,32.0616,-81.10817,SCH,GA,51,Chatham,Georgia Coast
4195521,Flowerville Plantation (historical),,,32.01354,-81.17622,,GA,51,Chatham,Georgia Coast
4195624,Ford Island,,,31.9266,-81.26789,ISL,GA,51,Chatham,Georgia Coast
4195650,Forest City Gun Club,,,31.98355,-81.08594,,GA,51,Chatham,Georgia Coast
4195651,Forest City Gun Club Lake,,,31.98064,-81.09549,RSV,GA,51,Chatham,Georgia Coast
4195652,Forest City Gun Club Lake Dam,,,31.98021,-81.09483,DAM,GA,51,Chatham,Georgia Coast
4195697,Forest Lawn Memory Gardens,,,32.05049,-81.04289,CMTY,GA,51,Chatham,Georgia Coast
4195718,Forest River,,,31.92188,-81.14622,STM,GA,51,Chatham,Georgia Coast
4195720,Forest River Farms,,,31.99049,-81.17567,PPL,GA,51,Chatham,Georgia Coast
4195758,Forrest Hills,,,32.02216,-81.08122,PPL,GA,51,Chatham,Georgia Coast
4195759,Forrest Hills Park,,,32.02438,-81.08039,PRK,GA,51,Chatham,Georgia Coast
4195782,Forsyth Park,,,32.06743,-81.09539,PRK,GA,51,Chatham,Georgia Coast
4195821,Fort Hammock,,,31.92105,-81.13372,ISL,GA,51,Chatham,Georgia Coast
4195861,Fort Pulaski National Monument,,,32.03082,-80.93361,PRK,GA,51,Chatham,Georgia Coast
4195864,Fort Screven,,,32.02105,-80.84428,PPL,GA,51,Chatham,Georgia Coast
4195865,Fort Screven Historic District,,,32.02105,-80.84483,PRK,GA,51,Chatham,Georgia Coast
4195882,Fort Wayne (historical),,,32.07861,-81.08417,INSM,GA,51,Chatham,Georgia Coast
4195962,Four Mile Point,,,32.09188,-81.01761,CAPE,GA,51,Chatham,Georgia Coast
4196082,Spencer Elementary School,,,32.06456,-81.07732,SCH,GA,51,Chatham,Georgia Coast
4196101,Franklin Creek,,,31.90494,-81.06316,STM,GA,51,Chatham,Georgia Coast
4196123,Franklin Square,,,32.08104,-81.09595,PRK,GA,51,Chatham,Georgia Coast
4196124,Franklin Square Theatre (historical),,,32.08104,-81.09622,BLDG,GA,51,Chatham,Georgia Coast
4196242,Friday Creek,,,31.94271,-81.13372,STM,GA,51,Chatham,Georgia Coast
4196435,Front River,,,32.14409,-81.14095,STM,GA,51,Chatham,Georgia Coast
4196436,Front River,,,32.08465,-81.09511,CHN,GA,51,Chatham,Georgia Coast
4196687,Garden Acres Estates,,,32.10354,-81.25067,PPL,GA,51,Chatham,Georgia Coast
4196688,Garden City,,,32.11437,-81.154,PPL,GA,51,Chatham,Georgia Coast
4196689,Garden City Terminal Georgia Ports Authority,,,32.12104,-81.13539,,GA,51,Chatham,Georgia Coast
4196873,Mercer Middle School,,,32.11084,-81.16199,SCH,GA,51,Chatham,Georgia Coast
4196917,Georgetown,,,31.98326,-81.22733,PPL,GA,51,Chatham,Georgia Coast
4196946,Georgia Infirmary,,,32.05771,-81.09622,HSP,GA,51,Chatham,Georgia Coast
4196969,Georgia Regional Hospital at Savannah,,,32.00005,-81.08178,HSP,GA,51,Chatham,Georgia Coast
4197088,Haven Elementary School,,,32.03474,-81.12388,SCH,GA,51,Chatham,Georgia Coast
4197351,Globe Shopping Center,,,32.02854,-81.10872,MALL,GA,51,Chatham,Georgia Coast
4197410,Goat Point,,,32.01771,-80.88289,CAPE,GA,51,Chatham,Georgia Coast
4197464,Golden Isles,,,32.02521,-80.96845,PPL,GA,51,Chatham,Georgia Coast
4197579,Goose Pond,,,31.76703,-81.12381,SWMP,GA,51,Chatham,Georgia Coast
4197656,Gordonston,,,32.05521,-81.06622,PPL,GA,51,Chatham,Georgia Coast
4197920,Gravel Hill Cemetery,,,32.1252,-81.27984,CMTY,GA,51,Chatham,Georgia Coast
4197958,Grays Creek,,,32.03104,-81.04595,STM,GA,51,Chatham,Georgia Coast
4197967,Grays Subdivision,,,32.04493,-81.01206,PPL,GA,51,Chatham,Georgia Coast
4197972,Grayson Stadium,,,32.04465,-81.079,STDM,GA,51,Chatham,Georgia Coast
4198023,Green Acres,,,32.04549,-81.0615,PPL,GA,51,Chatham,Georgia Coast
4198097,Green Island,,,31.89683,-81.08175,ISL,GA,51,Chatham,Georgia Coast
4198101,Green Island Sound,,,31.873,-81.07844,BAY,GA,51,Chatham,Georgia Coast
4198171,Greene Square,,,32.07604,-81.08595,PRK,GA,51,Chatham,Georgia Coast
4198236,Greenwich Cemetery,,,32.04882,-81.03956,CMTY,GA,51,Chatham,Georgia Coast
4198401,Grimball Creek,,,31.9891,-81.03594,STM,GA,51,Chatham,Georgia Coast
4198403,Grimball Point,,,31.9891,-81.04456,CAPE,GA,51,Chatham,Georgia Coast
4198404,Grimbles Point,,,32.01632,-81.04428,CAPE,GA,51,Chatham,Georgia Coast
4198416,Grimball Park,,,31.99327,-81.06372,PPL,GA,51,Chatham,Georgia Coast
4198472,Grove Hill Plantation (historical),,,31.95938,-81.21789,,GA,51,Chatham,Georgia Coast
4198484,Grove Park,,,31.99577,-81.10372,PPLX,GA,51,Chatham,Georgia Coast
4198487,Grove Park Plaza Shopping Center,,,31.9941,-81.10483,MALL,GA,51,Chatham,Georgia Coast
4198488,Grove Point,,,31.9516,-81.204,PPL,GA,51,Chatham,Georgia Coast
4198489,Grove Point Plantation (historical),,,31.95049,-81.20483,,GA,51,Chatham,Georgia Coast
4198490,Grove River,,,31.92132,-81.14816,STM,GA,51,Chatham,Georgia Coast
4198502,Groveland,,,32.02521,-81.10733,PPL,GA,51,Chatham,Georgia Coast
4198512,Groves Creek,,,31.97244,-81.01372,STM,GA,51,Chatham,Georgia Coast
4198518,Grubbs,,,32.01049,-81.18095,PPL,GA,51,Chatham,Georgia Coast
4198526,Guckenheimer Park,,,32.04938,-81.09622,PRK,GA,51,Chatham,Georgia Coast
4198606,Gun Hill Cemetery,,,31.99604,-81.29567,CMTY,GA,51,Chatham,Georgia Coast
4198692,Habersham Creek,,,31.92827,-81.00872,STM,GA,51,Chatham,Georgia Coast
4198702,Habersham Shopping Center,,,32.03604,-81.10595,MALL,GA,51,Chatham,Georgia Coast
4198704,Habersham Woods,,,32.01965,-81.10706,PPLX,GA,51,Chatham,Georgia Coast
4198707,Habersham Creek,,,32.07382,-81.01483,STM,GA,51,Chatham,Georgia Coast
4198765,Halcyon Bluff,,,31.97993,-81.10928,PPL,GA,51,Chatham,Georgia Coast
4198796,Halfmoon River,,,31.95966,-80.94205,STM,GA,51,Chatham,Georgia Coast
4198902,Hamer,,,32.09409,-81.20761,PPL,GA,51,Chatham,Georgia Coast
4198931,Hamilton Turner House,,,32.07465,-81.0915,BLDG,GA,51,Chatham,Georgia Coast
4198969,Hammonds Pass,,,31.83883,-81.07622,CHN,GA,51,Chatham,Georgia Coast
4199026,Haneys Creek,,,31.98355,-81.11094,STM,GA,51,Chatham,Georgia Coast
4199115,Harbor Creek,,,32.02382,-80.97206,PPL,GA,51,Chatham,Georgia Coast
4199155,Hardin Canal,,,32.10076,-81.25678,CNL,GA,51,Chatham,Georgia Coast
4199512,Harrock Hall,,,31.99494,-81.06733,PPL,GA,51,Chatham,Georgia Coast
4199513,Harry Hammock,,,31.79633,-81.08066,ISL,GA,51,Chatham,Georgia Coast
4199583,Harvey Creek,,,31.89494,-81.13955,STM,GA,51,Chatham,Georgia Coast
4199584,Harvey Cut,,,31.91021,-81.1765,CHN,GA,51,Chatham,Georgia Coast
4199601,Harveys Island,,,31.87716,-81.12761,ISL,GA,51,Chatham,Georgia Coast
4199644,Haven Home School,,,31.99632,-81.11678,SCH,GA,51,Chatham,Georgia Coast
4199675,Hawkins Chapel,,,31.98049,-81.21872,CH,GA,51,Chatham,Georgia Coast
4199919,Hedeman Park,,,32.04715,-81.09289,PRK,GA,51,Chatham,Georgia Coast
4199934,Hell Gate,,,31.86253,-81.08374,CHN,GA,51,Chatham,Georgia Coast
4200097,Herb River,,,32.02021,-81.03122,STM,GA,51,Chatham,Georgia Coast
4200102,Jenkins High School,,,32.02248,-81.08291,SCH,GA,51,Chatham,Georgia Coast
4200144,Hermitage Road Plantation (historical),,,32.10465,-81.12733,,GA,51,Chatham,Georgia Coast
4200167,Hesse Elementary School,,,31.97832,-81.10485,SCH,GA,51,Chatham,Georgia Coast
4200444,Highland Park,,,32.00966,-81.10039,PPL,GA,51,Chatham,Georgia Coast
4200550,Hillcrest Abby West Cemetery,,,32.05771,-81.20872,CMTY,GA,51,Chatham,Georgia Coast
4200555,Hillcrest Cemetery,,,32.06493,-81.07039,CMTY,GA,51,Chatham,Georgia Coast
4200719,Historic Railroad Shops,,,32.07465,-81.09983,BLDG,GA,51,Chatham,Georgia Coast
4200761,Hodges Airpark,,,31.98633,-81.24843,AIRP,GA,51,Chatham,Georgia Coast
4200796,Hodgson Hall,,,32.07021,-81.09678,BLDG,GA,51,Chatham,Georgia Coast
4200823,Hog Marsh Island,,,32.17631,-81.14567,ISL,GA,51,Chatham,Georgia Coast
4200831,Hog Island,,,32.13882,-81.12067,ISL,GA,51,Chatham,Georgia Coast
4201115,Holy Angels Church,,,32.10076,-81.28233,CH,GA,51,Chatham,Georgia Coast
4201222,Hoover Creek,,,31.94521,-81.17011,STM,GA,51,Chatham,Georgia Coast
4201229,Isle of Hope,,,31.96688,-81.06983,ISL,GA,51,Chatham,Georgia Coast
4201243,Hopeton Plantation Cemetery,,,32.01354,-81.25733,CMTY,GA,51,Chatham,Georgia Coast
4201244,Hopeton Plantation Field (historical),,,32.03465,-81.26289,AIRQ,GA,51,Chatham,Georgia Coast
4201339,Horning Memorial,,,32.11354,-81.32233,CMTY,GA,51,Chatham,Georgia Coast
4201370,Horse Hammock,,,31.82661,-81.07177,ISL,GA,51,Chatham,Georgia Coast
4201378,Horse Pen Creek,,,31.99799,-80.85511,STM,GA,51,Chatham,Georgia Coast
4201380,Horse Pen Swamp,,,32.09729,-81.34736,SWMP,GA,51,Chatham,Georgia Coast
4201393,Horse Pen Hammock,,,32.00827,-80.85344,ISL,GA,51,Chatham,Georgia Coast
4201488,House Creek,,,31.94633,-80.92789,STM,GA,51,Chatham,Georgia Coast
4201514,Houston Creek,,,31.93605,-81.13511,STM,GA,51,Chatham,Georgia Coast
4201515,Houston Church,,,32.21992,-81.19678,CH,GA,51,Chatham,Georgia Coast
4201534,Houstown Cut,,,32.17131,-81.13983,CHN,GA,51,Chatham,Georgia Coast
4201561,Howard Elementary School,,,32.00948,-80.98493,SCH,GA,51,Chatham,Georgia Coast
4201702,Hull Park,,,32.04077,-81.09483,PRK,GA,51,Chatham,Georgia Coast
4201757,Hunter Golf Course,,,32.0041,-81.13039,RECG,GA,51,Chatham,Georgia Coast
4201873,Hutchinson Island,,,32.09826,-81.10289,ISL,GA,51,Chatham,Georgia Coast
4201887,Hyatt Regency Hotel Heliport,,,32.08187,-81.09206,AIRH,GA,51,Chatham,Georgia Coast
4201953,Independent Presbyterian Church,,,32.0766,-81.09317,CH,GA,51,Chatham,Georgia Coast
4202305,Islands Church,,,32.04271,-81.01039,CH,GA,51,Chatham,Georgia Coast
4202307,Isle of Armstrong,,,32.03771,-81.03956,PPL,GA,51,Chatham,Georgia Coast
4202308,Isle of Hope,,,31.98188,-81.06094,PPL,GA,51,Chatham,Georgia Coast
4202310,Isle of Hope Elementary School,,,31.98,-81.06416,SCH,GA,51,Chatham,Georgia Coast
4202311,Isle of Hope Historic District,,,31.9816,-81.05733,PRK,GA,51,Chatham,Georgia Coast
4202312,Isle of Hope River,,,31.96688,-81.05733,STM,GA,51,Chatham,Georgia Coast
4202369,Butler Elementary School,,,32.06387,-81.12572,SCH,GA,51,Chatham,Georgia Coast
4202532,Jacobs Creek,,,31.73855,-81.14677,STM,GA,51,Chatham,Georgia Coast
4202890,Joes Cut,,,31.93633,-80.98511,CHN,GA,51,Chatham,Georgia Coast
4202915,John Rousakis Plaza,,,32.08132,-81.09011,PRK,GA,51,Chatham,Georgia Coast
4202916,John S Wilder Middle School,,,32.02854,-81.08817,SCH,GA,51,Chatham,Georgia Coast
4202926,Hubert Middle School,,,32.06577,-81.08496,SCH,GA,51,Chatham,Georgia Coast
4203073,Johnson Square,,,32.07993,-81.0915,PRK,GA,51,Chatham,Georgia Coast
4203287,Jones Narrows,,,31.95883,-81.06344,STM,GA,51,Chatham,Georgia Coast
4203444,Juliette Gordon Low Birthplace,,,32.07493,-81.09317,,GA,51,Chatham,Georgia Coast
4203445,Juliette Gordon Low Girl Scout National Center,,,32.07493,-81.09317,BLDG,GA,51,Chatham,Georgia Coast
4203447,Juliette Low Park,,,32.05743,-81.06789,PRK,GA,51,Chatham,Georgia Coast
4203448,Juliette Low Elementary School,,,32.02505,-81.08151,SCH,GA,51,Chatham,Georgia Coast
4203719,Kensington Park,,,32.02354,-81.10178,PPL,GA,51,Chatham,Georgia Coast
4203785,Kicklighter School,,,32.00354,-81.0965,SCH,GA,51,Chatham,Georgia Coast
4203907,King-Tisdell Cottage,,,32.06799,-81.089,BLDG,GA,51,Chatham,Georgia Coast
4203908,King-Tisdell Foundation Building,,,32.06799,-81.089,BLDG,GA,51,Chatham,Georgia Coast
4203969,Kings Ferry Bridge,,,31.97826,-81.28872,BDG,GA,51,Chatham,Georgia Coast
4203970,Kings Ferry Park,,,31.97854,-81.28678,PRK,GA,51,Chatham,Georgia Coast
4203974,Kings Island,,,32.12215,-81.1315,ISL,GA,51,Chatham,Georgia Coast
4204003,Kings Wood,,,31.97799,-81.09983,PPL,GA,51,Chatham,Georgia Coast
4204264,Lafayette Square,,,32.07299,-81.0915,PRK,GA,51,Chatham,Georgia Coast
4204582,Lake Mayer Park,,,31.99216,-81.08706,PRK,GA,51,Chatham,Georgia Coast
4204815,Lakeside Park,,,31.99855,-81.0665,PPL,GA,51,Chatham,Georgia Coast
4204877,Lamara Heights,,,32.03354,-81.10345,PPL,GA,51,Chatham,Georgia Coast
4204881,Lamarville,,,32.03382,-81.14845,PPL,GA,51,Chatham,Georgia Coast
4205054,Largo Plaza Shopping Center,,,31.98132,-81.14928,MALL,GA,51,Chatham,Georgia Coast
4205056,Largo - Tibet Elementary School,,,31.99306,-81.14058,SCH,GA,51,Chatham,Georgia Coast
4205062,Laroche Park,,,32.0316,-81.07956,PRK,GA,51,Chatham,Georgia Coast
4205094,Lathrop Plantation (historical),,,32.12937,-81.14539,,GA,51,Chatham,Georgia Coast
4205123,Laurel Green Plantation (historical),,,32.01271,-81.23511,,GA,51,Chatham,Georgia Coast
4205126,Laurel Grove Cemetery,,,32.06271,-81.11233,CMTY,GA,51,Chatham,Georgia Coast
4205242,Lazaretto (historical),,,32.01549,-80.87011,PPLQ,GA,51,Chatham,Georgia Coast
4205243,Lazaretto Creek,,,32.00438,-80.8965,CHN,GA,51,Chatham,Georgia Coast
4205256,LePageville,,,32.07188,-81.059,PPL,GA,51,Chatham,Georgia Coast
4205302,Lebanon Plantation (historical),,,32.0316,-81.21789,,GA,51,Chatham,Georgia Coast
4205362,Myers Middle School,,,32.0324,-81.07023,SCH,GA,51,Chatham,Georgia Coast
4205371,Leedsgate,,,31.9941,-81.13789,PPLX,GA,51,Chatham,Georgia Coast
4205419,Shuman Middle School,,,32.06197,-81.06686,SCH,GA,51,Chatham,Georgia Coast
4205614,Liberty City,,,32.04771,-81.13761,PPL,GA,51,Chatham,Georgia Coast
4205792,Lincoln Memorial Cemetery,,,32.02132,-81.12706,CMTY,GA,51,Chatham,Georgia Coast
4205914,Little Back River,,,32.13076,-81.11789,STM,GA,51,Chatham,Georgia Coast
4206125,Little Hearst Branch,,,32.18659,-81.17122,STM,GA,51,Chatham,Georgia Coast
4206206,Little Neck Plantation (historical),,,32.00632,-81.24567,,GA,51,Chatham,Georgia Coast
4206218,Little Ogeechee Pond,,,32.05883,-81.28928,RSV,GA,51,Chatham,Georgia Coast
4206219,Little Ogeechee River,,,31.85308,-81.02097,STM,GA,51,Chatham,Georgia Coast
4206376,Little Tom Creek,,,31.79105,-81.16344,STM,GA,51,Chatham,Georgia Coast
4206381,Little Tybee Creek,,,31.96716,-80.89344,CHN,GA,51,Chatham,Georgia Coast
4206382,Little Tybee Island,,,31.97522,-80.8915,ISL,GA,51,Chatham,Georgia Coast
4206396,Little Wassaw Island,,,31.88516,-81.02397,ISL,GA,51,Chatham,Georgia Coast
4206430,Live Oak Park,,,32.05993,-81.08039,PRK,GA,51,Chatham,Georgia Coast
4206671,Long Creek,,,31.97216,-80.96039,STM,GA,51,Chatham,Georgia Coast
4206692,Long Island,,,31.90466,-80.98316,ISL,GA,51,Chatham,Georgia Coast
4206693,Long Island,,,31.9566,-81.06289,ISL,GA,51,Chatham,Georgia Coast
4206694,Long Island,,,32.04799,-80.93956,ISL,GA,51,Chatham,Georgia Coast
4206861,Lotts Island,,,31.98827,-81.18344,ISL,GA,51,Chatham,Georgia Coast
4207065,Lucas Theatre,,,32.07882,-81.08928,BLDG,GA,51,Chatham,Georgia Coast
4207157,Lutheran Church of the Ascension,,,32.07771,-81.0915,CH,GA,51,Chatham,Georgia Coast
4207158,Lutheran Church of the Ascention,,,32.07576,-81.09233,CH,GA,51,Chatham,Georgia Coast
4207189,Lynhurst,,,31.99243,-81.1115,PPL,GA,51,Chatham,Georgia Coast
4207241,Macedona Church,,,31.99021,-81.079,CH,GA,51,Chatham,Georgia Coast
4207388,Mackey Point,,,32.0891,-81.01844,CAPE,GA,51,Chatham,Georgia Coast
4207463,Madison Square,,,32.07326,-81.09372,PRK,GA,51,Chatham,Georgia Coast
4207502,Magnolia Church,,,32.03549,-81.15817,CH,GA,51,Chatham,Georgia Coast
4207518,Magnolia Memorial Park,,,32.03882,-81.2165,CMTY,GA,51,Chatham,Georgia Coast
4207519,Magnolia Park,,,32.01882,-81.08261,PPL,GA,51,Chatham,Georgia Coast
4207714,Gadsden Elementary School,,,32.06826,-81.10622,SCH,GA,51,Chatham,Georgia Coast
4207869,Marsh Island,,,31.93049,-81.0765,ISL,GA,51,Chatham,Georgia Coast
4207870,Marsh Island Channel,,,32.09354,-81.10428,CHN,GA,51,Chatham,Georgia Coast
4207900,Marshwood at the Landings,,,31.93994,-81.0315,PPL,GA,51,Chatham,Georgia Coast
4207959,Martin G Haynes Elementary School,,,32.09826,-81.1515,SCH,GA,51,Chatham,Georgia Coast
4208017,Mary Calder Golf Course,,,32.09576,-81.13039,RECG,GA,51,Chatham,Georgia Coast
4208021,Mary Galder Golf Course,,,32.09604,-81.13206,RECG,GA,51,Chatham,Georgia Coast
4208086,Massie School (historical),,,32.07076,-81.09345,SCH,GA,51,Chatham,Georgia Coast
4208200,Cape May,,,31.89272,-80.9515,CAPE,GA,51,Chatham,Georgia Coast
4208206,Lake Mayer,,,31.9966,-81.08178,LK,GA,51,Chatham,Georgia Coast
4208211,Mayfair,,,31.99299,-81.09428,PPL,GA,51,Chatham,Georgia Coast
4208269,McAlpine Square Shopping Center,,,32.04382,-81.06789,MALL,GA,51,Chatham,Georgia Coast
4208301,McCauley Park,,,32.04577,-81.09733,PRK,GA,51,Chatham,Georgia Coast
4208682,McQueens Island,,,32.03493,-80.95233,ISL,GA,51,Chatham,Georgia Coast
4208800,Medical Arts Shopping Center,,,32.03077,-81.09261,MALL,GA,51,Chatham,Georgia Coast
4208833,Meinhard,,,32.18159,-81.21095,PPL,GA,51,Chatham,Georgia Coast
4208883,Memorial University Medical Center,,,32.03014,-81.0888,HSP,GA,51,Chatham,Georgia Coast
4208888,Memorial Hospital Heliport,,,32.02938,-81.07345,AIRH,GA,51,Chatham,Georgia Coast
4208905,Memorial Stadium,,,31.99327,-81.07983,STDM,GA,51,Chatham,Georgia Coast
4209071,Middle Marsh Island,,,31.95216,-81.18928,ISL,GA,51,Chatham,Georgia Coast
4209072,Middle Marsh Islands,,,31.85688,-81.10372,ISL,GA,51,Chatham,Georgia Coast
4209085,Middle Place,,,31.80161,-81.11205,PPL,GA,51,Chatham,Georgia Coast
4209094,Middle River,,,32.14354,-81.13983,STM,GA,51,Chatham,Georgia Coast
4209261,Miles and Taylor Plantation (historical),,,32.11965,-81.14011,,GA,51,Chatham,Georgia Coast
4209330,Mill Creek,,,31.91272,-80.94316,STM,GA,51,Chatham,Georgia Coast
4209548,Millers Station (historical),,,31.98771,-81.22483,,GA,51,Chatham,Georgia Coast
4209920,Monteith,,,32.18048,-81.19011,PPL,GA,51,Chatham,Georgia Coast
4209924,Monterey Square,,,32.07132,-81.09483,PRK,GA,51,Chatham,Georgia Coast
4209934,Montgomery,,,31.94049,-81.12205,PPL,GA,51,Chatham,Georgia Coast
4209973,Montgomery Crossroads Shopping Center,,,31.99466,-81.10622,MALL,GA,51,Chatham,Georgia Coast
4209999,Moon River,,,31.92522,-81.07205,STM,GA,51,Chatham,Georgia Coast
4210156,Morgans Bridge,,,32.08048,-81.38483,BDG,GA,51,Chatham,Georgia Coast
4210265,Mortons Mobile Home Park,,,32.04076,-81.18511,PPL,GA,51,Chatham,Georgia Coast
4210608,Mount Herman,,,31.95355,-81.14539,PPL,GA,51,Chatham,Georgia Coast
4210658,Mount Marriah Church,,,32.18048,-81.19789,CH,GA,51,Chatham,Georgia Coast
4210913,Mount Pleasant,,,31.94743,-81.14622,PPL,GA,51,Chatham,Georgia Coast
4211513,Mud Creek,,,32.04049,-80.97872,STM,GA,51,Chatham,Georgia Coast
4211539,Mud Island,,,31.96716,-80.95983,ISL,GA,51,Chatham,Georgia Coast
4211577,Mulberry Grove,,,32.18965,-81.15928,PPL,GA,51,Chatham,Georgia Coast
4211745,Myers Park,,,32.0541,-81.11011,PRK,GA,51,Chatham,Georgia Coast
4211855,Nathaniel Greene Park,,,32.04132,-81.10567,PRK,GA,51,Chatham,Georgia Coast
4211862,National Wassaw Wildlife Refuge,,,31.90133,-80.97761,PRK,GA,51,Chatham,Georgia Coast
4212100,New Cut,,,31.90939,-80.97816,CHN,GA,51,Chatham,Georgia Coast
4212127,New Ferry (historical),,,31.95994,-81.05678,RDJCT,GA,51,Chatham,Georgia Coast
4212148,New Guinea Cemetery,,,31.99105,-81.09122,CMTY,GA,51,Chatham,Georgia Coast
4212210,New Hope Canal,,,31.93077,-81.2465,CNL,GA,51,Chatham,Georgia Coast
4212472,New Mount Olive Church,,,31.97354,-81.24594,CH,GA,51,Chatham,Georgia Coast
4212600,New Testament Church,,,32.02965,-81.22067,CH,GA,51,Chatham,Georgia Coast
4212671,Newell Creek,,,31.74522,-81.14982,STM,GA,51,Chatham,Georgia Coast
4212786,Nicholsonville,,,31.95938,-81.13761,PPL,GA,51,Chatham,Georgia Coast
4212787,Nicholsonville Baptist Church,,,31.95855,-81.13761,CH,GA,51,Chatham,Georgia Coast
4213003,North Field,,,31.82855,-81.08844,SWMP,GA,51,Chatham,Georgia Coast
4213098,North Otter Pond,,,31.89994,-80.95038,LK,GA,51,Chatham,Georgia Coast
4213139,North Salem Church,,,32.19187,-81.23956,CH,GA,51,Chatham,Georgia Coast
4213369,O'Leary,,,32.21076,-81.17595,PPL,GA,51,Chatham,Georgia Coast
4213403,Oak Forest,,,32.01799,-81.06567,PPLX,GA,51,Chatham,Georgia Coast
4213475,Oak Grove Church,,,32.09604,-81.17595,CH,GA,51,Chatham,Georgia Coast
4213680,Oakdale,,,32.01799,-81.10039,PPLX,GA,51,Chatham,Georgia Coast
4213709,Oakhurst,,,31.99549,-81.124,PPL,GA,51,Chatham,Georgia Coast
4213714,Oakhurst Shopping Center,,,31.99771,-81.12178,MALL,GA,51,Chatham,Georgia Coast
4213727,Oakland Church,,,32.03299,-81.18845,CH,GA,51,Chatham,Georgia Coast
4213742,Oakland Park,,,32.03493,-81.07539,PPLX,GA,51,Chatham,Georgia Coast
4213785,Oatland Creek,,,32.05337,-81.0222,STM,GA,51,Chatham,Georgia Coast
4213787,Oatland Island Institute,,,32.04904,-81.02448,SCH,GA,51,Chatham,Georgia Coast
4213795,Ocean Pond,,,31.78819,-81.05828,LK,GA,51,Chatham,Georgia Coast
4213803,Oatland Island,,,32.05854,-81.00095,ISL,GA,51,Chatham,Georgia Coast
4213870,Odingsell River,,,31.85939,-81.00677,STM,GA,51,Chatham,Georgia Coast
4213901,Ogeechee Church,,,31.97771,-81.24956,CH,GA,51,Chatham,Georgia Coast
4213906,Ogeechee Farms,,,31.98854,-81.25678,PPL,GA,51,Chatham,Georgia Coast
4213908,Ogeechee River,,,31.83012,-81.03592,STM,GA,51,Chatham,Georgia Coast
4213911,Ogeecheeton,,,32.05993,-81.13039,PPL,GA,51,Chatham,Georgia Coast
4213929,Oglethorpe Club,,,32.07049,-81.09483,BLDG,GA,51,Chatham,Georgia Coast
4213939,Oglethorpe Mall Shopping Center,,,32.00354,-81.11706,MALL,GA,51,Chatham,Georgia Coast
4213949,Oglethorpe Speedway,,,32.08798,-81.21206,,GA,51,Chatham,Georgia Coast
4213950,Oglethorpe Square,,,32.07715,-81.09011,PRK,GA,51,Chatham,Georgia Coast
4214035,Old Church Cemetery,,,31.98494,-81.07233,CMTY,GA,51,Chatham,Georgia Coast
4214074,Old Ferry (historical),,,31.94216,-81.079,RDJCT,GA,51,Chatham,Georgia Coast
4214176,Old Romerly Marsh Channel,,,31.928,-80.979,STM,GA,51,Chatham,Georgia Coast
4214309,Onslow Island,,,32.16242,-81.14539,ISL,GA,51,Chatham,Georgia Coast
4214383,Orleans Square,,,32.07604,-81.09539,PRK,GA,51,Chatham,Georgia Coast
4214415,Ossabaw Island,,,31.80105,-81.09455,ISL,GA,51,Chatham,Georgia Coast
4214416,Ossabaw Island State Heritage Preserve,,,31.803,-81.10621,PRK,GA,51,Chatham,Georgia Coast
4214417,Ossabaw Sound,,,31.85078,-81.03622,BAY,GA,51,Chatham,Georgia Coast
4214426,Ottawa Estates,,,32.1327,-81.29428,PPL,GA,51,Chatham,Georgia Coast
4214439,Otter Pond,,,31.89657,-80.9545,LK,GA,51,Chatham,Georgia Coast
4214508,Owens-Thomas Museum,,,32.07715,-81.08956,MUS,GA,51,Chatham,Georgia Coast
4214537,Oyster Creek,,,31.99716,-80.91206,STM,GA,51,Chatham,Georgia Coast
4214647,Palmetto Point,,,31.92077,-81.13733,CAPE,GA,51,Chatham,Georgia Coast
4214648,Palmetto Pond,,,31.89383,-80.95594,LK,GA,51,Chatham,Georgia Coast
4214718,Paradise Village Mobile Home Park,,,32.04493,-81.17178,PPL,GA,51,Chatham,Georgia Coast
4214819,Parkersburg,,,31.98466,-81.05206,PPL,GA,51,Chatham,Georgia Coast
4214866,Parkwood,,,32.02854,-81.064,PPL,GA,51,Chatham,Georgia Coast
4215106,Peachtree Canal,,,31.95104,-81.26511,CNL,GA,51,Chatham,Georgia Coast
4215248,Pelican Point,,,31.76356,-81.08482,CAPE,GA,51,Chatham,Georgia Coast
4215300,Pennsylvania Avenue School,,,32.06271,-81.05983,SCH,GA,51,Chatham,Georgia Coast
4215492,Petit Gauke Hammock Island,,,31.91744,-81.11539,ISL,GA,51,Chatham,Georgia Coast
4215633,Picadilly Square Shopping Center,,,31.98854,-81.13233,MALL,GA,51,Chatham,Georgia Coast
4215728,Pigeon Island,,,31.94244,-81.08844,ISL,GA,51,Chatham,Georgia Coast
4215762,Pilgrim Church,,,32.00271,-81.28095,CH,GA,51,Chatham,Georgia Coast
4215798,Pin Point,,,31.95327,-81.09233,PPL,GA,51,Chatham,Georgia Coast
4215801,Pine Barren Pond,,,31.81481,-81.10664,SWMP,GA,51,Chatham,Georgia Coast
4215861,Pine Gardens,,,32.06381,-81.05112,PPLX,GA,51,Chatham,Georgia Coast
4215933,Pine Hammock,,,31.92327,-81.13178,ISL,GA,51,Chatham,Georgia Coast
4215982,Pine Island,,,31.873,-81.01566,ISL,GA,51,Chatham,Georgia Coast
4215990,Pine Islands,,,31.81355,-81.12872,ISL,GA,51,Chatham,Georgia Coast
4216160,Pinehurst Church,,,32.04271,-81.01233,CH,GA,51,Chatham,Georgia Coast
4216165,Pineland Church,,,32.04687,-81.18456,CH,GA,51,Chatham,Georgia Coast
4216167,Pineland Independent Church,,,32.04743,-81.18428,CH,GA,51,Chatham,Georgia Coast
4216249,Piney Grove Church,,,32.13354,-81.3015,CH,GA,51,Chatham,Georgia Coast
4216348,Pipe Makers Canal,,,32.11604,-81.17845,CNL,GA,51,Chatham,Georgia Coast
4216418,Placentia Canal,,,32.04299,-81.05122,CNL,GA,51,Chatham,Georgia Coast
4216908,Polly Point,,,31.81883,-81.05872,CAPE,GA,51,Chatham,Georgia Coast
4216948,Pooler,,,32.11548,-81.24706,PPL,GA,51,Chatham,Georgia Coast
4216949,Pooler Park,,,32.10687,-81.249,PRK,GA,51,Chatham,Georgia Coast
4216950,Pooler Elementary School,,,32.12121,-81.25197,SCH,GA,51,Chatham,Georgia Coast
4216951,Pooler Town Hall,,,32.11604,-81.249,BLDG,GA,51,Chatham,Georgia Coast
4217075,Port Wentworth,,,32.14909,-81.16317,PPL,GA,51,Chatham,Georgia Coast
4217076,Port Wentworth City Hall,,,32.14493,-81.16317,BLDG,GA,51,Chatham,Georgia Coast
4217077,Port Wentworth Elementary School,,,32.14133,-81.15912,SCH,GA,51,Chatham,Georgia Coast
4217078,Port Wentworth Junction,,,32.14381,-81.19206,PPL,GA,51,Chatham,Georgia Coast
4217079,Port Wentworth Post Office,,,32.14687,-81.16233,PO,GA,51,Chatham,Georgia Coast
4217131,Possum Point,,,31.92244,-81.10622,CAPE,GA,51,Chatham,Georgia Coast
4217192,Potters Grove Plantation (historical),,,32.15104,-81.15317,,GA,51,Chatham,Georgia Coast
4217377,Priest Landing,,,31.96222,-81.01417,,GA,51,Chatham,Georgia Coast
4217571,Pulaski Elementary School,,,32.03085,-81.1135,SCH,GA,51,Chatham,Georgia Coast
4217572,Pulaski Square,,,32.0741,-81.09622,PRK,GA,51,Chatham,Georgia Coast
4217679,Queen Bess Creek,,,31.84272,-81.14594,STM,GA,51,Chatham,Georgia Coast
4217680,Queen Bess Island,,,31.82605,-81.13622,ISL,GA,51,Chatham,Georgia Coast
4217685,Queen Mary Island,,,31.82689,-81.12066,ISL,GA,51,Chatham,Georgia Coast
4217776,Raccoon Key,,,31.85485,-81.07164,ISL,GA,51,Chatham,Georgia Coast
4218094,Red Dock Canal,,,31.92799,-81.24539,CNL,GA,51,Chatham,Georgia Coast
4218604,Reynolds Square,,,32.0791,-81.08928,PRK,GA,51,Chatham,Georgia Coast
4218619,Rhodes Creek,,,31.88439,-80.99594,CHN,GA,51,Chatham,Georgia Coast
4218633,Rhodes Cut,,,32.14937,-81.14289,CHN,GA,51,Chatham,Georgia Coast
4218654,Rice Pond,,,31.79494,-81.10316,SWMP,GA,51,Chatham,Georgia Coast
4218712,Richardson Creek,,,32.0466,-81.00289,CHN,GA,51,Chatham,Georgia Coast
4218722,Richfield,,,32.04104,-81.13261,PPL,GA,51,Chatham,Georgia Coast
4218743,Richmond Church,,,32.20131,-81.19928,CH,GA,51,Chatham,Georgia Coast
4218760,Richmond Hill State Park,,,31.88716,-81.19983,PRK,GA,51,Chatham,Georgia Coast
4218762,Richmond Oak Grove Plantation (historical),,,32.20853,-81.20261,,GA,51,Chatham,Georgia Coast
4218823,Ridgewood,,,32.03354,-81.09845,PPL,GA,51,Chatham,Georgia Coast
4218907,Rio Vista,,,31.92938,-81.08789,PPL,GA,51,Chatham,Georgia Coast
4218932,Ritter Hammock,,,31.90633,-81.07011,ISL,GA,51,Chatham,Georgia Coast
4218961,River Oaks,,,32.02632,-80.96206,PPL,GA,51,Chatham,Georgia Coast
4218975,River Street Train Museum,,,32.08271,-81.09233,MUS,GA,51,Chatham,Georgia Coast
4219015,Riverfront Plaza,,,32.08132,-81.08872,,GA,51,Chatham,Georgia Coast
4219029,Rivers End,,,31.98688,-81.11539,PPL,GA,51,Chatham,Georgia Coast
4219030,Riverside,,,32.04549,-81.01095,PPL,GA,51,Chatham,Georgia Coast
4219152,Robert E Robinson Parking Garage,,,32.0791,-81.09678,,GA,51,Chatham,Georgia Coast
4219156,Robert M Hitch Village / Fred Wessels Homes,,,32.07479,-81.08163,PPLX,GA,51,Chatham,Georgia Coast
4219201,Groves High School,,,32.10719,-81.15777,SCH,GA,51,Chatham,Georgia Coast
4219446,Rockfish Creek,,,31.92938,-81.19066,STM,GA,51,Chatham,Georgia Coast
4219447,Rocket Pond,,,31.77272,-81.10371,LK,GA,51,Chatham,Georgia Coast
4219761,Romana Riley Elementary School,,,32.05826,-81.08122,SCH,GA,51,Chatham,Georgia Coast
4219770,Romerly Marsh Creek,,,31.92966,-80.98094,STM,GA,51,Chatham,Georgia Coast
4219776,Romerly Marshes,,,31.91361,-81.01911,SWMP,GA,51,Chatham,Georgia Coast
4219788,Rooster Point,,,31.92438,-81.06178,CAPE,GA,51,Chatham,Georgia Coast
4219828,Rose Dhu Island,,,31.92799,-81.13372,ISL,GA,51,Chatham,Georgia Coast
4219832,Rose Hill,,,31.98966,-81.11122,PPL,GA,51,Chatham,Georgia Coast
4219870,Rosedew School (historical),,,31.95716,-81.14372,SCH,GA,51,Chatham,Georgia Coast
4219923,Rossignol Hill,,,32.09548,-81.14845,PPL,GA,51,Chatham,Georgia Coast
4220120,Freedom Creek,,,31.9766,-81.04622,STM,GA,51,Chatham,Georgia Coast
4220132,Rush Creek,,,31.8355,-81.11011,STM,GA,51,Chatham,Georgia Coast
4220241,Sackville (historical),,,32.02577,-81.09206,PPLQ,GA,51,Chatham,Georgia Coast
4220295,Saint Andrew's Independent Episcopal Church,,,32.07937,-81.0965,CH,GA,51,Chatham,Georgia Coast
4220314,Saint Andrews School,,,32.01062,-80.97456,SCH,GA,51,Chatham,Georgia Coast
4220324,Saint Augustine Creek,,,32.0591,-80.98178,CHN,GA,51,Chatham,Georgia Coast
4220325,Saint Augustine Creek,,,32.16881,-81.15706,STM,GA,51,Chatham,Georgia Coast
4220328,Saint Bartholomews Church,,,31.97076,-81.24483,CH,GA,51,Chatham,Georgia Coast
4220402,Saint James Church,,,31.99188,-81.10067,CH,GA,51,Chatham,Georgia Coast
4220446,Saint John Church,,,32.12159,-81.27456,CH,GA,51,Chatham,Georgia Coast
4220472,Saint Johns Church,,,32.04132,-81.13678,CH,GA,51,Chatham,Georgia Coast
4220498,Saint Johns Episcopal Church,,,32.07326,-81.09483,CH,GA,51,Chatham,Georgia Coast
4220524,Saint Joseph's Hospital of Savannah,,,31.9855,-81.15519,HSP,GA,51,Chatham,Georgia Coast
4220525,Saint Josephs Hospital,,,31.98549,-81.15483,HSP,GA,51,Chatham,Georgia Coast
4220527,Saint Josephs Hospital Heliport,,,31.98493,-81.15567,AIRH,GA,51,Chatham,Georgia Coast
4220736,Saint Paul Church (historical),,,32.1177,-81.25872,CH,GA,51,Chatham,Georgia Coast
4220815,Saint Pauls Episcopal Church,,,32.05854,-81.0965,CH,GA,51,Chatham,Georgia Coast
4220889,Saint Thomas Boys Home,,,31.99077,-81.04428,BLDG,GA,51,Chatham,Georgia Coast
4220890,Saint Thomas Church,,,31.98355,-81.05733,CH,GA,51,Chatham,Georgia Coast
4220898,Saint Vincents Academy,,,32.07377,-81.09105,SCH,GA,51,Chatham,Georgia Coast
4221057,Salt Creek,,,32.00354,-81.20317,STM,GA,51,Chatham,Georgia Coast
4221064,Salt Pond Shoal,,,31.91383,-80.96177,BAR,GA,51,Chatham,Georgia Coast
4221141,Sand Hill Cemetery,,,32.00076,-81.29789,CMTY,GA,51,Chatham,Georgia Coast
4221212,Sandfly,,,31.98966,-81.07622,PPL,GA,51,Chatham,Georgia Coast
4221385,Hodge Elementary School,,,32.05524,-81.11631,SCH,GA,51,Chatham,Georgia Coast
4221552,Savannah,,,32.08354,-81.09983,PPLA2,GA,51,Chatham,Georgia Coast
4221553,Savannah Area Chamber of Commerce,,,32.08049,-81.09011,BLDG,GA,51,Chatham,Georgia Coast
4221555,Savannah Beach,,,31.99383,-80.84844,PPL,GA,51,Chatham,Georgia Coast
4221558,Savannah City Hall,,,32.08104,-81.09095,BLDG,GA,51,Chatham,Georgia Coast
4221559,Savannah Civic Center,,,32.07687,-81.09706,BLDG,GA,51,Chatham,Georgia Coast
4221560,Savannah Country Club,,,32.06826,-81.064,RSRT,GA,51,Chatham,Georgia Coast
4221561,Savannah Country Day School,,,31.96861,-81.14048,SCH,GA,51,Chatham,Georgia Coast
4221563,Savannah Female Orphanage (historical),,,32.07771,-81.09761,BLDG,GA,51,Chatham,Georgia Coast
4221564,Savannah Filtration Plant,,,32.14965,-81.18206,,GA,51,Chatham,Georgia Coast
4221565,Savannah Gardens,,,32.06132,-81.06095,PPLX,GA,51,Chatham,Georgia Coast
4221566,Savannah Golf Club,,,32.06049,-81.06789,RECG,GA,51,Chatham,Georgia Coast
4221567,Savannah High School,,,32.06298,-81.05722,SCH,GA,51,Chatham,Georgia Coast
4221568,Savannah Historic District,,,32.07465,-81.09345,PRK,GA,51,Chatham,Georgia Coast
4221570,Savannah Lookout Tower,,,32.04215,-81.18428,TOWR,GA,51,Chatham,Georgia Coast
4221571,Savannah Municipal Golf Course,,,32.00716,-81.09039,RECG,GA,51,Chatham,Georgia Coast
4221573,Savannah Port Authority Industrial Park,,,32.1127,-81.2165,INDS,GA,51,Chatham,Georgia Coast
4221574,Savannah Post Office,,,32.08336,-81.09857,PO,GA,51,Chatham,Georgia Coast
4221577,Savannah Speedway,,,32.04993,-81.17789,,GA,51,Chatham,Georgia Coast
4221578,Savannah State University,,,32.02292,-81.05611,SCH,GA,51,Chatham,Georgia Coast
4221579,Savannah State Docks,,,32.12354,-81.13511,,GA,51,Chatham,Georgia Coast
4221580,Savannah Theatre,,,32.07549,-81.09206,BLDG,GA,51,Chatham,Georgia Coast
4221582,Savannah Victorian Historic District,,,32.06354,-81.09789,PRK,GA,51,Chatham,Georgia Coast
4221583,Savannah Visitors Center,,,32.07576,-81.09956,BLDG,GA,51,Chatham,Georgia Coast
4221584,Savannah Technical College,,,32.02363,-81.1155,SCH,GA,51,Chatham,Georgia Coast
4221586,Savannah Yacht and Country Club,,,32.01771,-81.0165,RSRT,GA,51,Chatham,Georgia Coast
4221587,Savannah and Ogeechee Canal,,,32.0902,-81.22983,CNL,GA,51,Chatham,Georgia Coast
4221588,Savannah's Waving Girl Statue,,,32.07965,-81.084,PRK,GA,51,Chatham,Georgia Coast
4221599,Savannah Christian Preparatory School,,,32.07463,-81.16166,SCH,GA,51,Chatham,Georgia Coast
4221624,Sazarine Creek,,,32.00633,-80.86289,STM,GA,51,Chatham,Georgia Coast
4221765,Screvens Point,,,32.04077,-80.96428,CAPE,GA,51,Chatham,Georgia Coast
4221851,Second African Baptist Church,,,32.0766,-81.08622,CH,GA,51,Chatham,Georgia Coast
4221919,Seine Creek,,,31.96216,-80.98539,STM,GA,51,Chatham,Georgia Coast
4222048,Shad River,,,32.00438,-80.94761,CHN,GA,51,Chatham,Georgia Coast
4222218,Sharon Park,,,32.09048,-81.17039,PPL,GA,51,Chatham,Georgia Coast
4222303,Sheepshead Creek,,,31.97299,-80.99261,STM,GA,51,Chatham,Georgia Coast
4222485,Shiloh Church,,,31.99882,-81.27345,CH,GA,51,Chatham,Georgia Coast
4222573,Ships of the Sea Museum,,,32.08049,-81.09733,MUS,GA,51,Chatham,Georgia Coast
4222574,Shipyard Creek,,,31.94133,-81.09928,STM,GA,51,Chatham,Georgia Coast
4222584,Shirley Park,,,32.0241,-81.07928,PPL,GA,51,Chatham,Georgia Coast
4222759,Silk Hope Church,,,32.04465,-81.19233,CH,GA,51,Chatham,Georgia Coast
4222760,Silk Hope Plantation (historical),,,32.04104,-81.19706,,GA,51,Chatham,Georgia Coast
4222763,Silk Hope,,,32.04299,-81.19178,PPL,GA,51,Chatham,Georgia Coast
4222963,Sister Island,,,31.93605,-80.984,ISL,GA,51,Chatham,Georgia Coast
4222964,Sister Island,,,31.9791,-81.00983,ISL,GA,51,Chatham,Georgia Coast
4223002,Skidaway Institute of Oceanography,,,31.98836,-81.02169,SCH,GA,51,Chatham,Georgia Coast
4223003,Skidaway Island,,,31.94883,-81.03094,ISL,GA,51,Chatham,Georgia Coast
4223004,Skidaway Island,,,31.93494,-81.04705,PPL,GA,51,Chatham,Georgia Coast
4223005,Skidaway Island State Park,,,31.95855,-81.05261,PRK,GA,51,Chatham,Georgia Coast
4223006,Skidaway Narrows,,,31.95454,-81.062,CHN,GA,51,Chatham,Georgia Coast
4223007,Skidaway River,,,31.93144,-81.07457,CHN,GA,51,Chatham,Georgia Coast
4223265,J G Smith Elementary School,,,32.0365,-81.10094,SCH,GA,51,Chatham,Georgia Coast
4223487,Johnson High School,,,32.0323,-81.05865,SCH,GA,51,Chatham,Georgia Coast
4223495,Solomon Bridge,,,31.99299,-81.05622,BDG,GA,51,Chatham,Georgia Coast
4223500,Solomons Park,,,32.04354,-81.08928,PRK,GA,51,Chatham,Georgia Coast
4223520,Woodville - Tompkins Career and Technical Institute,,,32.09481,-81.14101,SCH,GA,51,Chatham,Georgia Coast
4223566,South Channel Savannah River,,,32.04688,-80.94983,CHN,GA,51,Chatham,Georgia Coast
4223585,South End Field,,,31.76439,-81.14455,PRK,GA,51,Chatham,Georgia Coast
4223641,South Jetty,,,32.03355,-80.86344,,GA,51,Chatham,Georgia Coast
4223660,South Newington Church,,,32.09159,-81.34206,CH,GA,51,Chatham,Georgia Coast
4223678,South Pond,,,31.89022,-80.96427,LK,GA,51,Chatham,Georgia Coast
4223768,Southfield Canal,,,31.9441,-81.24733,CNL,GA,51,Chatham,Georgia Coast
4223788,Southover,,,32.04688,-81.12706,PPL,GA,51,Chatham,Georgia Coast
4223817,South Valley Church,,,32.0927,-81.24095,CH,GA,51,Chatham,Georgia Coast
4223862,Spanish Hammock,,,32.00355,-80.8665,ISL,GA,51,Chatham,Georgia Coast
4223887,Spauldings Settlement (historical),,,32.09604,-81.08261,PPLQ,GA,51,Chatham,Georgia Coast
4223907,Spence Grayson Bridge,,,32.01966,-80.99206,BDG,GA,51,Chatham,Georgia Coast
4223923,Spider Ridge,,,31.7955,-81.0676,RDGE,GA,51,Chatham,Georgia Coast
4223952,Sprague School,,,32.10298,-81.15595,SCH,GA,51,Chatham,Georgia Coast
4224045,Spring Hill,,,32.03132,-81.07983,PPLX,GA,51,Chatham,Georgia Coast
4224058,Spring Hill Church,,,32.03632,-81.32595,CH,GA,51,Chatham,Georgia Coast
4224171,Springfield Canal,,,32.07604,-81.109,CNL,GA,51,Chatham,Georgia Coast
4224202,Oglethorpe Charter School,,,32.07297,-81.11484,SCH,GA,51,Chatham,Georgia Coast
4224270,Staley Heights,,,32.03299,-81.12039,PPL,GA,51,Chatham,Georgia Coast
4224376,Starland Park,,,32.1227,-81.22511,PPL,GA,51,Chatham,Georgia Coast
4224443,Steadman Island,,,31.9616,-81.179,ISL,GA,51,Chatham,Georgia Coast
4224450,Steamboat Cut,,,31.87716,-81.059,CHN,GA,51,Chatham,Georgia Coast
4224451,Steamboat River,,,32.17659,-81.15317,STM,GA,51,Chatham,Georgia Coast
4224950,Strong Elementary School,,,32.14131,-81.159,SCH,GA,51,Chatham,Georgia Coast
4225238,Sunrise Point,,,31.92105,-81.14233,CAPE,GA,51,Chatham,Georgia Coast
4225262,Sunset Park,,,32.03493,-81.06595,PPL,GA,51,Chatham,Georgia Coast
4225403,Sweetfield Church,,,31.95355,-81.10067,CH,GA,51,Chatham,Georgia Coast
4225509,Sylvan Island,,,32.01966,-81.04289,ISL,GA,51,Chatham,Georgia Coast
4225606,Talahi Island,,,32.03243,-80.97428,ISL,GA,51,Chatham,Georgia Coast
4225832,Tatumsville,,,32.03743,-81.11483,PPL,GA,51,Chatham,Georgia Coast
4225920,Teal Pond,,,31.89211,-80.95814,LK,GA,51,Chatham,Georgia Coast
4225941,Telfair Academy of Arts and Sciences,,,32.07882,-81.09539,SCH,GA,51,Chatham,Georgia Coast
4225949,Mary Telfair Womens Hospital,,,32.02798,-81.10056,HSP,GA,51,Chatham,Georgia Coast
4225950,Telfair Junction,,,32.0791,-81.14595,PPL,GA,51,Chatham,Georgia Coast
4225953,Telfair Museum of Art,,,32.07882,-81.09539,MUS,GA,51,Chatham,Georgia Coast
4225956,Telfair Square,,,32.07854,-81.09483,PRK,GA,51,Chatham,Georgia Coast
4225957,Telfair Square Post Office,,,32.07891,-81.0942,PO,GA,51,Chatham,Georgia Coast
4225995,Temple Mickve Israel,,,32.07104,-81.09428,CH,GA,51,Chatham,Georgia Coast
4226127,The Bluff,,,32.06271,-81.04011,PPL,GA,51,Chatham,Georgia Coast
4226164,The Grange Plantation (historical),,,32.14354,-81.14983,,GA,51,Chatham,Georgia Coast
4226175,The Islands Mall Shopping Center,,,32.01494,-80.98289,MALL,GA,51,Chatham,Georgia Coast
4226179,The Landings,,,31.94466,-81.02428,PPL,GA,51,Chatham,Georgia Coast
4226181,The Landings Golf Course,,,31.94466,-81.03039,RECG,GA,51,Chatham,Georgia Coast
4226242,Theus Park,,,32.04715,-81.08817,PRK,GA,51,Chatham,Georgia Coast
4226266,Thirty-eight Street Elementary School,,,32.05715,-81.10456,SCH,GA,51,Chatham,Georgia Coast
4226267,Thirtyseventh Street Elementary School,,,32.0566,-81.09595,SCH,GA,51,Chatham,Georgia Coast
4226424,Thompson Recreation Center,,,32.0591,-81.11428,PRK,GA,51,Chatham,Georgia Coast
4226499,Thunderbolt,,,32.03354,-81.04983,PPL,GA,51,Chatham,Georgia Coast
4226500,Thunderbolt Elementary School,,,32.02941,-81.05303,SCH,GA,51,Chatham,Georgia Coast
4226759,Tom Creek,,,31.9816,-80.97372,STM,GA,51,Chatham,Georgia Coast
4226778,Tomo-Chi-Chi's Grave Monument,,,32.07799,-81.09233,PRK,GA,51,Chatham,Georgia Coast
4226822,Torreys Landing,,,31.8405,-81.08872,,GA,51,Chatham,Georgia Coast
4226944,Traffic Circle Shopping Center,,,32.09798,-81.14233,MALL,GA,51,Chatham,Georgia Coast
4226963,Tranquilla Woods,,,31.98438,-81.1465,PPLX,GA,51,Chatham,Georgia Coast
4227007,Tremont Park,,,32.05993,-81.13789,PPL,GA,51,Chatham,Georgia Coast
4227030,Tri-Roads Shopping Center,,,31.99799,-81.12567,MALL,GA,51,Chatham,Georgia Coast
4227120,Trinity United Methodist Church,,,32.07854,-81.09539,CH,GA,51,Chatham,Georgia Coast
4227175,Troup Square,,,32.07243,-81.08956,PRK,GA,51,Chatham,Georgia Coast
4227202,Trustees Garden,,,32.07799,-81.08428,,GA,51,Chatham,Georgia Coast
4227203,Trustees Garden Village,,,32.07854,-81.08372,,GA,51,Chatham,Georgia Coast
4227400,Turner Creek,,,32.01771,-80.99233,CHN,GA,51,Chatham,Georgia Coast
4227440,Turners Rock,,,32.01327,-81.00539,PPL,GA,51,Chatham,Georgia Coast
4227488,Twelve Oaks Dumarche Shopping Center,,,32.02299,-81.10956,MALL,GA,51,Chatham,Georgia Coast
4227493,Tutens,,,32.1052,-81.25372,PPL,GA,51,Chatham,Georgia Coast
4227590,Tybee Creek,,,31.98605,-80.85455,STM,GA,51,Chatham,Georgia Coast
4227591,Tybee Cut,,,31.95966,-80.97261,CHN,GA,51,Chatham,Georgia Coast
4227592,Tybee Island,,,32.01549,-80.86122,ISL,GA,51,Chatham,Georgia Coast
4227593,Tybee Island,,,32.00022,-80.84567,PPL,GA,51,Chatham,Georgia Coast
4227594,Tybee Knoll Spit,,,32.02716,-80.86844,BAR,GA,51,Chatham,Georgia Coast
4227595,Tybee Lighthouse,,,32.02188,-80.84567,LTHSE,GA,51,Chatham,Georgia Coast
4227597,Tybee Roads,,,32.03077,-80.8165,BAY,GA,51,Chatham,Georgia Coast
4227619,Tybee Elementary School,,,32.00744,-80.84455,SCH,GA,51,Chatham,Georgia Coast
4227865,Union Junction,,,32.05021,-81.1265,PPL,GA,51,Chatham,Georgia Coast
4227936,United States Court House,,,32.07799,-81.09233,BLDG,GA,51,Chatham,Georgia Coast
4227937,United States Customs and Border Protection Service Port Savannah,,,32.08059,-81.09097,BLDG,GA,51,Chatham,Georgia Coast
4227938,United States Customs House,,,32.08076,-81.09095,BLDG,GA,51,Chatham,Georgia Coast
4228115,Ursla Island,,,32.19826,-81.14539,ISL,GA,51,Chatham,Georgia Coast
4228118,Usher Pond,,,31.89408,-80.96339,LK,GA,51,Chatham,Georgia Coast
4228145,Valambrosia Canal,,,31.94938,-81.259,CNL,GA,51,Chatham,Georgia Coast
4228162,Vallambrosa Plantation (historical),,,31.9766,-81.25539,,GA,51,Chatham,Georgia Coast
4228269,Varsity Park Shopping Center,,,31.98188,-81.14733,MALL,GA,51,Chatham,Georgia Coast
4228340,Vernon River,,,31.89476,-81.09361,STM,GA,51,Chatham,Georgia Coast
4228345,Vernonburg,,,31.96577,-81.12011,PPL,GA,51,Chatham,Georgia Coast
4228351,Vernon View,,,31.92883,-81.09872,PPL,GA,51,Chatham,Georgia Coast
4228394,Victory Church,,,31.98966,-81.08956,CH,GA,51,Chatham,Georgia Coast
4228409,Victory Drive Shopping Center,,,32.03965,-81.06372,MALL,GA,51,Chatham,Georgia Coast
4228410,Victory Heights,,,32.04215,-81.06178,PPL,GA,51,Chatham,Georgia Coast
4228413,Victory Heights Park,,,32.04465,-81.059,PRK,GA,51,Chatham,Georgia Coast
4228469,Village Green,,,31.9891,-81.20817,PPL,GA,51,Chatham,Georgia Coast
4228542,Heard Elementary School,,,32.01801,-81.10366,SCH,GA,51,Chatham,Georgia Coast
4228588,WAEV-FM (Savannah),,,32.05854,-81.33872,TOWR,GA,51,Chatham,Georgia Coast
4228626,WBMQ-AM (Savannah),,,32.06438,-81.01428,TOWR,GA,51,Chatham,Georgia Coast
4228642,WCHY-AM (Savannah),,,32.09076,-81.14845,TOWR,GA,51,Chatham,Georgia Coast
4228643,WCHY-FM (Savannah),,,32.05409,-81.35011,TOWR,GA,51,Chatham,Georgia Coast
4228680,WEAS-AM (Savannah),,,32.08715,-81.09289,TOWR,GA,51,Chatham,Georgia Coast
4228681,WEAS-FM (Savannah),,,32.08715,-81.09289,TOWR,GA,51,Chatham,Georgia Coast
4228682,WEAS-FM (Savannah),,,32.04687,-81.34067,TOWR,GA,51,Chatham,Georgia Coast
4228738,WHCJ-FM (Savannah),,,32.02327,-81.0565,TOWR,GA,51,Chatham,Georgia Coast
4228755,WIXV-FM (Savannah),,,32.05854,-81.33872,TOWR,GA,51,Chatham,Georgia Coast
4228756,WIZA-AM (Savannah),,,32.07021,-81.11122,TOWR,GA,51,Chatham,Georgia Coast
4228760,WJCL-FM (Savannah),,,32.05854,-81.33872,TOWR,GA,51,Chatham,Georgia Coast
4228761,WJCL-TV (Savannah),,,32.05854,-81.33872,TOWR,GA,51,Chatham,Georgia Coast
4228862,WNMT-AM (Garden City),,,32.08576,-81.17095,TOWR,GA,51,Chatham,Georgia Coast
4228926,WSAV-TV (Savannah),,,32.05909,-81.299,TOWR,GA,51,Chatham,Georgia Coast
4228934,WSGA-AM (Savannah),,,32.07188,-81.07956,TOWR,GA,51,Chatham,Georgia Coast
4228945,WSOK-AM (Savannah),,,32.07243,-81.07622,TOWR,GA,51,Chatham,Georgia Coast
4228953,WSVH-FM (Savannah),,,32.05909,-81.299,TOWR,GA,51,Chatham,Georgia Coast
4228968,WTOC-TV (Savannah),,,32.05409,-81.35011,TOWR,GA,51,Chatham,Georgia Coast
4229034,WYFS-FM (Savannah),,,32.06798,-81.35456,TOWR,GA,51,Chatham,Georgia Coast
4229042,WZAT-FM (Savannah),,,32.05854,-81.33872,TOWR,GA,51,Chatham,Georgia Coast
4229110,Waldburgh Cemetery,,,32.01049,-81.19761,CMTY,GA,51,Chatham,Georgia Coast
4229145,Walker Canal,,,31.93882,-81.24261,CNL,GA,51,Chatham,Georgia Coast
4229345,Scott Alternative Learning Center,,,32.09286,-81.14389,SCH,GA,51,Chatham,Georgia Coast
4229355,Walthour Swamp,,,32.14009,-81.28525,SWMP,GA,51,Chatham,Georgia Coast
4229511,Warren Square,,,32.07854,-81.08733,PRK,GA,51,Chatham,Georgia Coast
4229579,Washington Square,,,32.07826,-81.08539,PRK,GA,51,Chatham,Georgia Coast
4229599,Wassaw Creek,,,31.873,-80.99761,STM,GA,51,Chatham,Georgia Coast
4229600,Wassaw Breaker,,,31.94272,-80.93594,BAR,GA,51,Chatham,Georgia Coast
4229601,Wassaw National Wildlife Refuge,,,31.89456,-80.99479,PRK,GA,51,Chatham,Georgia Coast
4229602,Wassaw Sound,,,31.93355,-80.94983,BAY,GA,51,Chatham,Georgia Coast
4229619,Wassaw Island,,,31.90494,-80.98066,ISL,GA,51,Chatham,Georgia Coast
4229753,Waving Girl Monument,,,32.08049,-81.08511,PRK,GA,51,Chatham,Georgia Coast
4229996,Wells Park,,,32.05882,-81.10372,PRK,GA,51,Chatham,Georgia Coast
4230002,Welwood,,,31.96938,-81.13622,PPLX,GA,51,Chatham,Georgia Coast
4230083,Wesley Monumental Methodist Church,,,32.07076,-81.09345,CH,GA,51,Chatham,Georgia Coast
4230277,West Savannah School,,,32.08548,-81.11761,SCH,GA,51,Chatham,Georgia Coast
4230292,West Side Shopping Center,,,32.09465,-81.14428,MALL,GA,51,Chatham,Georgia Coast
4230470,Wheat Hill,,,32.10604,-81.15622,PPL,GA,51,Chatham,Georgia Coast
4230471,Wheat Hill Plantation (historical),,,32.10632,-81.16178,,GA,51,Chatham,Georgia Coast
4230572,White Bluff,,,31.98771,-81.12872,PPL,GA,51,Chatham,Georgia Coast
4230573,White Bluff Elementary School,,,31.99076,-81.12698,SCH,GA,51,Chatham,Georgia Coast
4230726,Whitefield Square,,,32.07021,-81.09039,PRK,GA,51,Chatham,Georgia Coast
4230748,Whitehill Plantation (historical),,,32.13826,-81.15789,,GA,51,Chatham,Georgia Coast
4230759,Whitemarsh Island,,,32.03271,-81.01428,ISL,GA,51,Chatham,Georgia Coast
4230760,Whitemarsh Island,,,32.02882,-81.01678,PPL,GA,51,Chatham,Georgia Coast
4230930,Wild Horn Cemetery,,,31.97188,-81.224,CMTY,GA,51,Chatham,Georgia Coast
4230931,Wild Horn Plantation (historical),,,31.97104,-81.21983,,GA,51,Chatham,Georgia Coast
4230991,Wildwood Church,,,32.04493,-81.15595,CH,GA,51,Chatham,Georgia Coast
4231101,Williams,,,32.10631,-81.25206,PPL,GA,51,Chatham,Georgia Coast
4231235,Williamsburg Manor,,,31.99327,-81.14928,PPLX,GA,51,Chatham,Georgia Coast
4231253,Williamson Creek,,,32.02299,-81.04483,STM,GA,51,Chatham,Georgia Coast
4231264,Williamson Island,,,31.94827,-80.90066,ISL,GA,51,Chatham,Georgia Coast
4231352,Wilmington,,,31.98188,-80.99706,PPL,GA,51,Chatham,Georgia Coast
4231353,Wilmington Island,,,32.00244,-80.96206,ISL,GA,51,Chatham,Georgia Coast
4231354,Wilmington Island,,,32.00355,-80.97372,PPL,GA,51,Chatham,Georgia Coast
4231355,Wilmington Island Church,,,32.01771,-80.97622,CH,GA,51,Chatham,Georgia Coast
4231356,Wilmington Park,,,31.99383,-80.98817,PPL,GA,51,Chatham,Georgia Coast
4231357,Wilmington River,,,31.92105,-80.93761,STM,GA,51,Chatham,Georgia Coast
4231358,Willows Pond,,,31.76437,-81.09178,SWMP,GA,51,Chatham,Georgia Coast
4231366,Wilshire,,,31.98771,-81.1415,PPLX,GA,51,Chatham,Georgia Coast
4231479,Windsor Forest,,,31.9766,-81.13233,PPL,GA,51,Chatham,Georgia Coast
4231482,Windsor Forest Elementary School,,,31.97466,-81.14507,SCH,GA,51,Chatham,Georgia Coast
4231483,Windsor Forest Golf Course,,,31.96632,-81.14817,RECG,GA,51,Chatham,Georgia Coast
4231484,Windsor Forest High School,,,31.97681,-81.1523,SCH,GA,51,Chatham,Georgia Coast
4231485,Windsor Forest Shopping Center,,,31.97382,-81.13317,MALL,GA,51,Chatham,Georgia Coast
4231499,Windsor on the Marsh,,,31.96938,-81.16344,PPLX,GA,51,Chatham,Georgia Coast
4231500,Windward,,,31.97465,-81.18622,PPL,GA,51,Chatham,Georgia Coast
4231776,Woodland Church,,,32.08826,-81.17567,CH,GA,51,Chatham,Georgia Coast
4231804,Woodlawn Church,,,32.09326,-81.17622,CH,GA,51,Chatham,Georgia Coast
4231821,Woodlawn Terrace,,,32.09271,-81.17872,PPL,GA,51,Chatham,Georgia Coast
4231831,Woodridge Estates,,,32.00549,-80.96206,PPL,GA,51,Chatham,Georgia Coast
4231894,Woodville,,,32.09187,-81.14539,PPL,GA,51,Chatham,Georgia Coast
4231966,Wormsloe,,,31.9783,-81.07121,PPL,GA,51,Chatham,Georgia Coast
4231967,Wormsloe Plantation,,,31.9666,-81.06789,,GA,51,Chatham,Georgia Coast
4231968,Wormsloe State Historic Site,,,31.9666,-81.07261,PRK,GA,51,Chatham,Georgia Coast
4231994,Wrecks Channel,,,32.08049,-81.05483,CHN,GA,51,Chatham,Georgia Coast
4232008,Wright Cemetery,,,32.0927,-81.31456,CMTY,GA,51,Chatham,Georgia Coast
4232024,Wright Square,,,32.07799,-81.09233,PRK,GA,51,Chatham,Georgia Coast
4232063,Wylly Island,,,32.00438,-81.05678,ISL,GA,51,Chatham,Georgia Coast
4232065,Wymberly,,,31.97605,-81.06094,PPL,GA,51,Chatham,Georgia Coast
4232067,Wymberly on the Marsh,,,31.98466,-81.06428,PPL,GA,51,Chatham,Georgia Coast
4232103,Yamacraw Bluff,,,32.08104,-81.08872,CLF,GA,51,Chatham,Georgia Coast
4179004,Abercorn Church,,,32.25881,-81.17956,CH,GA,103,Effingham,Georgia Coast
4179005,Abercorn Creek,,,32.24825,-81.15345,STM,GA,103,Effingham,Georgia Coast
4180162,Ardmore,,,32.49518,-81.42872,PPL,GA,103,Effingham,Georgia Coast
4181490,Bear Creek,,,32.29409,-81.14733,STM,GA,103,Effingham,Georgia Coast
4182142,Berry Landing,,,32.4213,-81.204,,GA,103,Effingham,Georgia Coast
4182157,Berryville,,,32.42852,-81.25872,PPL,GA,103,Effingham,Georgia Coast
4182260,Bethel,,,32.4138,-81.35483,PPL,GA,103,Effingham,Georgia Coast
4182330,Bethel Chapel,,,32.28964,-81.24428,CH,GA,103,Effingham,Georgia Coast
4182372,Bethel Church,,,32.39519,-81.33983,CH,GA,103,Effingham,Georgia Coast
4182373,Bethel Church,,,32.5424,-81.4015,CH,GA,103,Effingham,Georgia Coast
4182497,Bethesda Church,,,32.21742,-81.31289,CH,GA,103,Effingham,Georgia Coast
4182803,Big Bay,,,32.3663,-81.45816,SWMP,GA,103,Effingham,Georgia Coast
4182887,Big Collis Creek,,,32.25409,-81.14845,STM,GA,103,Effingham,Georgia Coast
4182945,Big Gayland Creek,,,32.25131,-81.15984,STM,GA,103,Effingham,Georgia Coast
4182992,Big Patten Landing,,,32.28214,-81.12789,,GA,103,Effingham,Georgia Coast
4183130,Birds,,,32.34075,-81.244,PPL,GA,103,Effingham,Georgia Coast
4183131,Birds Branch,,,32.34353,-81.22011,STM,GA,103,Effingham,Georgia Coast
4183198,Black Creek,,,32.18381,-81.15872,STM,GA,103,Effingham,Georgia Coast
4183399,Blandford,,,32.27853,-81.26317,PPL,GA,103,Effingham,Georgia Coast
4183948,Bowl Maker Point,,,32.44991,-81.199,CAPE,GA,103,Effingham,Georgia Coast
4186777,Cedar Bluff Landing,,,32.56018,-81.32816,,GA,103,Effingham,Georgia Coast
4186843,Cedar Grove Cemetery,,,32.47074,-81.28455,CMTY,GA,103,Effingham,Georgia Coast
4187127,Central Junior High School,,,32.37464,-81.32761,SCH,GA,103,Effingham,Georgia Coast
4187971,Church of God,,,32.32075,-81.24928,CH,GA,103,Effingham,Georgia Coast
4188517,Clyo,,,32.48407,-81.26705,PPL,GA,103,Effingham,Georgia Coast
4188518,Clyo Post Office,,,32.48352,-81.26844,PO,GA,103,Effingham,Georgia Coast
4188719,Coldbrook,,,32.2377,-81.24178,PPL,GA,103,Effingham,Georgia Coast
4188720,Coldbrook Swamp,,,32.21326,-81.244,SWMP,GA,103,Effingham,Georgia Coast
4189476,Corinth Church,,,32.48379,-81.38316,CH,GA,103,Effingham,Georgia Coast
4189641,Country Side Church,,,32.18937,-81.33345,CH,GA,103,Effingham,Georgia Coast
4189739,Coursey Cemetery,,,32.56212,-81.40955,CMTY,GA,103,Effingham,Georgia Coast
4189838,Cowpen Branch,,,32.49435,-81.31983,STM,GA,103,Effingham,Georgia Coast
4190461,Cutoff Number 7a,,,32.51824,-81.24483,STMB,GA,103,Effingham,Georgia Coast
4190464,Cutoff Number 7-A,,,32.51907,-81.24427,STMB,GA,103,Effingham,Georgia Coast
4190778,Dasha Landing,,,32.30825,-81.18094,,GA,103,Effingham,Georgia Coast
4190780,Dasher Creek,,,32.31103,-81.18094,STM,GA,103,Effingham,Georgia Coast
4190782,Dasher School (historical),,,32.28048,-81.35233,SCH,GA,103,Effingham,Georgia Coast
4191146,Deep Branch,,,32.44491,-81.29011,STM,GA,103,Effingham,Georgia Coast
4191369,Devils Branch,,,32.53824,-81.36316,STM,GA,103,Effingham,Georgia Coast
4191821,Doswell,,,32.20992,-81.39372,PPL,GA,103,Effingham,Georgia Coast
4192018,Downs Cemetery,,,32.21326,-81.39317,CMTY,GA,103,Effingham,Georgia Coast
4192234,Duck Pond,,,32.47963,-81.22483,SWMP,GA,103,Effingham,Georgia Coast
4192272,Dugger Cemetery,,,32.5474,-81.40316,CMTY,GA,103,Effingham,Georgia Coast
4192812,Ebenezer,,,32.37797,-81.18233,PPL,GA,103,Effingham,Georgia Coast
4192905,Ebenezer Creek,,,32.38075,-81.18205,STM,GA,103,Effingham,Georgia Coast
4192923,Ebenezer Landing,,,32.3788,-81.18233,,GA,103,Effingham,Georgia Coast
4192940,Eden,,,32.17381,-81.39067,PPL,GA,103,Effingham,Georgia Coast
4192943,Eden Church,,,32.18465,-81.39595,CH,GA,103,Effingham,Georgia Coast
4192946,Eden Post Office,,,32.17048,-81.38817,PO,GA,103,Effingham,Georgia Coast
4192947,Eden School (historical),,,32.18437,-81.39428,SCH,GA,103,Effingham,Georgia Coast
4193041,Effingham Academy,,,32.36214,-81.33011,SCH,GA,103,Effingham,Georgia Coast
4193042,Effingham County,,,32.36731,-81.34134,ADM2,GA,103,Effingham,Georgia Coast
4193043,Effingham County Courthouse,,,32.37325,-81.31428,BLDG,GA,103,Effingham,Georgia Coast
4193044,Effingham Health System,,,32.36369,-81.32069,HSP,GA,103,Effingham,Georgia Coast
4193045,Effingham County Hospital Heliport,,,32.34853,-81.31983,AIRH,GA,103,Effingham,Georgia Coast
4193046,Effingham County High School,,,32.34724,-81.35108,SCH,GA,103,Effingham,Georgia Coast
4193051,Egypt,,,32.46185,-81.474,PPL,GA,103,Effingham,Georgia Coast
4193052,Egypt Church,,,32.45713,-81.449,CH,GA,103,Effingham,Georgia Coast
4193073,Elam Cemetery,,,32.44185,-81.47539,CMTY,GA,103,Effingham,Georgia Coast
4193078,Elam Church,,,32.46268,-81.47316,CH,GA,103,Effingham,Georgia Coast
4193193,Elkins Cemetery,,,32.30353,-81.42067,CMTY,GA,103,Effingham,Georgia Coast
4193927,Exit 30,,,32.12465,-81.38733,RDJCT,GA,103,Effingham,Georgia Coast
4194071,Exley,,,32.24575,-81.229,PPL,GA,103,Effingham,Georgia Coast
4194345,Falkville Church,,,32.14659,-81.3365,CH,GA,103,Effingham,Georgia Coast
4194566,Ferguson Cemetery,,,32.33908,-81.40039,CMTY,GA,103,Effingham,Georgia Coast
4194596,Fetzer School (historical),,,32.20937,-81.35483,SCH,GA,103,Effingham,Georgia Coast
4194648,Finch Lake,,,32.46564,-81.20567,LK,GA,103,Effingham,Georgia Coast
4195991,Fowl Craw Point,,,32.58907,-81.37344,CAPE,GA,103,Effingham,Georgia Coast
4196452,Frying Pan Landing,,,32.43769,-81.209,,GA,103,Effingham,Georgia Coast
4196559,Gadny Bay,,,32.15381,-81.324,SWMP,GA,103,Effingham,Georgia Coast
4196562,Gaffneys Landing,,,32.42935,-81.20622,,GA,103,Effingham,Georgia Coast
4197191,Gin Raw Lake,,,32.46686,-81.21387,LK,GA,103,Effingham,Georgia Coast
4197375,Glovers Point,,,32.27048,-81.13345,CAPE,GA,103,Effingham,Georgia Coast
4197403,Gnann Cemetery,,,32.36047,-81.24622,CMTY,GA,103,Effingham,Georgia Coast
4197404,Gnann Fishpond,,,32.40558,-81.21008,RSV,GA,103,Effingham,Georgia Coast
4197486,Goldwires Reach,,,32.56129,-81.32927,CHN,GA,103,Effingham,Georgia Coast
4197550,Goodwill Church,,,32.28131,-81.25539,CH,GA,103,Effingham,Georgia Coast
4197689,Goshen Church,,,32.24992,-81.2115,CH,GA,103,Effingham,Georgia Coast
4197699,Goshen Villa,,,32.26131,-81.20595,PPL,GA,103,Effingham,Georgia Coast
4197819,Grafarwill Trust Dam,,,32.43519,-81.48816,DAM,GA,103,Effingham,Georgia Coast
4197820,Grafarwill Trust Pond,,,32.43557,-81.48744,RSV,GA,103,Effingham,Georgia Coast
4198035,Green Bay,,,32.45907,-81.32511,BAY,GA,103,Effingham,Georgia Coast
4198036,Green Bay,,,32.5749,-81.39649,BAY,GA,103,Effingham,Georgia Coast
4198052,Green Cemetery,,,32.29158,-81.18789,CMTY,GA,103,Effingham,Georgia Coast
4198350,Griffin Lake,,,32.41866,-81.46517,RSV,GA,103,Effingham,Georgia Coast
4198360,Griffin Lake Dam,,,32.41991,-81.46205,DAM,GA,103,Effingham,Georgia Coast
4198441,Groover Branch,,,32.40519,-81.21872,STM,GA,103,Effingham,Georgia Coast
4198587,Gum Stump Point,,,32.2702,-81.14289,CAPE,GA,103,Effingham,Georgia Coast
4198633,Guyton,,,32.3363,-81.3915,PPL,GA,103,Effingham,Georgia Coast
4198636,Guyton Elementary School,,,32.33957,-81.39902,SCH,GA,103,Effingham,Georgia Coast
4198637,Guyton Historic District,,,32.33519,-81.39122,PRK,GA,103,Effingham,Georgia Coast
4198638,Guyton Post Office,,,32.33353,-81.3915,PO,GA,103,Effingham,Georgia Coast
4198639,Guyton Town Hall,,,32.33325,-81.3915,BLDG,GA,103,Effingham,Georgia Coast
4198722,Haddon Lake,,,32.44116,-81.20689,LK,GA,103,Effingham,Georgia Coast
4198725,Haddonville,,,32.43463,-81.23011,PPL,GA,103,Effingham,Georgia Coast
4199165,Hardin Swamp,,,32.14138,-81.34299,SWMP,GA,103,Effingham,Georgia Coast
4199949,Helmley Pond,,,32.40815,-81.21846,LK,GA,103,Effingham,Georgia Coast
4200173,Hester Cemetery,,,32.19326,-81.33789,CMTY,GA,103,Effingham,Georgia Coast
4200784,Hodges Pond,,,32.57351,-81.35816,RSV,GA,103,Effingham,Georgia Coast
4200791,Hodges Pond Dam,,,32.57351,-81.35816,DAM,GA,103,Effingham,Georgia Coast
4200868,Hognose Point,,,32.5424,-81.28344,CAPE,GA,103,Effingham,Georgia Coast
4201130,Holy Samaritan Church,,,32.37075,-81.32455,CH,GA,103,Effingham,Georgia Coast
4201340,Horning Swamp,,,32.21265,-81.32582,SWMP,GA,103,Effingham,Georgia Coast
4201736,Hungleiter Branch,,,32.41547,-81.199,STM,GA,103,Effingham,Georgia Coast
4201888,Hyatts Landing,,,32.27353,-81.439,,GA,103,Effingham,Georgia Coast
4202407,Jacks Branch,,,32.37325,-81.29983,STM,GA,103,Effingham,Georgia Coast
4202787,Jerusalem Lutheran Church,,,32.37658,-81.18094,CH,GA,103,Effingham,Georgia Coast
4203140,Jones Cemetery,,,32.2977,-81.18956,CMTY,GA,103,Effingham,Georgia Coast
4203541,Keiffer Branch,,,32.40547,-81.21872,STM,GA,103,Effingham,Georgia Coast
4203544,Keiffer Pond,,,32.40635,-81.22222,LK,GA,103,Effingham,Georgia Coast
4203675,Kennedy Lake,,,32.50352,-81.23899,LK,GA,103,Effingham,Georgia Coast
4203796,Kieffer Cemetery,,,32.37825,-81.31261,CMTY,GA,103,Effingham,Georgia Coast
4203804,Kildare,,,32.53435,-81.45538,PPL,GA,103,Effingham,Georgia Coast
4203912,Kingdom Hall,,,32.15159,-81.34289,CH,GA,103,Effingham,Georgia Coast
4204183,Knoxboro Creek,,,32.22242,-81.154,STM,GA,103,Effingham,Georgia Coast
4204262,Lady Washington Point,,,32.27631,-81.12511,CAPE,GA,103,Effingham,Georgia Coast
4204806,Lakeside Farms Pond,,,32.52997,-81.30708,RSV,GA,103,Effingham,Georgia Coast
4204807,Lakeside Farms Pond Dam,,,32.52851,-81.30483,DAM,GA,103,Effingham,Georgia Coast
4205134,Laurel Hill Church,,,32.47018,-81.28594,CH,GA,103,Effingham,Georgia Coast
4205305,Lebanon School (historical),,,32.51685,-81.37344,SCH,GA,103,Effingham,Georgia Coast
4205319,Lee Branch,,,32.49046,-81.34427,STM,GA,103,Effingham,Georgia Coast
4205365,Lee School (historical),,,32.46741,-81.34288,SCH,GA,103,Effingham,Georgia Coast
4205902,Little Abercorn Creek,,,32.28409,-81.1615,STM,GA,103,Effingham,Georgia Coast
4206002,Little Collis Creek,,,32.28075,-81.14428,STM,GA,103,Effingham,Georgia Coast
4206091,Little Ebenezer Creek,,,32.34908,-81.25817,STM,GA,103,Effingham,Georgia Coast
4206106,Little Gayland Creek,,,32.25131,-81.15761,STM,GA,103,Effingham,Georgia Coast
4206493,Lockner Creek,,,32.36297,-81.174,STM,GA,103,Effingham,Georgia Coast
4206727,Long Pond,,,32.49018,-81.23316,SWMP,GA,103,Effingham,Georgia Coast
4206813,Lorenzo,,,32.43769,-81.37677,PPL,GA,103,Effingham,Georgia Coast
4207314,Macedonia Church,,,32.3413,-81.39761,CH,GA,103,Effingham,Georgia Coast
4207773,Mariah Grove School (historical),,,32.51212,-81.44288,SCH,GA,103,Effingham,Georgia Coast
4207834,Marlow,,,32.26909,-81.39067,PPL,GA,103,Effingham,Georgia Coast
4207836,Marlow Church,,,32.27686,-81.39372,CH,GA,103,Effingham,Georgia Coast
4207837,Marlow Church,,,32.26853,-81.38817,CH,GA,103,Effingham,Georgia Coast
4207840,Marlow Elementary School,,,32.1982,-81.36256,SCH,GA,103,Effingham,Georgia Coast
4208835,Meldrim,,,32.14326,-81.37789,PPL,GA,103,Effingham,Georgia Coast
4208836,Meldrim Baptist Church,,,32.14215,-81.37928,CH,GA,103,Effingham,Georgia Coast
4208837,Meldrim Cemetery,,,32.15131,-81.36761,CMTY,GA,103,Effingham,Georgia Coast
4208838,Meldrim Christian Church,,,32.14076,-81.37817,CH,GA,103,Effingham,Georgia Coast
4208839,Meldrim Post Office,,,32.1427,-81.37845,PO,GA,103,Effingham,Georgia Coast
4209023,Metzger Cemetery,,,32.48713,-81.27372,CMTY,GA,103,Effingham,Georgia Coast
4209070,Middle Kiffer Point,,,32.36075,-81.16761,CAPE,GA,103,Effingham,Georgia Coast
4209219,Midway School (historical),,,32.4288,-81.27733,SCH,GA,103,Effingham,Georgia Coast
4209339,Mill Creek,,,32.27825,-81.169,STM,GA,103,Effingham,Georgia Coast
4209341,Mill Creek,,,32.28548,-81.44428,STM,GA,103,Effingham,Georgia Coast
4209342,Mill Creek,,,32.47241,-81.35038,STM,GA,103,Effingham,Georgia Coast
4209478,Miller Chapel Church,,,32.19937,-81.28678,CH,GA,103,Effingham,Georgia Coast
4209711,Missionary Alliance Church,,,32.29742,-81.39956,CH,GA,103,Effingham,Georgia Coast
4209712,Missionary Church,,,32.1827,-81.38983,CH,GA,103,Effingham,Georgia Coast
4209795,Mizpah Church,,,32.54879,-81.40261,CH,GA,103,Effingham,Georgia Coast
4209799,Mizpah School (historical),,,32.56407,-81.40233,SCH,GA,103,Effingham,Georgia Coast
4209923,Monterey Park Church,,,32.1477,-81.34428,CH,GA,103,Effingham,Georgia Coast
4210111,Morgan Cemetery,,,32.53157,-81.27705,CMTY,GA,103,Effingham,Georgia Coast
4210134,Morgan Pond,,,32.44029,-81.41006,RSV,GA,103,Effingham,Georgia Coast
4210135,Morgan Pond Dam,,,32.44019,-81.40816,DAM,GA,103,Effingham,Georgia Coast
4210137,Morgan School (historical),,,32.44602,-81.32844,SCH,GA,103,Effingham,Georgia Coast
4210143,Morgans Pond,,,32.19372,-81.3407,RSV,GA,103,Effingham,Georgia Coast
4210145,Morgans Pond Dam,,,32.19576,-81.33956,DAM,GA,103,Effingham,Georgia Coast
4210305,Mosquito Creek,,,32.28547,-81.15956,STM,GA,103,Effingham,Georgia Coast
4210623,Mount Hope Church,,,32.39436,-81.41316,CH,GA,103,Effingham,Georgia Coast
4210683,Mount Moriah Church,,,32.27881,-81.38261,CH,GA,103,Effingham,Georgia Coast
4210895,Mount Pisgah Church,,,32.48574,-81.26372,CH,GA,103,Effingham,Georgia Coast
4210962,Mount Pleasant Church,,,32.51546,-81.30538,CH,GA,103,Effingham,Georgia Coast
4211244,Mount Zion Church,,,32.53018,-81.32038,CH,GA,103,Effingham,Georgia Coast
4211817,Nanny Branch,,,32.46824,-81.21372,STM,GA,103,Effingham,Georgia Coast
4212291,New Hope Church,,,32.34242,-81.3915,CH,GA,103,Effingham,Georgia Coast
4212642,New Zion Holiness Church,,,32.53268,-81.32261,CH,GA,103,Effingham,Georgia Coast
4212723,Newington Landing,,,32.28742,-81.18011,,GA,103,Effingham,Georgia Coast
4212732,Newton Cemetery,,,32.35769,-81.44511,CMTY,GA,103,Effingham,Georgia Coast
4212825,Nixon Chapel,,,32.50712,-81.41538,CH,GA,103,Effingham,Georgia Coast
4213230,Northside Church,,,32.31214,-81.24539,CH,GA,103,Effingham,Georgia Coast
4213231,Northside Church,,,32.37464,-81.32289,CH,GA,103,Effingham,Georgia Coast
4213704,Oakgrove Church,,,32.53685,-81.39844,CH,GA,103,Effingham,Georgia Coast
4213778,Oaky,,,32.5249,-81.39094,PPL,GA,103,Effingham,Georgia Coast
4213910,Ogeechee Run,,,32.20548,-81.3815,STM,GA,103,Effingham,Georgia Coast
4214108,Old Hill Cemetery,,,32.13965,-81.37317,CMTY,GA,103,Effingham,Georgia Coast
4214123,Old Log Landing,,,32.39658,-81.18289,,GA,103,Effingham,Georgia Coast
4214166,Old Providence Cemetery,,,32.3363,-81.42539,CMTY,GA,103,Effingham,Georgia Coast
4214171,Old River,,,32.45849,-81.19983,LK,GA,103,Effingham,Georgia Coast
4214231,Old Wood Landing,,,32.35797,-81.16761,,GA,103,Effingham,Georgia Coast
4215923,Pine Grove School (historical),,,32.38186,-81.45872,SCH,GA,103,Effingham,Georgia Coast
4216171,Pineora,,,32.28686,-81.3915,PPL,GA,103,Effingham,Georgia Coast
4216357,Pisgah Cemetery,,,32.49491,-81.24816,CMTY,GA,103,Effingham,Georgia Coast
4216441,Plank Creek,,,32.45102,-81.20622,STM,GA,103,Effingham,Georgia Coast
4216895,Polly Creek,,,32.34214,-81.21733,STM,GA,103,Effingham,Georgia Coast
4217085,Porter Cemetery,,,32.48491,-81.22177,CMTY,GA,103,Effingham,Georgia Coast
4217291,Powers Church,,,32.16659,-81.38622,CH,GA,103,Effingham,Georgia Coast
4217292,Powers Church,,,32.17465,-81.389,CH,GA,103,Effingham,Georgia Coast
4217733,Rabbit Bar Point,,,32.57768,-81.36844,CAPE,GA,103,Effingham,Georgia Coast
4217767,Raccoon Creek,,,32.27714,-81.16595,STM,GA,103,Effingham,Georgia Coast
4217773,Raccoon Keys,,,32.26187,-81.43039,ISL,GA,103,Effingham,Georgia Coast
4217811,Rahn Cemetery,,,32.31242,-81.24622,CMTY,GA,103,Effingham,Georgia Coast
4217812,Rahns,,,32.31436,-81.28122,PPL,GA,103,Effingham,Georgia Coast
4218422,Reiser Pond,,,32.42004,-81.20512,LK,GA,103,Effingham,Georgia Coast
4218882,Rincon,,,32.29603,-81.23539,PPL,GA,103,Effingham,Georgia Coast
4218883,Rincon Branch,,,32.29158,-81.22706,STM,GA,103,Effingham,Georgia Coast
4218885,Rincon Church,,,32.25881,-81.21789,CH,GA,103,Effingham,Georgia Coast
4218886,Rincon Elementary School,,,32.29572,-81.23441,SCH,GA,103,Effingham,Georgia Coast
4218887,Rincon South Shopping Center,,,32.28075,-81.23289,MALL,GA,103,Effingham,Georgia Coast
4218888,Rincon Town Hall,,,32.29436,-81.2365,BLDG,GA,103,Effingham,Georgia Coast
4218931,Rincon Cemetery,,,32.31575,-81.23539,CMTY,GA,103,Effingham,Georgia Coast
4218976,River Styx,,,32.16881,-81.31289,STM,GA,103,Effingham,Georgia Coast
4219079,Riverside School (historical),,,32.32658,-81.43455,SCH,GA,103,Effingham,Georgia Coast
4219244,Robinson Round,,,32.46352,-81.18816,CAPE,GA,103,Effingham,Georgia Coast
4220125,Runs Branch,,,32.41547,-81.29844,STM,GA,103,Effingham,Georgia Coast
4220210,Ryal Cemetery,,,32.50685,-81.29816,CMTY,GA,103,Effingham,Georgia Coast
4220406,Saint James Church,,,32.14187,-81.38289,CH,GA,103,Effingham,Georgia Coast
4220641,Saint Marys Church,,,32.28547,-81.25428,CH,GA,103,Effingham,Georgia Coast
4220673,Saint Mathews Church,,,32.3763,-81.32011,CH,GA,103,Effingham,Georgia Coast
4220682,Saint Matthew's Parish (historical),,,32.36686,-81.33317,ADMD,GA,103,Effingham,Georgia Coast
4221087,Sam Hole Bay,,,32.4752,-81.23164,SWMP,GA,103,Effingham,Georgia Coast
4221143,Sand Hill Cemetery,,,32.2402,-81.40483,CMTY,GA,103,Effingham,Georgia Coast
4221151,Sand Hill Church,,,32.22326,-81.40317,CH,GA,103,Effingham,Georgia Coast
4221170,Sand Pond,,,32.57434,-81.40399,LK,GA,103,Effingham,Georgia Coast
4221585,Savannah Water Works,,,32.25575,-81.17845,BLDG,GA,103,Effingham,Georgia Coast
4221593,Sawdust Bay,,,32.48782,-81.24468,SWMP,GA,103,Effingham,Georgia Coast
4221786,Scuffletown School (historical),,,32.21937,-81.26095,SCH,GA,103,Effingham,Georgia Coast
4221939,Seines Landing,,,32.4138,-81.19761,,GA,103,Effingham,Georgia Coast
4222281,Shawnee,,,32.47574,-81.40816,PPL,GA,103,Effingham,Georgia Coast
4222545,Shiloh School (historical),,,32.32575,-81.33622,SCH,GA,103,Effingham,Georgia Coast
4222709,Shrimp Creek,,,32.30603,-81.45233,STM,GA,103,Effingham,Georgia Coast
4222758,Silas Morton Cemetery,,,32.45629,-81.51289,CMTY,GA,103,Effingham,Georgia Coast
4222791,Silver Hill Church,,,32.46352,-81.34705,CH,GA,103,Effingham,Georgia Coast
4222832,Silverwood Plantation,,,32.26548,-81.21372,PPL,GA,103,Effingham,Georgia Coast
4222973,Sisters Ferry Landing,,,32.4938,-81.22872,,GA,103,Effingham,Georgia Coast
4222978,Sisters Cut,,,32.51796,-81.23511,STMB,GA,103,Effingham,Georgia Coast
4223012,Skinners Bay,,,32.23726,-81.29911,SWMP,GA,103,Effingham,Georgia Coast
4223929,Spirit Branch,,,32.16881,-81.31289,STM,GA,103,Effingham,Georgia Coast
4223988,Spring Branch,,,32.35853,-81.31317,PPLX,GA,103,Effingham,Georgia Coast
4224162,Springfield,,,32.37241,-81.3115,PPLA2,GA,103,Effingham,Georgia Coast
4224196,Springfield City Hall,,,32.37102,-81.31233,BLDG,GA,103,Effingham,Georgia Coast
4224198,Springfield Elementary School,,,32.38258,-81.31976,SCH,GA,103,Effingham,Georgia Coast
4224200,Springfield Post Office,,,32.37075,-81.31205,PO,GA,103,Effingham,Georgia Coast
4224655,Stillwell,,,32.37797,-81.25039,PPL,GA,103,Effingham,Georgia Coast
4224656,Stillwell Airport (historical),,,32.37575,-81.25705,AIRQ,GA,103,Effingham,Georgia Coast
4224657,Stillwell Branch,,,32.37964,-81.21622,STM,GA,103,Effingham,Georgia Coast
4224659,Stillwell Post Office,,,32.37769,-81.25122,PO,GA,103,Effingham,Georgia Coast
4224668,Stillwell Cemetery,,,32.37658,-81.24622,CMTY,GA,103,Effingham,Georgia Coast
4224708,Stokes Lake,,,32.49584,-81.50766,RSV,GA,103,Effingham,Georgia Coast
4224711,Stokes Lake Dam,,,32.49685,-81.50983,DAM,GA,103,Effingham,Georgia Coast
4224947,Strong Creek,,,32.45241,-81.20177,STM,GA,103,Effingham,Georgia Coast
4225330,Swaids Field,,,32.3937,-81.28079,AIRF,GA,103,Effingham,Georgia Coast
4225450,Sweigoffer Creek,,,32.28436,-81.179,STM,GA,103,Effingham,Georgia Coast
4225536,Symons Landing,,,32.36325,-81.17567,,GA,103,Effingham,Georgia Coast
4225853,Taylor Church,,,32.53018,-81.32983,CH,GA,103,Effingham,Georgia Coast
4225879,Taylor Landing,,,32.35214,-81.49039,,GA,103,Effingham,Georgia Coast
4225886,Taylor School (historical),,,32.52796,-81.32899,SCH,GA,103,Effingham,Georgia Coast
4226281,Thomas Chapel,,,32.48018,-81.44233,CH,GA,103,Effingham,Georgia Coast
4226422,Thompson Pond,,,32.41507,-81.22756,RSV,GA,103,Effingham,Georgia Coast
4226480,Three Men Swamp,,,32.22485,-81.29291,SWMP,GA,103,Effingham,Georgia Coast
4227215,Tuckasee King Landing,,,32.53213,-81.27594,,GA,103,Effingham,Georgia Coast
4227294,Turkey Branch,,,32.41547,-81.29844,STM,GA,103,Effingham,Georgia Coast
4227296,Turkey Branch Church,,,32.41963,-81.33455,CH,GA,103,Effingham,Georgia Coast
4227299,Turkey Branch Church,,,32.45935,-81.43261,CH,GA,103,Effingham,Georgia Coast
4227327,Turkey Creek Church (historical),,,32.46463,-81.43483,CH,GA,103,Effingham,Georgia Coast
4227474,Tusculum Church,,,32.40685,-81.44066,CH,GA,103,Effingham,Georgia Coast
4227476,Tusculum,,,32.39297,-81.43066,PPL,GA,103,Effingham,Georgia Coast
4227773,Union Church (historical),,,32.23381,-81.34845,CH,GA,103,Effingham,Georgia Coast
4227897,Union Spring Cemetery,,,32.42963,-81.22983,CMTY,GA,103,Effingham,Georgia Coast
4227898,Union Spring Church,,,32.42713,-81.25761,CH,GA,103,Effingham,Georgia Coast
4227930,United House of Prayer,,,32.33797,-81.38594,CH,GA,103,Effingham,Georgia Coast
4228705,WGEC-FM (Springfield),,,32.36741,-81.30483,TOWR,GA,103,Effingham,Georgia Coast
4229112,Walden Branch,,,32.46546,-81.53122,STM,GA,103,Effingham,Georgia Coast
4229264,Wallace Temple,,,32.50518,-81.40955,CH,GA,103,Effingham,Georgia Coast
4229356,Walthour Swamp,,,32.17868,-81.28197,SWMP,GA,103,Effingham,Georgia Coast
4230079,Wesley Independent Church,,,32.39797,-81.31733,CH,GA,103,Effingham,Georgia Coast
4230498,Wheeler Cemetery,,,32.4763,-81.30622,CMTY,GA,103,Effingham,Georgia Coast
4230612,White Deer Branch,,,32.36408,-81.32594,STM,GA,103,Effingham,Georgia Coast
4231344,Willowpeg,,,32.27797,-81.224,PPLX,GA,103,Effingham,Georgia Coast
4231345,Willowpeg Cemetery,,,32.26742,-81.22372,CMTY,GA,103,Effingham,Georgia Coast
4231346,Willowpeg Creek,,,32.27603,-81.21511,STM,GA,103,Effingham,Georgia Coast
4231420,Wilsons Pond,,,32.52673,-81.3955,LK,GA,103,Effingham,Georgia Coast
4232321,Zeigler Pond,,,32.15863,-81.32851,RSV,GA,103,Effingham,Georgia Coast
4232323,Zeigler Pond Dam,,,32.15854,-81.3265,DAM,GA,103,Effingham,Georgia Coast
4232363,Zion Church,,,32.2077,-81.36206,CH,GA,103,Effingham,Georgia Coast
4178983,A V Wood Gymnasium,,,31.14829,-81.4901,BLDG,GA,127,Glynn,Georgia Coast
4179048,Abyssinia Baptist Church,,,31.16384,-81.49482,CH,GA,127,Glynn,Georgia Coast
4179051,Academy Creek,,,31.15217,-81.50038,STM,GA,127,Glynn,Georgia Coast
4179476,Allen Memorial Cemetery,,,31.14217,-81.6226,CMTY,GA,127,Glynn,Georgia Coast
4179529,Alligator Congress,,,31.41296,-81.5922,LK,GA,127,Glynn,Georgia Coast
4179602,Altama Park,,,31.22384,-81.47316,PRK,GA,127,Glynn,Georgia Coast
4179603,Altama Plaza Shopping Center,,,31.22273,-81.4776,MALL,GA,127,Glynn,Georgia Coast
4179604,Altama Elementary School,,,31.20958,-81.483,SCH,GA,127,Glynn,Georgia Coast
4179605,Altama Village Shopping Center,,,31.2044,-81.48343,MALL,GA,127,Glynn,Georgia Coast
4179610,Altamaha Park,,,31.42661,-81.60705,PPL,GA,127,Glynn,Georgia Coast
4179611,Altamaha Plantation,,,31.33495,-81.49316,,GA,127,Glynn,Georgia Coast
4179695,Amos Island,,,31.42383,-81.61733,ISL,GA,127,Glynn,Georgia Coast
4179812,Andrews Island,,,31.14106,-81.50871,ISL,GA,127,Glynn,Georgia Coast
4179833,Anguilla,,,31.25551,-81.60344,PPL,GA,127,Glynn,Georgia Coast
4179984,Antioch Church,,,31.20384,-81.51399,CH,GA,127,Glynn,Georgia Coast
4180156,Arco,,,31.20134,-81.50621,PPL,GA,127,Glynn,Georgia Coast
4180157,Arco Park,,,31.17995,-81.50482,PRK,GA,127,Glynn,Georgia Coast
4180158,Arco School,,,31.17912,-81.5051,SCH,GA,127,Glynn,Georgia Coast
4180225,Arnett Field Drain,,,31.31293,-81.68225,SWMP,GA,127,Glynn,Georgia Coast
4180675,Azalea Gardens,,,31.19745,-81.47482,PPL,GA,127,Glynn,Georgia Coast
4180701,Back River,,,31.14634,-81.43593,STM,GA,127,Glynn,Georgia Coast
4180702,Back Landing,,,31.15051,-81.47704,PPL,GA,127,Glynn,Georgia Coast
4180930,Glynn County Fire Department Station 1 Headquarters,,,31.20345,-81.50647,BLDG,GA,127,Glynn,Georgia Coast
4180932,Ballard Park,,,31.2069,-81.50677,PRK,GA,127,Glynn,Georgia Coast
4180943,Ballard Elementary School,,,31.20495,-81.50621,SCH,GA,127,Glynn,Georgia Coast
4181152,Barnwell Cemetery,,,31.25578,-81.75094,CMTY,GA,127,Glynn,Georgia Coast
4181425,Beach Creek,,,31.02384,-81.43426,STM,GA,127,Glynn,Georgia Coast
4181523,Bear Island,,,31.39661,-81.63844,ISL,GA,127,Glynn,Georgia Coast
4181525,Bear Island Swamp,,,31.39828,-81.62733,SWMP,GA,127,Glynn,Georgia Coast
4181803,Bel Air,,,31.22245,-81.49927,PPL,GA,127,Glynn,Georgia Coast
4181862,Belle Point,,,31.22051,-81.45649,CAPE,GA,127,Glynn,Georgia Coast
4181863,Belle Point Creek,,,31.20217,-81.4476,STM,GA,127,Glynn,Georgia Coast
4181865,Belle Vista,,,31.35772,-81.73733,PPL,GA,127,Glynn,Georgia Coast
4181877,Belle Point Estates,,,31.22245,-81.45621,PPL,GA,127,Glynn,Georgia Coast
4181979,Benedict,,,31.21606,-81.50149,PPL,GA,127,Glynn,Georgia Coast
4182139,Berry Lake,,,31.33507,-81.59198,LK,GA,127,Glynn,Georgia Coast
4182179,Beth Tefillo Synagogue,,,31.14856,-81.49121,CH,GA,127,Glynn,Georgia Coast
4182265,Bethel (historical),,,31.21801,-81.66372,PPLQ,GA,127,Glynn,Georgia Coast
4182389,Bethel Church,,,31.23134,-81.51649,CH,GA,127,Glynn,Georgia Coast
4182743,Beverly Shores,,,31.2044,-81.47204,PPL,GA,127,Glynn,Georgia Coast
4182761,Bible Baptist Church,,,31.16634,-81.49843,CH,GA,127,Glynn,Georgia Coast
4182963,Big Island,,,31.34939,-81.67872,ISL,GA,127,Glynn,Georgia Coast
4183119,Bird Island,,,31.20523,-81.58455,ISL,GA,127,Glynn,Georgia Coast
4183188,Black Banks,,,31.17134,-81.35871,LEV,GA,127,Glynn,Georgia Coast
4183270,Blackbanks,,,31.1869,-81.3751,PPL,GA,127,Glynn,Georgia Coast
4183284,Blackbank River,,,31.18273,-81.35899,CHN,GA,127,Glynn,Georgia Coast
4183342,Bladen,,,31.24467,-81.70205,PPL,GA,127,Glynn,Georgia Coast
4183447,Bloody Marsh,,,31.15964,-81.37314,SWMP,GA,127,Glynn,Georgia Coast
4183448,Bloody Marsh Site,,,31.15634,-81.37954,PRK,GA,127,Glynn,Georgia Coast
4183487,Blount Crossing Cemetery,,,31.27912,-81.66344,CMTY,GA,127,Glynn,Georgia Coast
4183496,Blue Cemetery,,,31.14801,-81.62038,CMTY,GA,127,Glynn,Georgia Coast
4183523,Blue Ridge,,,31.43939,-81.62983,RDGE,GA,127,Glynn,Georgia Coast
4183620,Blunt (historical),,,31.28106,-81.66455,PPLQ,GA,127,Glynn,Georgia Coast
4183626,Blythe Island,,,31.18134,-81.55177,ISL,GA,127,Glynn,Georgia Coast
4183627,Blythe Island,,,31.19051,-81.55121,PPL,GA,127,Glynn,Georgia Coast
4183629,Blythe Island Church,,,31.17717,-81.54038,CH,GA,127,Glynn,Georgia Coast
4183630,Blythe Island County Park,,,31.15995,-81.54705,PRK,GA,127,Glynn,Georgia Coast
4183631,Blythe Island Park,,,31.17884,-81.54205,PRK,GA,127,Glynn,Georgia Coast
4183705,Boggy Branch,,,31.34578,-81.68844,SWMP,GA,127,Glynn,Georgia Coast
4183720,Boggy Gall,,,31.29467,-81.58177,PLN,GA,127,Glynn,Georgia Coast
4184028,Boys Estate,,,31.31662,-81.4726,PPL,GA,127,Glynn,Georgia Coast
4184125,Brandy Point,,,31.12662,-81.49566,CAPE,GA,127,Glynn,Georgia Coast
4184284,Briar Island,,,31.39328,-81.6565,ISL,GA,127,Glynn,Georgia Coast
4184337,Bridge Branch,,,31.42939,-81.62983,STM,GA,127,Glynn,Georgia Coast
4184395,Bright Star Church,,,31.20412,-81.49955,CH,GA,127,Glynn,Georgia Coast
4184476,Broadfield,,,31.30717,-81.46177,PPL,GA,127,Glynn,Georgia Coast
4184482,Brobston,,,31.26023,-81.55788,PPL,GA,127,Glynn,Georgia Coast
4184546,Brookman,,,31.19106,-81.659,PPL,GA,127,Glynn,Georgia Coast
4184649,Brown Branch,,,31.36106,-81.67983,SWMP,GA,127,Glynn,Georgia Coast
4184696,Brown Island,,,31.36967,-81.6765,ISL,GA,127,Glynn,Georgia Coast
4184782,Browns Lake,,,31.41424,-81.59757,LK,GA,127,Glynn,Georgia Coast
4184787,Browns Lake Landing,,,31.41411,-81.59844,,GA,127,Glynn,Georgia Coast
4184845,Brunswick,,,31.14995,-81.49149,PPLA2,GA,127,Glynn,Georgia Coast
4184846,Brunswick City Hall,,,31.14967,-81.49399,BLDG,GA,127,Glynn,Georgia Coast
4184847,Brunswick Country Club,,,31.21912,-81.46427,RSRT,GA,127,Glynn,Georgia Coast
4184848,Brunswick High School,,,31.1861,-81.49199,SCH,GA,127,Glynn,Georgia Coast
4184849,Coastal Georgia Community College,,,31.18326,-81.48708,SCH,GA,127,Glynn,Georgia Coast
4184850,Brunswick Mall Shopping Center,,,31.19217,-81.48343,MALL,GA,127,Glynn,Georgia Coast
4184851,Brunswick Memorial Park,,,31.23912,-81.45232,CMTY,GA,127,Glynn,Georgia Coast
4184852,Brunswick Old Town Historic District,,,31.14579,-81.49038,PRK,GA,127,Glynn,Georgia Coast
4184853,Brunswick Point,,,31.11023,-81.45482,CAPE,GA,127,Glynn,Georgia Coast
4184854,Brunswick Post Office,,,31.15023,-81.49232,PO,GA,127,Glynn,Georgia Coast
4184855,Brunswick Primitive Baptist Church,,,31.17162,-81.50205,CH,GA,127,Glynn,Georgia Coast
4184856,Brunswick River,,,31.12023,-81.42649,STM,GA,127,Glynn,Georgia Coast
4184858,Brunswick Villa,,,31.18356,-81.49343,PPLX,GA,127,Glynn,Georgia Coast
4184859,Brunswick West Shopping Center,,,31.22578,-81.52621,MALL,GA,127,Glynn,Georgia Coast
4184860,Brunswick-Altamaha Canal,,,31.2569,-81.48177,CNL,GA,127,Glynn,Georgia Coast
4184861,Brunswick-Glynn County Regional Library,,,31.1494,-81.49621,LIBR,GA,127,Glynn,Georgia Coast
4184863,Brunswick State Docks,,,31.13218,-81.49288,,GA,127,Glynn,Georgia Coast
4184927,Bryant Baptist Church,,,31.15134,-81.49177,CH,GA,127,Glynn,Georgia Coast
4185006,Buck Island,,,31.348,-81.6265,ISL,GA,127,Glynn,Georgia Coast
4185010,Buck Island Drain,,,31.34717,-81.63427,SWMP,GA,127,Glynn,Georgia Coast
4185025,Buck Swamp,,,31.13023,-81.63983,STM,GA,127,Glynn,Georgia Coast
4185026,Buck Swamp School (historical),,,31.15717,-81.67455,SCH,GA,127,Glynn,Georgia Coast
4185091,Buffalo Creek,,,31.24717,-81.58927,STM,GA,127,Glynn,Georgia Coast
4185099,Buffalo River,,,31.21523,-81.57816,STM,GA,127,Glynn,Georgia Coast
4185101,Buffalo Swamp,,,31.25006,-81.5727,SWMP,GA,127,Glynn,Georgia Coast
4185107,Buffalo Swamp,,,31.29415,-81.61936,SWMP,GA,127,Glynn,Georgia Coast
4185179,Bull Island,,,31.39995,-81.624,ISL,GA,127,Glynn,Georgia Coast
4185180,Bull Island School (historical),,,31.40411,-81.63039,SCH,GA,127,Glynn,Georgia Coast
4185301,Burnett Creek,,,31.22551,-81.55149,STM,GA,127,Glynn,Georgia Coast
4185353,Burnt Island,,,31.38022,-81.62261,ISL,GA,127,Glynn,Georgia Coast
4185363,Burnt Scrub Swamp,,,31.27439,-81.72983,SWMP,GA,127,Glynn,Georgia Coast
4185374,Burroughs - Molette Elementary School,,,31.15834,-81.48803,SCH,GA,127,Glynn,Georgia Coast
4185434,Busson Hill Plantation (historical),,,31.26467,-81.35204,,GA,127,Glynn,Georgia Coast
4185455,Butler Point,,,31.29078,-81.34426,CAPE,GA,127,Glynn,Georgia Coast
4185459,Butler Field Park,,,31.1394,-81.39343,PRK,GA,127,Glynn,Georgia Coast
4185472,Butter Field Park,,,31.13968,-81.39371,PRK,GA,127,Glynn,Georgia Coast
4185518,Buzzards Roost,,,31.1469,-81.52121,MT,GA,127,Glynn,Georgia Coast
4185741,Calvary Baptist Church,,,31.17467,-81.47593,CH,GA,127,Glynn,Georgia Coast
4186030,Camp Squawchee,,,31.26939,-81.51788,CMP,GA,127,Glynn,Georgia Coast
4186035,Camp Tolochee,,,31.19134,-81.5701,CMP,GA,127,Glynn,Georgia Coast
4186191,Cannons Point,,,31.2869,-81.32649,CAPE,GA,127,Glynn,Georgia Coast
4186192,Cannons Point Plantation (historical),,,31.28745,-81.32704,,GA,127,Glynn,Georgia Coast
4186871,Cedar Hammock,,,31.0994,-81.47371,ISL,GA,127,Glynn,Georgia Coast
4186912,Cedar Point Creek,,,31.19245,-81.4576,STM,GA,127,Glynn,Georgia Coast
4187136,Central Park,,,31.16801,-81.38704,PPL,GA,127,Glynn,Georgia Coast
4187542,Cherokee Campground,,,31.10662,-81.41204,CMP,GA,127,Glynn,Georgia Coast
4187923,Church of Christ,,,31.15329,-81.48454,CH,GA,127,Glynn,Georgia Coast
4187980,Church of God,,,31.17356,-81.50093,CH,GA,127,Glynn,Georgia Coast
4187981,Church of God,,,31.15912,-81.49566,CH,GA,127,Glynn,Georgia Coast
4188038,Church of God in Christ,,,31.15995,-81.48899,CH,GA,127,Glynn,Georgia Coast
4188046,Church of God of Prophecy,,,31.27495,-81.57677,CH,GA,127,Glynn,Georgia Coast
4188143,Clam Creek,,,31.11718,-81.41649,STM,GA,127,Glynn,Georgia Coast
4188165,Clam Creek Picnic Area,,,31.11357,-81.4151,,GA,127,Glynn,Georgia Coast
4188204,Clarks Bluff,,,31.39995,-81.57983,CLF,GA,127,Glynn,Georgia Coast
4188205,Clarks Bluff Landing,,,31.40106,-81.58066,,GA,127,Glynn,Georgia Coast
4188283,Clayhole Creek,,,31.39856,-81.57816,STM,GA,127,Glynn,Georgia Coast
4188285,Clayhole Swamp,,,31.36328,-81.53899,SWMP,GA,127,Glynn,Georgia Coast
4188311,Clayhole Island,,,31.40383,-81.59789,ISL,GA,127,Glynn,Georgia Coast
4188482,Clover Heights,,,31.22551,-81.53233,PPL,GA,127,Glynn,Georgia Coast
4188503,Clubbs Creek,,,31.14384,-81.45954,CHN,GA,127,Glynn,Georgia Coast
4188555,Cobb Creek,,,31.07745,-81.46982,CHN,GA,127,Glynn,Georgia Coast
4188646,Coffin Park,,,31.15134,-81.47843,PRK,GA,127,Glynn,Georgia Coast
4188795,Coleridge (historical),,,31.24217,-81.75789,PPLQ,GA,127,Glynn,Georgia Coast
4188812,College Creek,,,31.20662,-81.64927,STM,GA,127,Glynn,Georgia Coast
4188817,College Park,,,31.19745,-81.48316,PPLX,GA,127,Glynn,Georgia Coast
4188906,Colonels Island,,,31.10634,-81.53788,ISL,GA,127,Glynn,Georgia Coast
4189130,Coneys Temple,,,31.32578,-81.56316,CH,GA,127,Glynn,Georgia Coast
4189613,Country Club Estates,,,31.21273,-81.46427,PPL,GA,127,Glynn,Georgia Coast
4189623,Country Club Park,,,31.21745,-81.47621,PPL,GA,127,Glynn,Georgia Coast
4189732,County Line Swamp,,,31.40985,-81.65575,SWMP,GA,127,Glynn,Georgia Coast
4189841,Cowpen Creek,,,31.35939,-81.52233,STM,GA,127,Glynn,Georgia Coast
4189842,Cowpen Creek,,,31.21884,-81.55205,STM,GA,127,Glynn,Georgia Coast
4189848,Cowpen Swamp,,,31.35078,-81.58927,SWMP,GA,127,Glynn,Georgia Coast
4189855,Cox,,,31.21773,-81.50677,PPL,GA,127,Glynn,Georgia Coast
4190073,Crispen Island,,,31.21606,-81.54621,ISL,GA,127,Glynn,Georgia Coast
4190109,Crooked Creek,,,31.1969,-81.42899,STM,GA,127,Glynn,Georgia Coast
4190493,Cypress Mill Creek,,,31.17634,-81.46316,STM,GA,127,Glynn,Georgia Coast
4190495,Cypress Mills (historical),,,31.19051,-81.46927,,GA,127,Glynn,Georgia Coast
4190508,Cypress Mills,,,31.19051,-81.46954,PPL,GA,127,Glynn,Georgia Coast
4190658,Daniel Cemetery,,,31.25106,-81.54788,CMTY,GA,127,Glynn,Georgia Coast
4190724,Dankel Chapel,,,31.1869,-81.56621,CH,GA,127,Glynn,Georgia Coast
4191223,Deerwood,,,31.15301,-81.58538,PPL,GA,127,Glynn,Georgia Coast
4191287,Demere Hammock,,,31.18551,-81.47343,PPLX,GA,127,Glynn,Georgia Coast
4191288,Demere Park,,,31.13926,-81.38779,RD,GA,127,Glynn,Georgia Coast
4191289,Demere Park,,,31.14301,-81.38593,PRK,GA,127,Glynn,Georgia Coast
4191360,Devenwood,,,31.17495,-81.38232,PPL,GA,127,Glynn,Georgia Coast
4191493,The Dike,,,31.11579,-81.62705,LEV,GA,127,Glynn,Georgia Coast
4191499,Dillard Creek,,,31.22106,-81.57038,STM,GA,127,Glynn,Georgia Coast
4191609,Dixon Swamp,,,31.24773,-81.52288,SWMP,GA,127,Glynn,Georgia Coast
4191611,Dixville Park,,,31.14468,-81.48232,PRK,GA,127,Glynn,Georgia Coast
4191628,Dock Junction,,,31.20245,-81.51677,PPL,GA,127,Glynn,Georgia Coast
4192095,Druid Oaks,,,31.15509,-81.38281,ST,GA,127,Glynn,Georgia Coast
4192194,Du Bianons Creek,,,31.10857,-81.41676,INLT,GA,127,Glynn,Georgia Coast
4192196,DuBignon Cemetery,,,31.1019,-81.41593,CMTY,GA,127,Glynn,Georgia Coast
4192197,DuBignon Hammock,,,31.33272,-81.65233,ISL,GA,127,Glynn,Georgia Coast
4192315,Dunbar Creek,,,31.20829,-81.39454,STM,GA,127,Glynn,Georgia Coast
4192394,Dupree Creek,,,31.1644,-81.4701,STM,GA,127,Glynn,Georgia Coast
4192611,East End,,,31.14384,-81.3751,PPL,GA,127,Glynn,Georgia Coast
4192685,East River,,,31.12218,-81.49121,STM,GA,127,Glynn,Georgia Coast
4192918,Ebo Landing,,,31.18829,-81.38704,PPL,GA,127,Glynn,Georgia Coast
4193070,El Dorado,,,31.1794,-81.38399,PPL,GA,127,Glynn,Georgia Coast
4193189,Elizafield Plantation (historical),,,31.32384,-81.45399,,GA,127,Glynn,Georgia Coast
4193274,Ellis Point,,,31.21023,-81.51955,PPL,GA,127,Glynn,Georgia Coast
4193331,Emanuel Church,,,31.1719,-81.60094,CH,GA,127,Glynn,Georgia Coast
4193543,Epworth Acres,,,31.17884,-81.4026,PPL,GA,127,Glynn,Georgia Coast
4193546,Epworth Park,,,31.17634,-81.40399,PRK,GA,127,Glynn,Georgia Coast
4193550,Epworth-by-the-Sea Camp,,,31.17384,-81.40538,CMP,GA,127,Glynn,Georgia Coast
4193740,Evelyn,,,31.31495,-81.47149,PPL,GA,127,Glynn,Georgia Coast
4193742,Everett,,,31.3905,-81.63872,PPL,GA,127,Glynn,Georgia Coast
4193744,Everett Church,,,31.39161,-81.64066,CH,GA,127,Glynn,Georgia Coast
4194022,Exit 6,,,31.13773,-81.57483,RDJCT,GA,127,Glynn,Georgia Coast
4194044,Exit 7,,,31.22106,-81.52232,RDJCT,GA,127,Glynn,Georgia Coast
4194056,Exit 8,,,31.24162,-81.50288,RDJCT,GA,127,Glynn,Georgia Coast
4194063,Exit 9,,,31.30606,-81.47982,RDJCT,GA,127,Glynn,Georgia Coast
4194256,Fairway Oaks,,,31.22301,-81.46927,PPL,GA,127,Glynn,Georgia Coast
4194274,Faith Chapel,,,31.07579,-81.42537,CH,GA,127,Glynn,Georgia Coast
4194290,Faith Church,,,31.25745,-81.43982,CH,GA,127,Glynn,Georgia Coast
4194378,Fancy Bluff,,,31.13995,-81.55816,PPL,GA,127,Glynn,Georgia Coast
4194379,Fancy Bluff Creek,,,31.13217,-81.54982,CHN,GA,127,Glynn,Georgia Coast
4194380,Fancy Bluff Park,,,31.13412,-81.56038,PRK,GA,127,Glynn,Georgia Coast
4194494,Federal Law Enforcement Training Center,,,31.24044,-81.47262,SCH,GA,127,Glynn,Georgia Coast
4194686,Brunswick Fire Department Station 2,,,31.15969,-81.49308,BLDG,GA,127,Glynn,Georgia Coast
4194715,First African Baptist Church,,,31.15023,-81.48843,CH,GA,127,Glynn,Georgia Coast
4194723,First African Church,,,31.13995,-81.56149,CH,GA,127,Glynn,Georgia Coast
4194789,First Baptist Church,,,31.13579,-81.38926,CH,GA,127,Glynn,Georgia Coast
4194790,First Baptist Church,,,31.14745,-81.49232,CH,GA,127,Glynn,Georgia Coast
4194923,First Christian Church,,,31.13995,-81.49177,CH,GA,127,Glynn,Georgia Coast
4194957,First Church of the Nazarene,,,31.15634,-81.49649,CH,GA,127,Glynn,Georgia Coast
4194974,First Jordan Grove Baptist Church,,,31.15829,-81.4901,CH,GA,127,Glynn,Georgia Coast
4194987,First Methodist Church,,,31.14912,-81.49066,CH,GA,127,Glynn,Georgia Coast
4195036,First Presbyterian Church,,,31.1444,-81.49204,CH,GA,127,Glynn,Georgia Coast
4195136,Fishhole Swamp,,,31.31889,-81.67968,SWMP,GA,127,Glynn,Georgia Coast
4195607,Fog Point,,,31.21412,-81.43038,CAPE,GA,127,Glynn,Georgia Coast
4195616,Ford (historical),,,31.32745,-81.6815,PPLQ,GA,127,Glynn,Georgia Coast
4195631,Ford Swamp,,,31.32578,-81.68178,SWMP,GA,127,Glynn,Georgia Coast
4195808,Fort Frederica National Monument,,,31.22356,-81.38984,PRK,GA,127,Glynn,Georgia Coast
4195986,Fourth Street School,,,31.17606,-81.50038,SCH,GA,127,Glynn,Georgia Coast
4196152,Frederica Academy,,,31.16766,-81.40315,SCH,GA,127,Glynn,Georgia Coast
4196153,Frederica River,,,31.20273,-81.40204,INLT,GA,127,Glynn,Georgia Coast
4196181,Freedman Cemetery,,,31.28523,-81.46705,CMTY,GA,127,Glynn,Georgia Coast
4196198,Frazers Crossing,,,31.29884,-81.56733,PPL,GA,127,Glynn,Georgia Coast
4196259,Friendship Baptist Church,,,31.14551,-81.48371,CH,GA,127,Glynn,Georgia Coast
4196625,Galilee Church,,,31.16801,-81.62205,CH,GA,127,Glynn,Georgia Coast
4196659,Gamecock Reach,,,31.44133,-81.60955,CHN,GA,127,Glynn,Georgia Coast
4196787,Gascoigne Bluff,,,31.1669,-81.41149,CLF,GA,127,Glynn,Georgia Coast
4196918,Georgetown,,,31.21384,-81.67372,PPL,GA,127,Glynn,Georgia Coast
4197014,German Village,,,31.2219,-81.3576,PPL,GA,127,Glynn,Georgia Coast
4197015,German Village Plantation (historical),,,31.22579,-81.35537,,GA,127,Glynn,Georgia Coast
4197066,Gibson Island,,,31.313,-81.64316,ISL,GA,127,Glynn,Georgia Coast
4197078,Gibson Creek,,,31.20134,-81.53149,CHN,GA,127,Glynn,Georgia Coast
4197285,Glendale Gardens,,,31.21828,-81.53344,PPL,GA,127,Glynn,Georgia Coast
4197336,Glenwood Estates,,,31.21217,-81.51177,PPL,GA,127,Glynn,Georgia Coast
4197377,Glynco,,,31.22245,-81.5101,PPL,GA,127,Glynn,Georgia Coast
4197378,Glynco Annex,,,31.22467,-81.47732,PPL,GA,127,Glynn,Georgia Coast
4197379,Brunswick Golden Isles Airport,,,31.25884,-81.46621,AIRP,GA,127,Glynn,Georgia Coast
4197380,Naval Air Station Glynco,,,31.24583,-81.47333,AIRQ,GA,127,Glynn,Georgia Coast
4197381,Glyndale,,,31.21301,-81.52594,PPL,GA,127,Glynn,Georgia Coast
4197382,Glyndale Church,,,31.22134,-81.52482,CH,GA,127,Glynn,Georgia Coast
4197383,Glyndale Elementary School,,,31.23127,-81.52181,SCH,GA,127,Glynn,Georgia Coast
4197384,Glynn Academy,,,31.1469,-81.48954,SCH,GA,127,Glynn,Georgia Coast
4197385,Glynn Academy,,,31.14523,-81.48927,SCH,GA,127,Glynn,Georgia Coast
4197386,Glynn Academy,,,31.1479,-81.49068,SCH,GA,127,Glynn,Georgia Coast
4197387,Glynn Camp,,,31.21023,-81.56733,PPL,GA,127,Glynn,Georgia Coast
4197388,Glynn County,,,31.21324,-81.4937,ADM2,GA,127,Glynn,Georgia Coast
4197389,Glynn County Courthouse,,,31.15301,-81.49455,BLDG,GA,127,Glynn,Georgia Coast
4197390,Glynn County Health Department,,,31.1469,-81.49371,HSP,GA,127,Glynn,Georgia Coast
4197391,Glynn County Detention Center,,,31.15398,-81.49634,BLDG,GA,127,Glynn,Georgia Coast
4197392,Glynn Middle School,,,31.1454,-81.4893,SCH,GA,127,Glynn,Georgia Coast
4197393,Glynn Haven,,,31.18856,-81.37676,PPL,GA,127,Glynn,Georgia Coast
4197394,Glynn Heights,,,31.22217,-81.52733,PPL,GA,127,Glynn,Georgia Coast
4197396,Glynn Missionary Church,,,31.29245,-81.69122,CH,GA,127,Glynn,Georgia Coast
4197397,Glynn Place Mall Shopping Center,,,31.21773,-81.49093,MALL,GA,127,Glynn,Georgia Coast
4197398,Glynn Place Market Shopping Center,,,31.22106,-81.47927,MALL,GA,127,Glynn,Georgia Coast
4197399,Glynn Plaza Shopping Center,,,31.19467,-81.48621,MALL,GA,127,Glynn,Georgia Coast
4197400,Marshes of Glynn,,,31.14718,-81.46538,SWMP,GA,127,Glynn,Georgia Coast
4197401,Southeast Georgia Health System Brunswick Campus,,,31.17472,-81.48461,HSP,GA,127,Glynn,Georgia Coast
4197402,Glynnvilla,,,31.14745,-81.4876,PPLX,GA,127,Glynn,Georgia Coast
4197465,Golden Isles Speedway,,,31.23606,-81.75594,,GA,127,Glynn,Georgia Coast
4197470,Golden Isles Marina,,,31.16745,-81.41538,MAR,GA,127,Glynn,Georgia Coast
4197488,Golf Retreat,,,31.13912,-81.40037,RECG,GA,127,Glynn,Georgia Coast
4197531,Good Shepherd Church,,,31.32078,-81.55955,CH,GA,127,Glynn,Georgia Coast
4197564,Goodyear Park,,,31.17495,-81.48788,PRK,GA,127,Glynn,Georgia Coast
4197565,Goodyear Elementary School,,,31.1734,-81.47556,SCH,GA,127,Glynn,Georgia Coast
4197616,Gordon Heights,,,31.19912,-81.50427,PPL,GA,127,Glynn,Georgia Coast
4197632,Gordon Oaks Homes,,,31.13995,-81.49371,PPLX,GA,127,Glynn,Georgia Coast
4197729,Goulds Inlet,,,31.15968,-81.36565,CHN,GA,127,Glynn,Georgia Coast
4197738,Gowrie Swamp,,,31.13634,-81.67761,SWMP,GA,127,Glynn,Georgia Coast
4197790,Grace Methodist Church,,,31.15356,-81.49093,CH,GA,127,Glynn,Georgia Coast
4197866,Grant Creek,,,31.24967,-81.41815,STM,GA,127,Glynn,Georgia Coast
4198061,Green Creek,,,31.20856,-81.63149,STM,GA,127,Glynn,Georgia Coast
4198122,Green Creek Swamp,,,31.24689,-81.66233,SWMP,GA,127,Glynn,Georgia Coast
4198134,Green Swamp,,,31.29467,-81.56149,SWMP,GA,127,Glynn,Georgia Coast
4198182,Greenland Church,,,31.24384,-81.54538,CH,GA,127,Glynn,Georgia Coast
4198245,Greenwood Cemetery,,,31.17023,-81.50455,CMTY,GA,127,Glynn,Georgia Coast
4198271,Greer School,,,31.17606,-81.50066,SCH,GA,127,Glynn,Georgia Coast
4198521,Groveside Park,,,31.26967,-81.52038,PPL,GA,127,Glynn,Georgia Coast
4198580,Gum Pond,,,31.29284,-81.65868,SWMP,GA,127,Glynn,Georgia Coast
4198793,Halfmoon Bluff,,,31.13106,-81.56177,CLF,GA,127,Glynn,Georgia Coast
4198799,Halfway Creek,,,31.35245,-81.52733,STM,GA,127,Glynn,Georgia Coast
4198801,Halifax Square,,,31.14218,-81.48843,PRK,GA,127,Glynn,Georgia Coast
4198924,Hamilton Plantation (historical),,,31.1594,-81.41093,,GA,127,Glynn,Georgia Coast
4198986,Hampton Plantation (historical),,,31.29328,-81.34287,,GA,127,Glynn,Georgia Coast
4198988,Hampton River,,,31.21579,-81.30593,STM,GA,127,Glynn,Georgia Coast
4199067,Hanover Park,,,31.14356,-81.49343,PRK,GA,127,Glynn,Georgia Coast
4199068,Hanover Square Shopping Center,,,31.1644,-81.38593,MALL,GA,127,Glynn,Georgia Coast
4199390,Harrington,,,31.20662,-81.3701,PPL,GA,127,Glynn,Georgia Coast
4199395,Harris Branch,,,31.44578,-81.61844,STM,GA,127,Glynn,Georgia Coast
4199641,Haven Chapel,,,31.28106,-81.56427,CH,GA,127,Glynn,Georgia Coast
4199677,Hawkins Creek,,,31.18106,-81.41065,STM,GA,127,Glynn,Georgia Coast
4199681,Hawkins Island,,,31.19329,-81.39871,ISL,GA,127,Glynn,Georgia Coast
4199735,Hayner,,,31.16217,-81.72316,PPL,GA,127,Glynn,Georgia Coast
4199736,Hayner Swamp,,,31.12598,-81.67518,SWMP,GA,127,Glynn,Georgia Coast
4199943,Hells Gate,,,31.2805,-81.61177,,GA,127,Glynn,Georgia Coast
4200140,Hermitage Island,,,31.23356,-81.5651,ISL,GA,127,Glynn,Georgia Coast
4200143,Hermitage Point,,,31.22023,-81.55399,CAPE,GA,127,Glynn,Georgia Coast
4200247,Hickory Island,,,31.3855,-81.61011,ISL,GA,127,Glynn,Georgia Coast
4200356,Higginbotham Cemetery,,,31.15384,-81.65288,CMTY,GA,127,Glynn,Georgia Coast
4200372,High Hill Lake,,,31.23523,-81.53177,PPL,GA,127,Glynn,Georgia Coast
4200445,Highland Park,,,31.22717,-81.53566,PPL,GA,127,Glynn,Georgia Coast
4200573,Hillery Creek,,,31.20912,-81.56955,CHN,GA,127,Glynn,Georgia Coast
4200574,Hillery Slough,,,31.17995,-81.56594,CHN,GA,127,Glynn,Georgia Coast
4200624,Hillsboro Square,,,31.14745,-81.49066,PRK,GA,127,Glynn,Georgia Coast
4200799,Hofwyl,,,31.30467,-81.45371,,GA,127,Glynn,Georgia Coast
4200805,Hog Crawl Creek,,,31.20717,-81.45677,STM,GA,127,Glynn,Georgia Coast
4201181,Honeygall Creek,,,31.35606,-81.51927,STM,GA,127,Glynn,Georgia Coast
4201183,Honeygall Swamp,,,31.34328,-81.53455,SWMP,GA,127,Glynn,Georgia Coast
4201185,Honeygall Landing,,,31.34411,-81.53566,,GA,127,Glynn,Georgia Coast
4201242,Hopeton Plantation (historical),,,31.34134,-81.49094,,GA,127,Glynn,Georgia Coast
4201298,Hopewell Creek,,,31.20634,-81.61594,STM,GA,127,Glynn,Georgia Coast
4201508,Houston Branch,,,31.34578,-81.61594,STM,GA,127,Glynn,Georgia Coast
4201779,Hunters Siding,,,31.33689,-81.5965,,GA,127,Glynn,Georgia Coast
4201896,I Street Elementary School (historical),,,31.15606,-81.4901,SCH,GA,127,Glynn,Georgia Coast
4202014,Indian Mound Golf Club,,,31.06909,-81.4159,RECG,GA,127,Glynn,Georgia Coast
4202224,Intracoastal Waterway,,,31.26745,-81.38899,CHN,GA,127,Glynn,Georgia Coast
4202296,Island Golf Club,,,31.15634,-81.40037,RECG,GA,127,Glynn,Georgia Coast
4202299,Island Retreat,,,31.15942,-81.39102,RLGR,GA,127,Glynn,Georgia Coast
4202313,Island View,,,31.1919,-81.46649,PPL,GA,127,Glynn,Georgia Coast
4202548,Jamaica,,,31.25189,-81.65233,PPL,GA,127,Glynn,Georgia Coast
4202633,Jasmine Island,,,31.36578,-81.62761,ISL,GA,127,Glynn,Georgia Coast
4202704,Jekyll Creek,,,31.05579,-81.42537,CHN,GA,127,Glynn,Georgia Coast
4202705,Jekyll Island,,,31.07021,-81.42272,PPL,GA,127,Glynn,Georgia Coast
4202706,Jekyll Island Airport,,,31.07447,-81.42778,AIRP,GA,127,Glynn,Georgia Coast
4202707,Jekyll Island Plaza Shopping Center,,,31.04857,-81.41232,MALL,GA,127,Glynn,Georgia Coast
4202708,Jekyll Island State Park Authority,,,31.05829,-81.43889,PRK,GA,127,Glynn,Georgia Coast
4202709,Jekyll Point,,,31.01579,-81.43426,CAPE,GA,127,Glynn,Georgia Coast
4202740,Jenks (historical),,,31.32661,-81.68733,PPLQ,GA,127,Glynn,Georgia Coast
4202777,Jerusalem Church,,,31.32439,-81.56177,CH,GA,127,Glynn,Georgia Coast
4202823,Jewtown,,,31.16218,-81.39676,PPL,GA,127,Glynn,Georgia Coast
4202878,Joes Island,,,31.36939,-81.64344,ISL,GA,127,Glynn,Georgia Coast
4203110,Jointer Island,,,31.0894,-81.50288,ISL,GA,127,Glynn,Georgia Coast
4203126,Jointer Creek,,,31.05773,-81.47482,CHN,GA,127,Glynn,Georgia Coast
4203180,Jones Creek,,,31.29106,-81.3376,STM,GA,127,Glynn,Georgia Coast
4203382,Joseph B Mercer Bridge,,,31.18884,-81.53038,BDG,GA,127,Glynn,Georgia Coast
4203406,Jove Creek,,,31.21995,-81.41982,CHN,GA,127,Glynn,Georgia Coast
4203481,Kaiser Park,,,31.13773,-81.48677,PRK,GA,127,Glynn,Georgia Coast
4203510,Kay Square,,,31.15079,-81.49204,PRK,GA,127,Glynn,Georgia Coast
4203622,Kelvin Grove,,,31.15995,-81.37954,PPLX,GA,127,Glynn,Georgia Coast
4203720,Kensington Park,,,31.22106,-81.47482,PPL,GA,127,Glynn,Georgia Coast
4203878,King City,,,31.13634,-81.40065,PPLX,GA,127,Glynn,Georgia Coast
4203881,King Creek,,,31.14495,-81.41538,STM,GA,127,Glynn,Georgia Coast
4203998,Kings Terrace,,,31.14468,-81.39621,PPLX,GA,127,Glynn,Georgia Coast
4204038,Kinstle,,,31.22467,-81.49205,PPL,GA,127,Glynn,Georgia Coast
4204130,Knight Industrial Park,,,31.19023,-81.49677,INDS,GA,127,Glynn,Georgia Coast
4204151,Knights Swamp,,,31.22401,-81.75003,SWMP,GA,127,Glynn,Georgia Coast
4204679,Lake Side Church,,,31.22995,-81.53094,CH,GA,127,Glynn,Georgia Coast
4205024,Lanier High School,,,31.1469,-81.48927,SCH,GA,127,Glynn,Georgia Coast
4205025,Lanier Island,,,31.16995,-81.4201,ISL,GA,127,Glynn,Georgia Coast
4205037,Lanier Plaza Shopping Center,,,31.15912,-81.47954,MALL,GA,127,Glynn,Georgia Coast
4205041,Lanier School,,,31.1469,-81.48982,SCH,GA,127,Glynn,Georgia Coast
4205087,Latham River,,,31.06857,-81.43454,STM,GA,127,Glynn,Georgia Coast
4205125,Laurel Grove,,,31.12329,-81.62899,FRST,GA,127,Glynn,Georgia Coast
4205128,Laurel Grove Creek,,,31.11467,-81.62622,STM,GA,127,Glynn,Georgia Coast
4205241,Layway Swamp,,,31.40653,-81.6393,SWMP,GA,127,Glynn,Georgia Coast
4205311,Ledbetter Island,,,31.17329,-81.39426,ISL,GA,127,Glynn,Georgia Coast
4205415,Leicht (historical),,,31.26495,-81.63177,PPLQ,GA,127,Glynn,Georgia Coast
4205590,Liberty Church,,,31.29939,-81.73289,CH,GA,127,Glynn,Georgia Coast
4205975,Little Buffalo Creek,,,31.24745,-81.58983,STM,GA,127,Glynn,Georgia Coast
4205977,Little Buffalo Swamp,,,31.27356,-81.59899,STM,GA,127,Glynn,Georgia Coast
4206070,Little Crispen Island,,,31.20467,-81.54149,ISL,GA,127,Glynn,Georgia Coast
4206259,Little River,,,31.17912,-81.43788,INLT,GA,127,Glynn,Georgia Coast
4206300,Little Saint Simons Island,,,31.29912,-81.32843,PPL,GA,127,Glynn,Georgia Coast
4206318,Little Satilla River,,,31.03662,-81.45204,STM,GA,127,Glynn,Georgia Coast
4206319,Little Satilla River Swamp,,,31.15106,-81.734,SWMP,GA,127,Glynn,Georgia Coast
4206457,Liz Hill,,,31.32828,-81.54344,MT,GA,127,Glynn,Georgia Coast
4206675,Long Creek,,,31.11801,-81.5076,STM,GA,127,Glynn,Georgia Coast
4206696,Long Island,,,31.3355,-81.67983,ISL,GA,127,Glynn,Georgia Coast
4206770,Longview Shopping Center,,,31.16356,-81.38787,MALL,GA,127,Glynn,Georgia Coast
4206854,Lotts (historical),,,31.31411,-81.73289,PPLQ,GA,127,Glynn,Georgia Coast
4207174,Lyles Old Field,,,31.41495,-81.64289,PLN,GA,127,Glynn,Georgia Coast
4207223,M E Thompson Memorial Bridge,,,31.04746,-81.42426,BDG,GA,127,Glynn,Georgia Coast
4207384,Mackay River,,,31.15718,-81.4301,STM,GA,127,Glynn,Georgia Coast
4207413,Jane Macon Middle School,,,31.18707,-81.48877,SCH,GA,127,Glynn,Georgia Coast
4207446,Madge Merritt Park,,,31.18051,-81.49843,PRK,GA,127,Glynn,Georgia Coast
4207479,Maggie Hummocks,,,31.20662,-81.54177,ISL,GA,127,Glynn,Georgia Coast
4207505,Magnolia Church,,,31.17828,-81.63066,CH,GA,127,Glynn,Georgia Coast
4207521,Magnolia Park,,,31.1919,-81.49149,PPLX,GA,127,Glynn,Georgia Coast
4207526,Magnolia School (historical),,,31.17967,-81.62622,SCH,GA,127,Glynn,Georgia Coast
4207572,Malcolm McKinnon Airport,,,31.15646,-81.38769,AIRP,GA,127,Glynn,Georgia Coast
4207597,Mallory Park,,,31.14551,-81.39093,PPLX,GA,127,Glynn,Georgia Coast
4207651,Manhead Sound,,,31.18801,-81.42232,BAY,GA,127,Glynn,Georgia Coast
4207692,Maple Branch,,,31.3255,-81.66344,STM,GA,127,Glynn,Georgia Coast
4207897,Marshes of Glynn Overlook Park,,,31.15245,-81.47816,PRK,GA,127,Glynn,Georgia Coast
4207898,Marshes of Glynn Park,,,31.15523,-81.47816,PRK,GA,127,Glynn,Georgia Coast
4207899,Marshes-of-Mackay,,,31.27495,-81.43038,PPL,GA,127,Glynn,Georgia Coast
4207974,Martin Strand,,,31.36964,-81.65318,SWMP,GA,127,Glynn,Georgia Coast
4208087,Massingale Park,,,31.14162,-81.3776,PRK,GA,127,Glynn,Georgia Coast
4208190,Maxwells Cemetery,,,31.17051,-81.6026,CMTY,GA,127,Glynn,Georgia Coast
4208560,McIntyre Court,,,31.15773,-81.49093,PPLX,GA,127,Glynn,Georgia Coast
4208563,McIntyre Memorial Gymnasium,,,31.15523,-81.4901,BLDG,GA,127,Glynn,Georgia Coast
4208580,McKendree Methodist Church,,,31.15829,-81.49482,CH,GA,127,Glynn,Georgia Coast
4208745,Meadow Swamp,,,31.36745,-81.63427,SWMP,GA,127,Glynn,Georgia Coast
4208904,Memorial School,,,31.15551,-81.49066,SCH,GA,127,Glynn,Georgia Coast
4208909,Memory Gardens,,,31.27273,-81.43649,CMTY,GA,127,Glynn,Georgia Coast
4209293,Mill Branch,,,31.29356,-81.62261,STM,GA,127,Glynn,Georgia Coast
4209519,Miller Park,,,31.16134,-81.47927,PRK,GA,127,Glynn,Georgia Coast
4210242,Morrison Slough,,,31.1869,-81.53844,CHN,GA,127,Glynn,Georgia Coast
4210307,Mosquito Creek,,,31.23995,-81.28482,STM,GA,127,Glynn,Georgia Coast
4210740,Mount Olive Baptist Church,,,31.15773,-81.48927,CH,GA,127,Glynn,Georgia Coast
4211071,Mount Tabor Church,,,33.64345,-83.91463,CH,GA,127,Glynn,Georgia Coast
4211543,Mud River,,,31.07773,-81.43621,CHN,GA,127,Glynn,Georgia Coast
4211910,Needwood Church,,,31.28189,-81.44066,CH,GA,127,Glynn,Georgia Coast
4211973,Neptune Park,,,31.13412,-81.39565,PRK,GA,127,Glynn,Georgia Coast
4212194,New Hope,,,31.28745,-81.44399,PPL,GA,127,Glynn,Georgia Coast
4212305,New Hope Church,,,31.17856,-81.62594,CH,GA,127,Glynn,Georgia Coast
4212382,New Hope Creek,,,31.31967,-81.43899,STM,GA,127,Glynn,Georgia Coast
4212631,New Zion Church,,,31.16217,-81.68177,CH,GA,127,Glynn,Georgia Coast
4212997,North End,,,31.25828,-81.43732,PPL,GA,127,Glynn,Georgia Coast
4213117,North Prong College Creek,,,31.18717,-81.72511,STM,GA,127,Glynn,Georgia Coast
4213293,Northwood Estates,,,31.23856,-81.51788,PPL,GA,127,Glynn,Georgia Coast
4213313,Norwich Baptist Church,,,31.16217,-81.49621,CH,GA,127,Glynn,Georgia Coast
4213385,Oak Bluff,,,31.22106,-81.53594,PPL,GA,127,Glynn,Georgia Coast
4213437,Oak Grove Cemetery,,,31.14801,-81.48621,CMTY,GA,127,Glynn,Georgia Coast
4213538,Oak Grove Island,,,31.23078,-81.58177,ISL,GA,127,Glynn,Georgia Coast
4213569,Oak Head Drain,,,31.29245,-81.60705,STM,GA,127,Glynn,Georgia Coast
4213608,Oak Island,,,31.403,-81.61455,ISL,GA,127,Glynn,Georgia Coast
4213609,Oak Island Swamp,,,31.39995,-81.61677,SWMP,GA,127,Glynn,Georgia Coast
4213923,Oglethorpe Bay,,,31.13051,-81.49454,BAY,GA,127,Glynn,Georgia Coast
4213940,Oglethorpe Manor,,,31.26967,-81.4326,PPL,GA,127,Glynn,Georgia Coast
4213941,Oglethorpe Memorial Gardens,,,31.21606,-81.37593,CMTY,GA,127,Glynn,Georgia Coast
4213942,Oglethorpe Park,,,31.16829,-81.38065,PPL,GA,127,Glynn,Georgia Coast
4214112,Old House Creek,,,31.28079,-81.3151,STM,GA,127,Glynn,Georgia Coast
4214361,Orange Park,,,31.15967,-81.49705,PRK,GA,127,Glynn,Georgia Coast
4214459,Outlets Limited Mall Shopping Center,,,31.22328,-81.51871,MALL,GA,127,Glynn,Georgia Coast
4214497,Owens Cemetery,,,33.65345,-83.92546,CMTY,GA,127,Glynn,Georgia Coast
4214633,Palmetto Cemetery,,,31.17579,-81.50816,CMTY,GA,127,Glynn,Georgia Coast
4214644,Palmetto Park,,,31.16634,-81.49955,PRK,GA,127,Glynn,Georgia Coast
4214729,Parade Rest,,,31.20606,-81.51788,PPL,GA,127,Glynn,Georgia Coast
4214867,Parkwood,,,31.2269,-81.50705,PPL,GA,127,Glynn,Georgia Coast
4214888,Parsons Creek,,,31.11773,-81.44399,STM,GA,127,Glynn,Georgia Coast
4214992,Paula Park,,,31.17995,-81.49593,PRK,GA,127,Glynn,Georgia Coast
4215047,Payne Chapel African Methodist Episcopal Church,,,31.15995,-81.49288,CH,GA,127,Glynn,Georgia Coast
4215250,Pelican Spit,,,31.20968,-81.29509,BAR,GA,127,Glynn,Georgia Coast
4215288,Pennant Hill,,,31.33884,-81.57038,MT,GA,127,Glynn,Georgia Coast
4215307,Pennick,,,31.313,-81.55899,PPL,GA,127,Glynn,Georgia Coast
4215349,Pepper Hammock,,,31.29995,-81.68844,ISL,GA,127,Glynn,Georgia Coast
4215418,Glynn County Schools Perry Building - Staff Development,,,31.16245,-81.49164,SCH,GA,127,Glynn,Georgia Coast
4215491,Petersville Cemetery,,,31.30717,-81.4626,CMTY,GA,127,Glynn,Georgia Coast
4215722,Pigeon Branch,,,31.38022,-81.67789,SWMP,GA,127,Glynn,Georgia Coast
4215753,Pikes Bluff,,,31.2444,-81.3851,CLF,GA,127,Glynn,Georgia Coast
4215832,Pine Creek,,,31.25079,-81.32037,CHN,GA,127,Glynn,Georgia Coast
4215839,Pine Forest,,,31.21467,-81.49899,PPL,GA,127,Glynn,Georgia Coast
4215935,Pine Haven,,,31.25301,-81.51621,PPL,GA,127,Glynn,Georgia Coast
4215937,Pine Haven Church,,,31.25217,-81.51344,CH,GA,127,Glynn,Georgia Coast
4216079,Pine Ridge,,,31.21134,-81.50677,PPL,GA,127,Glynn,Georgia Coast
4216155,Pinehurst,,,31.22801,-81.51899,PPL,GA,127,Glynn,Georgia Coast
4216188,Pineview,,,31.20634,-81.49788,PPL,GA,127,Glynn,Georgia Coast
4216445,Plantation Creek,,,31.13579,-81.45399,CHN,GA,127,Glynn,Georgia Coast
4216878,Poley Branch,,,31.42744,-81.61316,STM,GA,127,Glynn,Georgia Coast
4217147,Postell Creek,,,31.1619,-81.36621,STM,GA,127,Glynn,Georgia Coast
4217210,Powder Horn Branch,,,31.35189,-81.69678,SWMP,GA,127,Glynn,Georgia Coast
4217643,Pyles Marsh,,,31.24301,-81.56066,PPL,GA,127,Glynn,Georgia Coast
4217644,Pyles Swamp,,,31.14717,-81.69927,SWMP,GA,127,Glynn,Georgia Coast
4217941,Ratcliffe Creek,,,31.16273,-81.56733,STM,GA,127,Glynn,Georgia Coast
4218085,Red Fern Shopping Center,,,31.16273,-81.38815,MALL,GA,127,Glynn,Georgia Coast
4218144,Red Oak Hammock,,,31.27967,-81.64205,ISL,GA,127,Glynn,Georgia Coast
4218145,Red Oak Island,,,31.39495,-81.66816,ISL,GA,127,Glynn,Georgia Coast
4218557,Retreat Cemetery,,,31.14106,-81.40704,CMTY,GA,127,Glynn,Georgia Coast
4218560,Retreat Village Shopping Center,,,31.15912,-81.38926,MALL,GA,127,Glynn,Georgia Coast
4218564,Retreat Plantation (historical),,,31.14051,-81.40649,,GA,127,Glynn,Georgia Coast
4218605,Reynolds Street School,,,31.1619,-81.49816,SCH,GA,127,Glynn,Georgia Coast
4218832,Ridgewood Plantation,,,31.24967,-81.5151,PPL,GA,127,Glynn,Georgia Coast
4218923,Risley Middle School,,,31.16992,-81.49586,SCH,GA,127,Glynn,Georgia Coast
4218924,Risley School,,,31.15467,-81.49066,SCH,GA,127,Glynn,Georgia Coast
4219038,Riverside,,,31.17523,-81.46204,PPLX,GA,127,Glynn,Georgia Coast
4219090,Riverview,,,31.1669,-81.38843,PPL,GA,127,Glynn,Georgia Coast
4219973,Rough Island,,,31.32967,-81.60344,ISL,GA,127,Glynn,Georgia Coast
4220009,Rough Island,,,31.19273,-81.6001,ISL,GA,127,Glynn,Georgia Coast
4220111,Ruins of Georgias First Brewery,,,31.09912,-81.41593,RUIN,GA,127,Glynn,Georgia Coast
4220291,Saint Andrew Beach,,,31.01773,-81.42148,BCH,GA,127,Glynn,Georgia Coast
4220301,Saint Andrews Christian Methodist Episcopal Church,,,31.1587,-81.4928,CH,GA,127,Glynn,Georgia Coast
4220310,Saint Andrews Holiness Church,,,31.14468,-81.48649,CH,GA,127,Glynn,Georgia Coast
4220313,Saint Andrews Picnic Area,,,31.02079,-81.43287,,GA,127,Glynn,Georgia Coast
4220319,Saint Annies Planation (historical),,,31.26801,-81.36926,,GA,127,Glynn,Georgia Coast
4220323,Saint Athanasius Protestant Episcopal Church,,,31.14912,-81.48927,CH,GA,127,Glynn,Georgia Coast
4220341,Saint Clair Estates,,,31.19745,-81.38149,PPL,GA,127,Glynn,Georgia Coast
4220360,Saint Francis Xavier Church,,,31.14468,-81.49343,CH,GA,127,Glynn,Georgia Coast
4220361,Saint Francis Xavier School,,,31.14431,-81.49186,SCH,GA,127,Glynn,Georgia Coast
4220372,Saint Ignatius Church,,,31.16356,-81.39982,CH,GA,127,Glynn,Georgia Coast
4220381,Saint James Baptist Church,,,31.15273,-81.48816,CH,GA,127,Glynn,Georgia Coast
4220428,Saint James Evangelical Lutheran Church,,,31.17579,-81.48843,CH,GA,127,Glynn,Georgia Coast
4220479,Saint Johns Church,,,31.34578,-81.57261,CH,GA,127,Glynn,Georgia Coast
4220512,Saint Joseph Church,,,31.17884,-81.62594,CH,GA,127,Glynn,Georgia Coast
4220620,Saint Marks Square,,,31.14967,-81.49093,PRK,GA,127,Glynn,Georgia Coast
4220669,Saint Marys Protestant Episcopal Church,,,31.14967,-81.49149,CH,GA,127,Glynn,Georgia Coast
4220708,Saint Paul Baptist Church,,,31.1569,-81.49232,CH,GA,127,Glynn,Georgia Coast
4220745,Saint Pauls African Methodist Episcopal Church,,,31.15106,-81.49066,CH,GA,127,Glynn,Georgia Coast
4220861,Saint Simon Mills,,,31.17079,-81.40732,PPL,GA,127,Glynn,Georgia Coast
4220862,Saint Simons,,,31.15905,-81.38599,ST,GA,127,Glynn,Georgia Coast
4220863,Saint Simons Elementary School,,,31.13632,-81.38712,SCH,GA,127,Glynn,Georgia Coast
4220864,Saint Simons Heights,,,31.1594,-81.38565,PPLX,GA,127,Glynn,Georgia Coast
4220865,Saint Simons Island,,,31.21829,-81.36121,ISL,GA,127,Glynn,Georgia Coast
4220866,Saint Simons Island,,,31.15051,-81.36954,PPL,GA,127,Glynn,Georgia Coast
4220867,Saint Simons Lighthouse,,,31.13411,-81.3936,LTHSE,GA,127,Glynn,Georgia Coast
4220868,Saint Simons Methodist Church,,,31.13495,-81.39121,CH,GA,127,Glynn,Georgia Coast
4220869,Saint Simons Mill Church,,,31.17162,-81.40593,CH,GA,127,Glynn,Georgia Coast
4220870,Saint Simons Mills,,,31.17245,-81.40815,,GA,127,Glynn,Georgia Coast
4220871,Saint Simons Sound,,,31.12833,-81.41489,BAY,GA,127,Glynn,Georgia Coast
4220872,Saint Simons Yacht Club,,,31.16495,-81.41343,,GA,127,Glynn,Georgia Coast
4220900,Saint Williams Church,,,31.17995,-81.37815,CH,GA,127,Glynn,Georgia Coast
4220982,Salem Church,,,31.28439,-81.56233,CH,GA,127,Glynn,Georgia Coast
4221063,Salt Pot Creek,,,31.08495,-81.43371,STM,GA,127,Glynn,Georgia Coast
4221077,Sam Creek,,,31.08606,-81.54066,STM,GA,127,Glynn,Georgia Coast
4221110,Sanctified Holiness Church,,,31.1594,-81.4901,CH,GA,127,Glynn,Georgia Coast
4221357,Santo Domingo Mission Ruins,,,31.31828,-81.46982,,GA,127,Glynn,Georgia Coast
4221386,Sarah Molette Junior High School,,,31.15912,-81.48816,SCH,GA,127,Glynn,Georgia Coast
4221515,Satilla Shores,,,31.12579,-81.55594,PPL,GA,127,Glynn,Georgia Coast
4221640,Scarlett Cemetery,,,31.15051,-81.58844,CMTY,GA,127,Glynn,Georgia Coast
4221771,Scrub Island,,,31.28967,-81.59649,ISL,GA,127,Glynn,Georgia Coast
4221799,Sea Island,,,31.18356,-81.34982,PPL,GA,127,Glynn,Georgia Coast
4221800,Sea Island,,,31.20023,-81.33315,ISL,GA,127,Glynn,Georgia Coast
4221801,Sea Island Beach,,,31.1894,-81.3376,BCH,GA,127,Glynn,Georgia Coast
4221802,Sea Island Golf Course,,,31.14162,-81.40704,RECG,GA,127,Glynn,Georgia Coast
4221803,Sea Island Golf Course,,,31.14301,-81.40843,RECG,GA,127,Glynn,Georgia Coast
4221804,Sea Island Yacht Club,,,31.16634,-81.41232,,GA,127,Glynn,Georgia Coast
4221806,Sea Palms Golf Club,,,31.19884,-81.37065,RECG,GA,127,Glynn,Georgia Coast
4221850,Second Advent Christian Church,,,31.1544,-81.49399,CH,GA,127,Glynn,Georgia Coast
4221889,Second Presbyterian Church,,,31.15606,-81.49205,CH,GA,127,Glynn,Georgia Coast
4221924,Seldon Park,,,31.17217,-81.50788,PRK,GA,127,Glynn,Georgia Coast
4222070,Shady Acres,,,31.24051,-81.54538,PPL,GA,127,Glynn,Georgia Coast
4222310,Sheffield Church,,,31.4005,-81.59677,CH,GA,127,Glynn,Georgia Coast
4222439,Shiloh Baptist Church,,,31.14662,-81.49093,CH,GA,127,Glynn,Georgia Coast
4222733,Sidney Lanier Bridge,,,31.11634,-81.48538,BDG,GA,127,Glynn,Georgia Coast
4222801,Silver Lake,,,31.18023,-81.37621,PPL,GA,127,Glynn,Georgia Coast
4223198,Smith Hammock,,,31.33439,-81.62844,ISL,GA,127,Glynn,Georgia Coast
4223546,South Altamaha River,,,31.2919,-81.40232,STM,GA,127,Glynn,Georgia Coast
4223558,South Brunswick River,,,31.15162,-81.55344,CHN,GA,127,Glynn,Georgia Coast
4223684,South Prong College Creek,,,31.18717,-81.72511,STM,GA,127,Glynn,Georgia Coast
4223754,Southern Junction,,,31.23162,-81.51871,PPL,GA,127,Glynn,Georgia Coast
4223791,Southside Baptist Church,,,31.13634,-81.49093,CH,GA,127,Glynn,Georgia Coast
4223798,Southside Church of God,,,31.14079,-81.48788,CH,GA,127,Glynn,Georgia Coast
4224183,Springfield Church,,,31.13384,-81.62372,CH,GA,127,Glynn,Georgia Coast
4224217,Springhill Church,,,31.16023,-81.62344,CH,GA,127,Glynn,Georgia Coast
4224218,Springhill Church,,,31.15162,-81.61594,CH,GA,127,Glynn,Georgia Coast
4224540,Sterling,,,31.27245,-81.56149,PPL,GA,127,Glynn,Georgia Coast
4224542,Sterling Church,,,31.25439,-81.55455,CH,GA,127,Glynn,Georgia Coast
4224548,Sterling Park,,,31.26689,-81.56427,PRK,GA,127,Glynn,Georgia Coast
4224875,Stranger Cemetery,,,31.17023,-81.39926,CMTY,GA,127,Glynn,Georgia Coast
4225000,Suburban Estates,,,31.20023,-81.48538,PPLX,GA,127,Glynn,Georgia Coast
4225090,Sumlin Swamp,,,31.328,-81.664,SWMP,GA,127,Glynn,Georgia Coast
4225549,Tabby Creek,,,31.35467,-81.50566,STM,GA,127,Glynn,Georgia Coast
4225892,Taylors Chapel,,,31.2144,-81.50094,CH,GA,127,Glynn,Georgia Coast
4226068,Terry Creek,,,31.16356,-81.45954,CHN,GA,127,Glynn,Georgia Coast
4226090,Thalmann,,,31.29078,-81.68872,PPL,GA,127,Glynn,Georgia Coast
4226142,The Church of Jesus Christ of Latter Day Saints,,,31.13495,-81.48566,CH,GA,127,Glynn,Georgia Coast
4226190,The Meadows,,,31.16412,-81.3776,PPL,GA,127,Glynn,Georgia Coast
4226623,Timber Landing,,,31.19328,-81.58983,,GA,127,Glynn,Georgia Coast
4227087,Trinity Church,,,31.23495,-81.52649,CH,GA,127,Glynn,Georgia Coast
4227088,Trinity Church,,,31.14301,-81.58455,CH,GA,127,Glynn,Georgia Coast
4227170,Troup Creek,,,31.21801,-81.43482,STM,GA,127,Glynn,Georgia Coast
4227358,Turkey Swamp,,,31.25288,-81.71494,SWMP,GA,127,Glynn,Georgia Coast
4227467,Turtle River,,,31.1169,-81.49149,STM,GA,127,Glynn,Georgia Coast
4227469,Turtle River Swamp,,,31.22763,-81.71874,SWMP,GA,127,Glynn,Georgia Coast
4227473,Turtle River Park,,,31.18884,-81.54594,PRK,GA,127,Glynn,Georgia Coast
4227570,Twitty Park,,,31.1844,-81.3776,PRK,GA,127,Glynn,Georgia Coast
4227670,Union (historical),,,31.16662,-81.64288,PPLQ,GA,127,Glynn,Georgia Coast
4227863,Union Industrial School (historical),,,31.26856,-81.56066,SCH,GA,127,Glynn,Georgia Coast
4228113,Urbana Park,,,31.15579,-81.4826,PRK,GA,127,Glynn,Georgia Coast
4228466,Village Bluff,,,31.22634,-81.35815,PPL,GA,127,Glynn,Georgia Coast
4228467,Village Creek,,,31.21995,-81.33898,CHN,GA,127,Glynn,Georgia Coast
4228533,Viola Burroughs Elementary School,,,31.15773,-81.48788,SCH,GA,127,Glynn,Georgia Coast
4228547,Visavis Island,,,31.20078,-81.59677,ISL,GA,127,Glynn,Georgia Coast
4228713,WGIG-AM (Brunswick),,,31.16884,-81.53705,TOWR,GA,127,Glynn,Georgia Coast
4228840,WMOG-AM (Brunswick),,,31.1619,-81.47427,TOWR,GA,127,Glynn,Georgia Coast
4228841,WMOG-FM (Saint Simons Island),,,31.1619,-81.47427,TOWR,GA,127,Glynn,Georgia Coast
4228883,WPIQ-AM (Brunswick),,,31.14467,-81.58205,TOWR,GA,127,Glynn,Georgia Coast
4229022,WXMK-FM (Dock Junction),,,31.28245,-81.55399,TOWR,GA,127,Glynn,Georgia Coast
4229023,WXMK-FM (Dock Junction),,,31.1694,-81.53705,TOWR,GA,127,Glynn,Georgia Coast
4229289,Wallys Leg,,,31.28051,-81.4126,CHN,GA,127,Glynn,Georgia Coast
4229744,Waverly Pines Park,,,31.22801,-81.47899,PPL,GA,127,Glynn,Georgia Coast
4229762,Way of the Cross Church,,,31.16801,-81.61733,CH,GA,127,Glynn,Georgia Coast
4230084,Wesley Oaks,,,31.16551,-81.37732,PPL,GA,127,Glynn,Georgia Coast
4230102,Wesleyan Methodist Church,,,31.16051,-81.49705,CH,GA,127,Glynn,Georgia Coast
4230258,West Point,,,31.23579,-81.39204,CAPE,GA,127,Glynn,Georgia Coast
4230644,White Oak Creek,,,31.22662,-81.59177,STM,GA,127,Glynn,Georgia Coast
4230669,White Oak Swamp,,,31.19495,-81.72122,SWMP,GA,127,Glynn,Georgia Coast
4230670,White Oak Swamp,,,31.2568,-81.6481,SWMP,GA,127,Glynn,Georgia Coast
4231395,Wilson Creek,,,31.28384,-81.3801,STM,GA,127,Glynn,Georgia Coast
4231488,Windsor Park,,,31.14884,-81.48232,PRK,GA,127,Glynn,Georgia Coast
4231501,Windward Acres,,,31.2419,-81.44843,PPL,GA,127,Glynn,Georgia Coast
4231650,Wolf High School,,,31.14829,-81.48927,SCH,GA,127,Glynn,Georgia Coast
4232017,Wright Cemetery,,,31.17995,-81.62566,CMTY,GA,127,Glynn,Georgia Coast
4232068,Wymberly-On-The-Marsh,,,31.17773,-81.38149,PPL,GA,127,Glynn,Georgia Coast
4232113,Yankee Landing,,,31.12606,-81.66233,,GA,127,Glynn,Georgia Coast
4232134,Yellow Bluff Creek,,,31.20245,-81.52982,STM,GA,127,Glynn,Georgia Coast
4232282,Youngwood,,,31.17023,-81.38565,PPL,GA,127,Glynn,Georgia Coast
4232346,Zion Baptist Church,,,31.1544,-81.48732,CH,GA,127,Glynn,Georgia Coast
4232472,Zuta,,,31.32078,-81.58399,PPL,GA,127,Glynn,Georgia Coast
4232473,Zuta Branch,,,31.32578,-81.60538,SWMP,GA,127,Glynn,Georgia Coast
4179499,Allenhurst,,,31.7841,-81.60761,PPL,GA,179,Liberty,Georgia Coast
4179500,Allenhurst Chapel,,,31.78799,-81.60789,CH,GA,179,Liberty,Georgia Coast
4180334,Ashley Creek,,,31.728,-81.22093,STM,GA,179,Liberty,Georgia Coast
4180346,Ashmore,,,31.83771,-81.60428,PPLX,GA,179,Liberty,Georgia Coast
4180709,Bacon Cemetery,,,31.76188,-81.60817,CMTY,GA,179,Liberty,Georgia Coast
4180710,Bacon Church,,,31.75882,-81.60761,CH,GA,179,Liberty,Georgia Coast
4180721,Jordye Bacon Elementary School,,,31.83766,-81.60136,SCH,GA,179,Liberty,Georgia Coast
4180836,Baker Swamp,,,31.82355,-81.47094,SWMP,GA,179,Liberty,Georgia Coast
4181430,Beach Hammock,,,31.61745,-81.13649,ISL,GA,179,Liberty,Georgia Coast
4181771,Beech Hill Church,,,31.85327,-81.40455,CH,GA,179,Liberty,Georgia Coast
4182313,Bethel Cemetery,,,31.9802,-81.77261,CMTY,GA,179,Liberty,Georgia Coast
4182472,Bethel School (historical),,,31.98854,-81.69317,SCH,GA,179,Liberty,Georgia Coast
4183040,Big Swamp,,,31.89234,-81.53977,SWMP,GA,179,Liberty,Georgia Coast
4183222,Black Hammock,,,31.66133,-81.13204,ISL,GA,179,Liberty,Georgia Coast
4183910,Bowen,,,31.86104,-81.59845,PPLX,GA,179,Liberty,Georgia Coast
4184078,Bradwell Estates,,,31.8616,-81.5915,PPLX,GA,179,Liberty,Georgia Coast
4184079,Bradwell Institute,,,31.84899,-81.60407,SCH,GA,179,Liberty,Georgia Coast
4184260,Brewsters Siding,,,31.70522,-81.44733,,GA,179,Liberty,Georgia Coast
4184840,Brunsen Creek,,,31.568,-81.18482,STM,GA,179,Liberty,Georgia Coast
4184922,Bryan Village,,,31.89188,-81.59289,PPL,GA,179,Liberty,Georgia Coast
4185479,Button Gwinnett Elementary School,,,31.85875,-81.60128,SCH,GA,179,Liberty,Georgia Coast
4185785,Calvary Church,,,31.76188,-81.44677,CH,GA,179,Liberty,Georgia Coast
4186207,Canoochee Creek,,,31.97104,-81.59234,STM,GA,179,Liberty,Georgia Coast
4186248,Captain Fleming Swamp,,,31.7966,-81.5215,SWMP,GA,179,Liberty,Georgia Coast
4186426,Carrs Neck,,,31.71605,-81.32066,CAPE,GA,179,Liberty,Georgia Coast
4186427,Carrs Neck Creek,,,31.70688,-81.3226,CHN,GA,179,Liberty,Georgia Coast
4186725,Cattle Hammock,,,31.69772,-81.28788,ISL,GA,179,Liberty,Georgia Coast
4186726,Cattle Pen Creek,,,31.63994,-81.18815,STM,GA,179,Liberty,Georgia Coast
4186769,Cay Creek,,,31.73966,-81.39316,STM,GA,179,Liberty,Georgia Coast
4186774,Cedar Bay,,,31.9166,-81.659,BAY,GA,179,Liberty,Georgia Coast
4186802,Cedar Creek,,,31.70439,-81.18927,STM,GA,179,Liberty,Georgia Coast
4186910,Cedar Point,,,31.70689,-81.18927,CAPE,GA,179,Liberty,Georgia Coast
4187285,Chapel in the Vale,,,31.89382,-81.59678,CH,GA,179,Liberty,Georgia Coast
4187576,Cherokee Rose Country Club,,,31.80105,-81.60122,RSRT,GA,179,Liberty,Georgia Coast
4187589,Cherokee Village,,,31.81771,-81.60178,PPL,GA,179,Liberty,Georgia Coast
4188135,Cinder Hill,,,31.84243,-81.5815,PPLX,GA,179,Liberty,Georgia Coast
4188280,Claybank School (historical),,,31.77188,-81.49317,SCH,GA,179,Liberty,Georgia Coast
4188907,Colonels Island,,,31.71438,-81.26427,ISL,GA,179,Liberty,Georgia Coast
4189056,Community Church (historical),,,31.77772,-81.38011,CH,GA,179,Liberty,Georgia Coast
4189986,Creek Island,,,31.82493,-81.65428,ISL,GA,179,Liberty,Georgia Coast
4189987,Creek Island,,,31.82077,-81.65678,PPL,GA,179,Liberty,Georgia Coast
4190189,Cross Tide Creek,,,31.67327,-81.30594,CHN,GA,179,Liberty,Georgia Coast
4190205,Crossroads,,,31.74744,-81.46316,PPL,GA,179,Liberty,Georgia Coast
4190510,Cypress Slash Cemetery,,,31.79466,-81.6065,CMTY,GA,179,Liberty,Georgia Coast
4190764,Darlot,,,31.93493,-81.63039,PPL,GA,179,Liberty,Georgia Coast
4190765,Darlot Post Office (historical),,,31.93465,-81.63067,PO,GA,179,Liberty,Georgia Coast
4190937,Davis Swamp,,,31.81307,-81.57994,SWMP,GA,179,Liberty,Georgia Coast
4190986,Day Memorial Church,,,31.79883,-81.40983,CH,GA,179,Liberty,Georgia Coast
4191047,Dead Creek,,,31.713,-81.20982,STM,GA,179,Liberty,Georgia Coast
4191201,Deer Run Estates,,,31.82854,-81.61372,PPL,GA,179,Liberty,Georgia Coast
4191228,Deerwood Estates,,,31.81632,-81.60733,PPL,GA,179,Liberty,Georgia Coast
4191458,Dickinson Creek,,,31.75661,-81.2726,STM,GA,179,Liberty,Georgia Coast
4191670,Doe Run Estates,,,31.83938,-81.579,PPLX,GA,179,Liberty,Georgia Coast
4191774,Dorchester,,,31.79549,-81.40511,PPL,GA,179,Liberty,Georgia Coast
4191776,Dorchester Academy (historical),,,31.80132,-81.46455,SCH,GA,179,Liberty,Georgia Coast
4191777,Dorchester Church,,,31.75883,-81.35483,CH,GA,179,Liberty,Georgia Coast
4191778,Dorchester Civic Center,,,31.76383,-81.35233,,GA,179,Liberty,Georgia Coast
4191779,Dorchester Cooperative Center,,,31.80327,-81.46594,BLDG,GA,179,Liberty,Georgia Coast
4191780,Dorchester School (historical),,,31.76383,-81.35261,SCH,GA,179,Liberty,Georgia Coast
4192099,Drum Point Landing,,,31.68383,-81.27399,PPL,GA,179,Liberty,Georgia Coast
4192281,Dukes (historical),,,32.00131,-81.71317,PPLQ,GA,179,Liberty,Georgia Coast
4192348,Dunham (historical),,,31.73716,-81.29566,PPLQ,GA,179,Liberty,Georgia Coast
4192586,East Channel,,,31.77383,-81.27121,CHN,GA,179,Liberty,Georgia Coast
4192882,Ebenezer Church,,,31.84243,-81.4115,CH,GA,179,Liberty,Georgia Coast
4193083,Elarbee Cemetery,,,32.04492,-81.67039,CMTY,GA,179,Liberty,Georgia Coast
4193754,Evergreen,,,31.84882,-81.61095,PPLX,GA,179,Liberty,Georgia Coast
4193838,Exit 12,,,31.65355,-81.39483,RDJCT,GA,179,Liberty,Georgia Coast
4193843,Exit 13,,,31.77827,-81.37872,RDJCT,GA,179,Liberty,Georgia Coast
4194075,Experiment Shoal,,,31.54467,-81.16148,BAR,GA,179,Liberty,Georgia Coast
4194295,Faith Church,,,31.81271,-81.65095,CH,GA,179,Liberty,Georgia Coast
4194311,Faith Mission Church,,,31.78438,-81.43816,CH,GA,179,Liberty,Georgia Coast
4194724,First African Church,,,31.71799,-81.48011,CH,GA,179,Liberty,Georgia Coast
4194725,First African Church,,,31.74716,-81.46316,CH,GA,179,Liberty,Georgia Coast
4194730,First Anderson Grove Church,,,31.70133,-81.41038,CH,GA,179,Liberty,Georgia Coast
4195402,Fleming,,,31.88077,-81.4265,PPL,GA,179,Liberty,Georgia Coast
4195408,Fleming Church,,,31.84382,-81.41094,CH,GA,179,Liberty,Georgia Coast
4195413,Flemington,,,31.85965,-81.564,PPL,GA,179,Liberty,Georgia Coast
4195414,Flemington Cemetery,,,31.87243,-81.574,CMTY,GA,179,Liberty,Georgia Coast
4195415,Flemington Church,,,31.86965,-81.57095,CH,GA,179,Liberty,Georgia Coast
4195559,Floyd Landing,,,32.04242,-81.64095,,GA,179,Liberty,Georgia Coast
4195837,Fort Morris (historical),,,31.76333,-81.28111,INSM,GA,179,Liberty,Georgia Coast
4195838,Fort Morris State Historic Site,,,31.76438,-81.28094,PRK,GA,179,Liberty,Georgia Coast
4196138,Fraser Acres,,,31.84299,-81.58733,PPLX,GA,179,Liberty,Georgia Coast
4196162,Free Branch School,,,31.84771,-81.41928,SCH,GA,179,Liberty,Georgia Coast
4196163,Free Branch School (historical),,,31.87049,-81.43205,SCH,GA,179,Liberty,Georgia Coast
4196182,Freedman Grove School (historical),,,31.84243,-81.41178,SCH,GA,179,Liberty,Georgia Coast
4196348,Friendship Church,,,31.76549,-81.62317,CH,GA,179,Liberty,Georgia Coast
4196686,Garden Acres,,,31.84854,-81.58595,PPLX,GA,179,Liberty,Georgia Coast
4196693,Garden Heights,,,31.82938,-81.6015,PPL,GA,179,Liberty,Georgia Coast
4197435,Gods Divine Healing Temple,,,31.79021,-81.44539,CH,GA,179,Liberty,Georgia Coast
4197698,Goshen Swamp,,,31.90521,-81.54706,SWMP,GA,179,Liberty,Georgia Coast
4197723,Gould Creek,,,31.73938,-81.24344,STM,GA,179,Liberty,Georgia Coast
4197771,Grace Church,,,31.79743,-81.64289,CH,GA,179,Liberty,Georgia Coast
4198305,Gress River,,,31.83216,-81.35927,STM,GA,179,Liberty,Georgia Coast
4198553,Gum Branch,,,31.89021,-81.71817,STM,GA,179,Liberty,Georgia Coast
4198554,Gum Branch,,,31.85826,-81.72678,PPL,GA,179,Liberty,Georgia Coast
4198556,Gum Branch School (historical),,,31.85215,-81.70706,SCH,GA,179,Liberty,Georgia Coast
4198795,Halfmoon Landing,,,31.69966,-81.27844,PPL,GA,179,Liberty,Georgia Coast
4198800,The Halfmoon,,,31.69716,-81.27677,STMB,GA,179,Liberty,Georgia Coast
4198888,Hallwood Homes,,,31.87715,-81.61317,PPL,GA,179,Liberty,Georgia Coast
4199488,Harrison Heights,,,31.8541,-81.59206,PPLX,GA,179,Liberty,Georgia Coast
4199743,Haynes Swamp,,,31.8141,-81.48233,SWMP,GA,179,Liberty,Georgia Coast
4199753,Hays Grove School (historical),,,32.01381,-81.81095,SCH,GA,179,Liberty,Georgia Coast
4200105,Herbert Heights,,,31.83243,-81.60539,PPL,GA,179,Liberty,Georgia Coast
4200116,Heritage Chapel,,,31.86743,-81.60567,CH,GA,179,Liberty,Georgia Coast
4200331,Hidden Pines,,,31.86549,-81.58733,PPLX,GA,179,Liberty,Georgia Coast
4200669,Hineshaw School,,,31.85465,-81.59817,SCH,GA,179,Liberty,Georgia Coast
4200671,Hinesville,,,31.84688,-81.59595,PPLA2,GA,179,Liberty,Georgia Coast
4200672,Hinesville Cemetery,,,31.80466,-81.60845,CMTY,GA,179,Liberty,Georgia Coast
4200673,Hinesville City Hall,,,31.84577,-81.59539,BLDG,GA,179,Liberty,Georgia Coast
4200674,Hinesville Methodist Church,,,31.84854,-81.59095,CH,GA,179,Liberty,Georgia Coast
4200675,Hinesville Oxidation Pond,,,31.84521,-81.56983,RSV,GA,179,Liberty,Georgia Coast
4200676,Hinesville Oxidation Pond Dam,,,31.84521,-81.56983,DAM,GA,179,Liberty,Georgia Coast
4201099,Holmestown School (historical),,,31.81271,-81.54622,SCH,GA,179,Liberty,Georgia Coast
4201360,Horse Creek,,,31.89493,-81.67039,STM,GA,179,Liberty,Georgia Coast
4202755,Jerico Creek,,,31.85466,-81.38178,STM,GA,179,Liberty,Georgia Coast
4202991,Johnson Creek,,,31.59022,-81.1801,STM,GA,179,Liberty,Georgia Coast
4203181,Jones Creek,,,31.74688,-81.25427,STM,GA,179,Liberty,Georgia Coast
4203182,Jones Creek,,,31.80438,-81.31983,STM,GA,179,Liberty,Georgia Coast
4204919,Lancaster Estates,,,31.8566,-81.58956,PPLX,GA,179,Liberty,Georgia Coast
4205147,Laurel View River,,,31.79327,-81.28649,STM,GA,179,Liberty,Georgia Coast
4205307,Lecount,,,31.67994,-81.45872,PPL,GA,179,Liberty,Georgia Coast
4205560,Liberty Campmeeting Ground (historical),,,31.94104,-81.629,CMPQ,GA,179,Liberty,Georgia Coast
4205598,Liberty Church,,,31.85938,-81.72567,CH,GA,179,Liberty,Georgia Coast
4205615,Liberty County,,,31.80723,-81.45626,ADM2,GA,179,Liberty,Georgia Coast
4205616,Liberty County Airport (historical),,,31.78224,-81.63698,AIRQ,GA,179,Liberty,Georgia Coast
4205617,Liberty County Courthouse,,,31.84632,-81.59595,BLDG,GA,179,Liberty,Georgia Coast
4205618,Liberty County High School,,,31.84823,-81.54576,SCH,GA,179,Liberty,Georgia Coast
4205666,Liberty Memorial Hospital Heliport,,,31.84577,-81.5915,AIRH,GA,179,Liberty,Georgia Coast
4205700,Lida (historical),,,31.98076,-81.77345,PPLQ,GA,179,Liberty,Georgia Coast
4205758,Limerick,,,31.83688,-81.38594,PPL,GA,179,Liberty,Georgia Coast
4206135,Little Horse Creek,,,31.85549,-81.669,STM,GA,179,Liberty,Georgia Coast
4206413,Live Oak,,,31.81271,-81.62428,PPL,GA,179,Liberty,Georgia Coast
4206425,Live Oak Church,,,31.82466,-81.64122,CH,GA,179,Liberty,Georgia Coast
4206614,Long Branch,,,32.03131,-81.739,STM,GA,179,Liberty,Georgia Coast
4207179,Lyman Hall Elementary School,,,31.79518,-81.61285,SCH,GA,179,Liberty,Georgia Coast
4207715,Maple Subdivision,,,31.80716,-81.60122,PPL,GA,179,Liberty,Georgia Coast
4207977,Martin Woods,,,31.86049,-81.58595,PPLX,GA,179,Liberty,Georgia Coast
4207985,Martins (historical),,,31.84243,-81.55817,PPLQ,GA,179,Liberty,Georgia Coast
4208538,McIntosh,,,31.82577,-81.52372,PPL,GA,179,Liberty,Georgia Coast
4208681,McQueen Inlet,,,31.63606,-81.13482,BAY,GA,179,Liberty,Georgia Coast
4208705,McQueen Hammock,,,31.63828,-81.13426,ISL,GA,179,Liberty,Georgia Coast
4208842,Mellwood School (historical),,,31.95465,-81.59011,SCH,GA,179,Liberty,Georgia Coast
4208863,Melvin Swamp,,,31.84527,-81.57451,SWMP,GA,179,Liberty,Georgia Coast
4209059,Middle Ground,,,31.70328,-81.15343,BAR,GA,179,Liberty,Georgia Coast
4209132,Midway,,,31.80577,-81.43066,PPL,GA,179,Liberty,Georgia Coast
4209145,Midway Cemetery,,,31.80605,-81.4315,CMTY,GA,179,Liberty,Georgia Coast
4209176,Midway Church,,,31.80105,-81.46455,CH,GA,179,Liberty,Georgia Coast
4209200,Midway Congregational Church,,,31.80605,-81.43039,CH,GA,179,Liberty,Georgia Coast
4209202,Midway Historic District,,,31.80521,-81.43066,PRK,GA,179,Liberty,Georgia Coast
4209360,Mill Creek,,,31.89493,-81.64428,STM,GA,179,Liberty,Georgia Coast
4209689,Miracle Deliverance Church,,,31.71688,-81.40622,CH,GA,179,Liberty,Georgia Coast
4209864,Mollclark River,,,31.61772,-81.20065,STM,GA,179,Liberty,Georgia Coast
4210077,Moose Hill School,,,31.79188,-81.39955,SCH,GA,179,Liberty,Georgia Coast
4210320,Moss Island,,,31.62689,-81.20982,ISL,GA,179,Liberty,Georgia Coast
4210632,Mount Hope Creek,,,31.85466,-81.38205,STM,GA,179,Liberty,Georgia Coast
4210855,Mount Olivet Church,,,31.88993,-81.42428,CH,GA,179,Liberty,Georgia Coast
4211053,Mount Sinai Church (historical),,,31.7816,-81.62511,CH,GA,179,Liberty,Georgia Coast
4211275,Mount Zion Church,,,31.82049,-81.60122,CH,GA,179,Liberty,Georgia Coast
4211902,Necessary Creek,,,31.66911,-81.18427,STM,GA,179,Liberty,Georgia Coast
4212102,New Dorchester Cemetery,,,31.75911,-81.34927,CMTY,GA,179,Liberty,Georgia Coast
4212405,New Jerusalem Church (historical),,,31.99604,-81.68206,CH,GA,179,Liberty,Georgia Coast
4212633,New Zion Church,,,31.74633,-81.45955,CH,GA,179,Liberty,Georgia Coast
4213094,North Newport River,,,31.69661,-81.17899,STM,GA,179,Liberty,Georgia Coast
4213287,Northwest Woods,,,31.83632,-81.614,PPLX,GA,179,Liberty,Georgia Coast
4214061,Old Dorchester Cemetery,,,31.76188,-81.35649,CMTY,GA,179,Liberty,Georgia Coast
4214286,Olmstead,,,31.85799,-81.59595,PPLX,GA,179,Liberty,Georgia Coast
4214288,Olmstead Pasture,,,31.6905,-81.35677,PLN,GA,179,Liberty,Georgia Coast
4214623,Palmer Siding (historical),,,31.79771,-81.58178,,GA,179,Liberty,Georgia Coast
4214656,Palmyra Church,,,31.74411,-81.3151,CH,GA,179,Liberty,Georgia Coast
4214665,Pando Cemetery,,,31.72105,-81.42427,CMTY,GA,179,Liberty,Georgia Coast
4215048,Payne Creek,,,31.71577,-81.34872,STM,GA,179,Liberty,Georgia Coast
4215145,Peacock Creek,,,31.74855,-81.40566,STM,GA,179,Liberty,Georgia Coast
4216191,Pineview,,,31.84549,-81.60595,PPLX,GA,179,Liberty,Georgia Coast
4216217,Pinewood Estates,,,31.81688,-81.62122,PPL,GA,179,Liberty,Georgia Coast
4216691,Pleasant Hill Church,,,31.77188,-81.62678,CH,GA,179,Liberty,Georgia Coast
4216847,Pointe South,,,31.82077,-81.60733,PPL,GA,179,Liberty,Georgia Coast
4217088,Porter Creek,,,31.75188,-81.41066,STM,GA,179,Liberty,Georgia Coast
4217089,Popples Cemetery,,,31.81466,-81.649,CMTY,GA,179,Liberty,Georgia Coast
4217543,Providence School (historical),,,31.83549,-81.68817,SCH,GA,179,Liberty,Georgia Coast
4218659,Riceboro,,,31.73549,-81.43344,PPL,GA,179,Liberty,Georgia Coast
4218660,Riceboro Creek,,,31.74855,-81.40566,STM,GA,179,Liberty,Georgia Coast
4218740,Richland School (historical),,,31.76938,-81.53983,SCH,GA,179,Liberty,Georgia Coast
4220171,Russell Swamp,,,31.75466,-81.48372,SWMP,GA,179,Liberty,Georgia Coast
4220334,Saint Catherines Island,,,31.65689,-81.15149,ISL,GA,179,Liberty,Georgia Coast
4220335,Saint Catherines Sound,,,31.708,-81.15677,BAY,GA,179,Liberty,Georgia Coast
4220413,Saint James Church,,,31.85327,-81.42372,CH,GA,179,Liberty,Georgia Coast
4220575,Saint Lukes Church,,,31.80854,-81.65983,CH,GA,179,Liberty,Georgia Coast
4220737,Saint Paul Church (historical),,,31.86993,-81.43178,CH,GA,179,Liberty,Georgia Coast
4220822,Saint Peter Church,,,31.79494,-81.48539,CH,GA,179,Liberty,Georgia Coast
4220836,Saint Peters Church,,,31.82382,-81.52122,CH,GA,179,Liberty,Georgia Coast
4221121,Sancity Church,,,31.80771,-81.52983,CH,GA,179,Liberty,Georgia Coast
4221322,Sandy Run,,,31.84688,-81.58928,PPLX,GA,179,Liberty,Georgia Coast
4221338,Sandy Swamp,,,31.98809,-81.71283,SWMP,GA,179,Liberty,Georgia Coast
4221363,Sandy Run School,,,31.84604,-81.57678,SCH,GA,179,Liberty,Georgia Coast
4221763,Screven Fork,,,31.77327,-81.49122,PPL,GA,179,Liberty,Georgia Coast
4221764,Screven Fork Church,,,31.77466,-81.49122,CH,GA,179,Liberty,Georgia Coast
4221812,Seabrook,,,31.74355,-81.32872,PPL,GA,179,Liberty,Georgia Coast
4221852,Second Anderson Grove Church,,,31.70049,-81.40733,CH,GA,179,Liberty,Georgia Coast
4222356,Shepard Ford,,,31.89576,-81.65372,RDJCT,GA,179,Liberty,Georgia Coast
4222546,Shiloh School (historical),,,31.81493,-81.67122,SCH,GA,179,Liberty,Georgia Coast
4222694,Short Road School (historical),,,32.03965,-81.724,SCH,GA,179,Liberty,Georgia Coast
4223498,Solomon Temple,,,31.79021,-81.48928,CH,GA,179,Liberty,Georgia Coast
4223632,South Hampton Creek,,,31.66272,-81.31177,STM,GA,179,Liberty,Georgia Coast
4223663,South Newport Cut,,,31.65939,-81.28455,CHN,GA,179,Liberty,Georgia Coast
4224553,Stevens Airfield (historical),,,31.72855,-81.3001,AIRQ,GA,179,Liberty,Georgia Coast
4224599,Stewart Homes,,,31.88215,-81.58872,,GA,179,Liberty,Georgia Coast
4224870,Strain (historical),,,31.98465,-81.76206,PPLQ,GA,179,Liberty,Georgia Coast
4224959,Strum Bay (historical),,,32.02104,-81.63595,PPLQ,GA,179,Liberty,Georgia Coast
4224960,Strum Bay Cemetery,,,32.00798,-81.65622,CMTY,GA,179,Liberty,Georgia Coast
4224980,Strum Bay,,,31.98495,-81.66034,SWMP,GA,179,Liberty,Georgia Coast
4225187,Sunbury,,,31.76827,-81.28094,PPL,GA,179,Liberty,Georgia Coast
4225188,Sunbury Channel,,,31.77383,-81.27705,CHN,GA,179,Liberty,Georgia Coast
4225189,Sunbury Church,,,31.74411,-81.32205,CH,GA,179,Liberty,Georgia Coast
4225190,Sunbury Creek,,,31.73022,-81.22343,STM,GA,179,Liberty,Georgia Coast
4225893,Taylors Creek,,,31.94771,-81.63372,STM,GA,179,Liberty,Georgia Coast
4225895,Taylors Creek,,,32.00548,-81.74011,STM,GA,179,Liberty,Georgia Coast
4225897,Taylors Creek (historical),,,31.93493,-81.649,PPLQ,GA,179,Liberty,Georgia Coast
4225898,Taylors Creek Cemetery,,,31.93576,-81.64789,CMTY,GA,179,Liberty,Georgia Coast
4225899,Taylors Creek Church (historical),,,31.7941,-81.60678,CH,GA,179,Liberty,Georgia Coast
4225900,Taylors Creek Methodist Church (historical),,,31.93521,-81.65039,CH,GA,179,Liberty,Georgia Coast
4225901,Taylors Creek Post Office (historical),,,31.93826,-81.649,PO,GA,179,Liberty,Georgia Coast
4226027,Tennessee Branch,,,31.84021,-81.664,STM,GA,179,Liberty,Georgia Coast
4226065,Terrells Millpond,,,31.81221,-81.63288,SWMP,GA,179,Liberty,Georgia Coast
4226235,Thebes Cemetery,,,31.79188,-81.48705,CMTY,GA,179,Liberty,Georgia Coast
4226306,Thomas Hill Cemetery,,,31.9952,-81.6115,CMTY,GA,179,Liberty,Georgia Coast
4226308,Thomas Hill School (historical),,,31.99465,-81.6115,SCH,GA,179,Liberty,Georgia Coast
4226528,Tidal Community School,,,31.73133,-81.25927,SCH,GA,179,Liberty,Georgia Coast
4226530,Tidewater Experimental Station,,,31.87743,-81.40205,,GA,179,Liberty,Georgia Coast
4226646,Timmons River,,,31.68022,-81.22649,CHN,GA,179,Liberty,Georgia Coast
4226739,Todd-Ray Cemetery,,,31.99798,-81.71372,CMTY,GA,179,Liberty,Georgia Coast
4227056,Trinity,,,31.92993,-81.5565,PPL,GA,179,Liberty,Georgia Coast
4227064,Trinity Cemetery,,,31.93104,-81.53817,CMTY,GA,179,Liberty,Georgia Coast
4227154,Trophy Lake,,,31.83068,-81.39744,RSV,GA,179,Liberty,Georgia Coast
4227155,Trophy Lake Dam,,,31.83021,-81.39816,DAM,GA,179,Liberty,Georgia Coast
4227282,Tupelo Trail,,,31.8441,-81.57872,PPLX,GA,179,Liberty,Georgia Coast
4228063,Upper Lake George,,,31.8405,-81.37903,RSV,GA,179,Liberty,Georgia Coast
4228064,Upper Lake George Dam,,,31.84188,-81.37816,DAM,GA,179,Liberty,Georgia Coast
4228234,Vandyke Creek,,,31.68994,-81.19566,STM,GA,179,Liberty,Georgia Coast
4228402,Victory Church,,,31.7591,-81.609,CH,GA,179,Liberty,Georgia Coast
4228717,WGML-AM (Hinesville),,,31.85049,-81.60095,TOWR,GA,179,Liberty,Georgia Coast
4228941,WSKX-FM (Hinesville),,,31.69383,-81.39066,TOWR,GA,179,Liberty,Georgia Coast
4228942,WSKX-FM (Hinesville),,,31.80938,-81.52567,TOWR,GA,179,Liberty,Georgia Coast
4229108,Walburg Creek,,,31.66661,-81.16621,CHN,GA,179,Liberty,Georgia Coast
4229109,Walburg Island,,,31.67939,-81.17538,ISL,GA,179,Liberty,Georgia Coast
4229357,Walthourville,,,31.7741,-81.63261,PPL,GA,179,Liberty,Georgia Coast
4229358,Walthourville Baptist Church,,,31.7691,-81.62511,CH,GA,179,Liberty,Georgia Coast
4229359,Walthourville Cemetery,,,31.75716,-81.61428,CMTY,GA,179,Liberty,Georgia Coast
4229361,Walthourville Presbyterian Church,,,31.76771,-81.63428,CH,GA,179,Liberty,Georgia Coast
4229761,Way Subdivision,,,31.8316,-81.59511,PPL,GA,179,Liberty,Georgia Coast
4229810,Ways Temple,,,31.70244,-81.41177,CH,GA,179,Liberty,Georgia Coast
4229982,Wells Cemetery,,,31.84327,-81.67845,CMTY,GA,179,Liberty,Georgia Coast
4230904,Isle of Wight,,,31.81882,-81.36844,ISL,GA,179,Liberty,Georgia Coast
4230974,Wilderness Church,,,31.81521,-81.51094,CH,GA,179,Liberty,Georgia Coast
4230987,Wildwood,,,31.81966,-81.61511,PPL,GA,179,Liberty,Georgia Coast
4231042,Wilkins Cemetery,,,31.8116,-81.3515,CMTY,GA,179,Liberty,Georgia Coast
4231141,Williams Chapel,,,31.83354,-81.61067,CH,GA,179,Liberty,Georgia Coast
4231269,Willie,,,32.01409,-81.66734,PPL,GA,179,Liberty,Georgia Coast
4231910,Woodwind South,,,31.82799,-81.60539,PPL,GA,179,Liberty,Georgia Coast
4232131,Yellow Bluff,,,31.71216,-81.24149,CLF,GA,179,Liberty,Georgia Coast
4232136,Yellow Bluff Creek,,,31.71772,-81.23093,STM,GA,179,Liberty,Georgia Coast
4232137,Yellow Bluff Fishing Camp,,,31.70939,-81.24038,CMP,GA,179,Liberty,Georgia Coast
4232219,Youmans Landing Airfield (historical),,,31.72466,-81.23982,AIRQ,GA,179,Liberty,Georgia Coast
4232450,Zion Temple,,,31.81549,-81.51094,CH,GA,179,Liberty,Georgia Coast
4232467,Zorn Island,,,31.83104,-81.66456,ISL,GA,179,Liberty,Georgia Coast
4179612,Altamaha River,,,31.31578,-81.28482,STM,GA,191,McIntosh,Georgia Coast
4179614,Altamaha Sound,,,31.31662,-81.30232,BAY,GA,191,McIntosh,Georgia Coast
4179615,Altamaha State Waterfowl Management Area,,,31.34634,-81.35149,PRK,GA,191,McIntosh,Georgia Coast
4179616,Altamaha Wildlife Management Area,,,31.36884,-81.51316,PRK,GA,191,McIntosh,Georgia Coast
4179801,Andrews Cemetery,,,31.58439,-81.41955,CMTY,GA,191,McIntosh,Georgia Coast
4180155,Archie Branch,,,31.48328,-81.50594,SWMP,GA,191,McIntosh,Georgia Coast
4180161,Ardick,,,31.46133,-81.43344,PPL,GA,191,McIntosh,Georgia Coast
4180328,Ashintilly,,,31.39384,-81.40899,PPL,GA,191,McIntosh,Georgia Coast
4180337,Ashley Creek,,,31.39856,-81.3176,INLT,GA,191,McIntosh,Georgia Coast
4180504,Atwood Creek,,,31.45106,-81.33926,STM,GA,191,McIntosh,Georgia Coast
4180706,Back River,,,31.53439,-81.33093,CHN,GA,191,McIntosh,Georgia Coast
4180936,Ballast Bluff,,,31.40995,-81.55788,CLF,GA,191,McIntosh,Georgia Coast
4181042,Barbour Island,,,31.58133,-81.22871,ISL,GA,191,McIntosh,Georgia Coast
4181043,Barbour Island Airport,,,31.58351,-81.23436,AIRP,GA,191,McIntosh,Georgia Coast
4181044,Barbour Island River,,,31.55661,-81.22787,STM,GA,191,McIntosh,Georgia Coast
4181070,Barker Lake,,,31.49102,-81.63646,LK,GA,191,McIntosh,Georgia Coast
4181088,Barn Creek,,,31.43661,-81.28648,CHN,GA,191,McIntosh,Georgia Coast
4181176,Barrington Lake,,,31.48428,-81.61865,LK,GA,191,McIntosh,Georgia Coast
4181388,Bay Hammock,,,31.52272,-81.20898,ISL,GA,191,McIntosh,Georgia Coast
4181427,Beach Creek,,,31.34134,-81.2951,STM,GA,191,McIntosh,Georgia Coast
4181428,Beach Creek,,,31.53606,-81.20121,STM,GA,191,McIntosh,Georgia Coast
4181438,Beacon Creek,,,31.36467,-81.28954,STM,GA,191,McIntosh,Georgia Coast
4181584,Beasons Landing Strip,,,31.53328,-81.42316,AIRP,GA,191,McIntosh,Georgia Coast
4181807,Bel-Air,,,31.37245,-81.42621,PPLX,GA,191,McIntosh,Georgia Coast
4181906,Bellville Church,,,31.518,-81.37788,CH,GA,191,McIntosh,Georgia Coast
4181908,Bellville Point,,,31.53133,-81.36593,PPL,GA,191,McIntosh,Georgia Coast
4181913,Belly Hole Lake,,,31.4403,-81.59898,LK,GA,191,McIntosh,Georgia Coast
4181937,Belvedere Point,,,31.643,-81.29038,CAPE,GA,191,McIntosh,Georgia Coast
4182110,Bernie Lake,,,31.53451,-81.64791,LK,GA,191,McIntosh,Georgia Coast
4182412,Bethel Church,,,31.40995,-81.40399,CH,GA,191,McIntosh,Georgia Coast
4182804,Big Bay,,,31.60386,-81.53249,SWMP,GA,191,McIntosh,Georgia Coast
4182876,Big Buzzard Creek,,,31.37522,-81.52233,STM,GA,191,McIntosh,Georgia Coast
4182955,Big Hornsby Lake,,,31.40759,-81.56749,LK,GA,191,McIntosh,Georgia Coast
4182970,Big Lake,,,31.53721,-81.65235,LK,GA,191,McIntosh,Georgia Coast
4182980,Big Mortar Swamp,,,31.57102,-81.52045,SWMP,GA,191,McIntosh,Georgia Coast
4182981,Big Mortar Swamp,,,31.65022,-81.45983,SWMP,GA,191,McIntosh,Georgia Coast
4183226,Black Island,,,31.63605,-81.42816,ISL,GA,191,McIntosh,Georgia Coast
4183227,Black Island,,,31.37078,-81.40149,ISL,GA,191,McIntosh,Georgia Coast
4183228,Black Island Creek,,,31.37217,-81.40732,INLT,GA,191,McIntosh,Georgia Coast
4183271,Blackbeard Creek,,,31.47995,-81.21954,CHN,GA,191,McIntosh,Georgia Coast
4183272,Blackbeard Island,,,31.51606,-81.19593,ISL,GA,191,McIntosh,Georgia Coast
4183273,Blackbeard Island National Wildlife Refuge,,,31.50268,-81.20748,PRK,GA,191,McIntosh,Georgia Coast
4183274,Blackbeard Island Wilderness,,,31.49238,-81.21767,RES,GA,191,McIntosh,Georgia Coast
4183275,Blackbeard Shoal,,,31.44578,-81.15287,BAR,GA,191,McIntosh,Georgia Coast
4183718,Boggy Gall Swamp,,,31.41231,-81.43013,SWMP,GA,191,McIntosh,Georgia Coast
4183938,Bower Chapel,,,31.573,-81.32093,CH,GA,191,McIntosh,Georgia Coast
4184095,Brailsford (historical),,,31.55105,-81.33177,PPLQ,GA,191,McIntosh,Georgia Coast
4184109,Branch Creek,,,31.46856,-81.30121,STM,GA,191,McIntosh,Georgia Coast
4184296,Briardam Swamp,,,31.44522,-81.49427,SWMP,GA,191,McIntosh,Georgia Coast
4184328,Brickston,,,31.61244,-81.49011,PPL,GA,191,McIntosh,Georgia Coast
4184637,Broro Neck,,,31.55883,-81.32704,CAPE,GA,191,McIntosh,Georgia Coast
4184638,Broro River,,,31.54744,-81.31621,STM,GA,191,McIntosh,Georgia Coast
4184645,Broughton Island,,,31.32356,-81.4076,ISL,GA,191,McIntosh,Georgia Coast
4185003,Buck Hill Swamp,,,31.53911,-81.42566,STM,GA,191,McIntosh,Georgia Coast
4185065,Buckley and O'Neal Cemetery,,,31.5855,-81.3751,CMTY,GA,191,McIntosh,Georgia Coast
4185093,Buffalo Creek,,,31.428,-81.50649,STM,GA,191,McIntosh,Georgia Coast
4185102,Buffalo Swamp,,,31.46244,-81.50261,SWMP,GA,191,McIntosh,Georgia Coast
4185443,Butler Cemetery,,,31.37189,-81.42177,CMTY,GA,191,McIntosh,Georgia Coast
4185452,Butler Island,,,31.35884,-81.46788,ISL,GA,191,McIntosh,Georgia Coast
4185457,Butler River,,,31.36134,-81.45427,CHN,GA,191,McIntosh,Georgia Coast
4185474,Buttermilk Sound,,,31.31023,-81.39093,BAY,GA,191,McIntosh,Georgia Coast
4185514,Buzzard Roost Island,,,31.42745,-81.36149,ISL,GA,191,McIntosh,Georgia Coast
4185520,Buzzard Roost Creek,,,31.41384,-81.36899,INLT,GA,191,McIntosh,Georgia Coast
4185594,Cabretta Creek,,,31.45078,-81.23259,STM,GA,191,McIntosh,Georgia Coast
4185596,Cabretta Island,,,31.43411,-81.24065,ISL,GA,191,McIntosh,Georgia Coast
4185618,Cabretta Inlet,,,31.44578,-81.22815,CHN,GA,191,McIntosh,Georgia Coast
4185788,Calvary Church,,,31.51522,-81.41232,CH,GA,191,McIntosh,Georgia Coast
4185828,Cambers Island,,,31.36995,-81.49177,ISL,GA,191,McIntosh,Georgia Coast
4186056,Campbell Lake,,,31.49422,-81.63495,LK,GA,191,McIntosh,Georgia Coast
4186179,Cannon Bluff School,,,31.57772,-81.39066,SCH,GA,191,McIntosh,Georgia Coast
4186355,Carnigan,,,31.43439,-81.39399,PPL,GA,191,McIntosh,Georgia Coast
4186356,Carnigan River,,,31.43328,-81.36204,CHN,GA,191,McIntosh,Georgia Coast
4186425,Carrs Island,,,31.34523,-81.48288,ISL,GA,191,McIntosh,Georgia Coast
4186694,Catfish Creek,,,31.36884,-81.3751,CHN,GA,191,McIntosh,Georgia Coast
4186695,Cathead Creek,,,31.37189,-81.44371,STM,GA,191,McIntosh,Georgia Coast
4186804,Cedar Creek,,,31.493,-81.33621,STM,GA,191,McIntosh,Georgia Coast
4186872,Cedar Hammock,,,31.55439,-81.2401,ISL,GA,191,McIntosh,Georgia Coast
4186911,Cedar Point,,,31.49744,-81.34927,PPL,GA,191,McIntosh,Georgia Coast
4187228,Champney Island,,,31.34217,-81.46316,ISL,GA,191,McIntosh,Georgia Coast
4187229,Champney River,,,31.35134,-81.46344,CHN,GA,191,McIntosh,Georgia Coast
4187762,Chimney Villa,,,31.61466,-81.40233,PPL,GA,191,McIntosh,Georgia Coast
4187783,Chisholm Swamp,,,31.40081,-81.46071,SWMP,GA,191,McIntosh,Georgia Coast
4187990,Church of God,,,31.53911,-81.44705,CH,GA,191,McIntosh,Georgia Coast
4187991,Church of God,,,31.54105,-81.5015,CH,GA,191,McIntosh,Georgia Coast
4187992,Church of God,,,31.6305,-81.31732,CH,GA,191,McIntosh,Georgia Coast
4188088,Churchill Cemetery,,,31.51744,-81.48538,CMTY,GA,191,McIntosh,Georgia Coast
4188089,Churchill Swamp,,,31.52382,-81.49209,SWMP,GA,191,McIntosh,Georgia Coast
4188994,Columbus Square,,,31.37106,-81.43121,PRK,GA,191,McIntosh,Georgia Coast
4189030,Commodore Island,,,31.39495,-81.30982,ISL,GA,191,McIntosh,Georgia Coast
4189120,Concord Shoal,,,31.51828,-81.15843,BAR,GA,191,McIntosh,Georgia Coast
4189210,Contentment Bluff,,,31.60328,-81.3051,CLF,GA,191,McIntosh,Georgia Coast
4189211,Contentment Plantation Cemetery,,,31.57216,-81.31954,CMTY,GA,191,McIntosh,Georgia Coast
4189588,Cottonbox Island,,,31.37495,-81.5076,ISL,GA,191,McIntosh,Georgia Coast
4189808,Eagle Island,,,31.36245,-81.3951,ISL,GA,191,McIntosh,Georgia Coast
4189852,Cox,,,31.45522,-81.56344,PPL,GA,191,McIntosh,Georgia Coast
4189979,Credit Hill,,,31.51161,-81.50038,PPL,GA,191,McIntosh,Georgia Coast
4189980,Credit Hill Church,,,31.49828,-81.49483,CH,GA,191,McIntosh,Georgia Coast
4190006,Creighton Island,,,31.52133,-81.32454,ISL,GA,191,McIntosh,Georgia Coast
4190007,Creighton Narrows,,,31.49689,-81.32538,CHN,GA,191,McIntosh,Georgia Coast
4190008,Creighton Narrows,,,31.50383,-81.31954,CHN,GA,191,McIntosh,Georgia Coast
4190010,Creddick Hill School (historical),,,31.52772,-81.49955,SCH,GA,191,McIntosh,Georgia Coast
4190012,Crescent,,,31.50939,-81.36954,PPL,GA,191,McIntosh,Georgia Coast
4190013,Crescent Church,,,31.52022,-81.36343,CH,GA,191,McIntosh,Georgia Coast
4190020,Crescent River,,,31.48383,-81.31926,STM,GA,191,McIntosh,Georgia Coast
4190115,Crooked Creek,,,31.35245,-81.33287,STM,GA,191,McIntosh,Georgia Coast
4190128,Crooked Lake,,,31.43133,-81.59872,LK,GA,191,McIntosh,Georgia Coast
4190456,Cuthbert-Grant Cemetery,,,31.43772,-81.39093,CMTY,GA,191,McIntosh,Georgia Coast
4190669,Daniel Grove Church,,,31.49689,-81.46094,CH,GA,191,McIntosh,Georgia Coast
4190671,Daniel Grove Church (historical),,,31.51855,-81.46149,CH,GA,191,McIntosh,Georgia Coast
4190744,Darien,,,31.37023,-81.43399,PPL,GA,191,McIntosh,Georgia Coast
4190746,Darien Creek,,,31.37245,-81.44538,STM,GA,191,McIntosh,Georgia Coast
4190748,Darien Post Office,,,31.36884,-81.4351,PO,GA,191,McIntosh,Georgia Coast
4190749,Darien Public School,,,31.36884,-81.4301,SCH,GA,191,McIntosh,Georgia Coast
4190750,Darien River,,,31.36634,-81.36399,STM,GA,191,McIntosh,Georgia Coast
4190751,Darien Heights,,,31.3755,-81.42677,PPLX,GA,191,McIntosh,Georgia Coast
4190752,Dark Creek,,,31.453,-81.32871,STM,GA,191,McIntosh,Georgia Coast
4190850,Davis Cemetery,,,31.63272,-81.43955,CMTY,GA,191,McIntosh,Georgia Coast
4191064,Dead River,,,31.41495,-81.35371,INLT,GA,191,McIntosh,Georgia Coast
4191080,Dean Creek,,,31.38586,-81.28201,STM,GA,191,McIntosh,Georgia Coast
4191440,Dick Swift Creek,,,31.40717,-81.56011,STM,GA,191,McIntosh,Georgia Coast
4191467,Dicks Island,,,31.53605,-81.66567,ISL,GA,191,McIntosh,Georgia Coast
4191576,Dixie School (historical),,,31.50522,-81.58789,SCH,GA,191,McIntosh,Georgia Coast
4191621,Doboy (historical),,,31.39856,-81.32788,PPLQ,GA,191,McIntosh,Georgia Coast
4191622,Doboy Island,,,31.39995,-81.32343,ISL,GA,191,McIntosh,Georgia Coast
4191623,Doboy Sound,,,31.39439,-81.29843,BAY,GA,191,McIntosh,Georgia Coast
4191683,Dog Hammock,,,31.528,-81.2676,ISL,GA,191,McIntosh,Georgia Coast
4191684,Dog Hammock Spit,,,31.53744,-81.25426,BAR,GA,191,McIntosh,Georgia Coast
4191721,Dolbow Island,,,31.31495,-81.32899,ISL,GA,191,McIntosh,Georgia Coast
4192241,Duck Wallow,,,31.38456,-81.5002,LK,GA,191,McIntosh,Georgia Coast
4192390,Duplin River,,,31.41439,-81.3001,STM,GA,191,McIntosh,Georgia Coast
4192498,Eagle Creek,,,31.50967,-81.27676,STM,GA,191,McIntosh,Georgia Coast
4192508,Eagle Neck,,,31.61772,-81.29621,CAPE,GA,191,McIntosh,Georgia Coast
4192509,Eagle Neck Airport,,,31.64178,-81.32805,AIRP,GA,191,McIntosh,Georgia Coast
4192654,East Light Church,,,31.47244,-81.40843,CH,GA,191,McIntosh,Georgia Coast
4192838,Ebenezer Cemetery,,,31.49383,-81.44844,CMTY,GA,191,McIntosh,Georgia Coast
4192884,Ebenezer Church,,,31.49411,-81.44816,CH,GA,191,McIntosh,Georgia Coast
4192945,Eden Field Airport (historical),,,31.41289,-81.43717,AIRQ,GA,191,McIntosh,Georgia Coast
4193047,Egg Island,,,31.30467,-81.30148,ISL,GA,191,McIntosh,Georgia Coast
4193293,Elm Grove Church,,,31.46217,-81.37038,CH,GA,191,McIntosh,Georgia Coast
4193321,Emanuel Baptist Church,,,31.42772,-81.39343,CH,GA,191,McIntosh,Georgia Coast
4193508,Enterprise Church,,,31.57716,-81.39121,CH,GA,191,McIntosh,Georgia Coast
4193670,Eulonia,,,31.53328,-81.42705,PPL,GA,191,McIntosh,Georgia Coast
4193671,Eulonia School,,,31.50133,-81.44399,SCH,GA,191,McIntosh,Georgia Coast
4193832,Exit 10,,,31.39634,-81.44899,RDJCT,GA,191,McIntosh,Georgia Coast
4193835,Exit 11,,,31.53216,-81.4451,RDJCT,GA,191,McIntosh,Georgia Coast
4194170,Fairhope,,,31.53744,-81.38871,PPL,GA,191,McIntosh,Georgia Coast
4194205,Fairview,,,31.37717,-81.42455,PPLX,GA,191,McIntosh,Georgia Coast
4194271,Faith Bible Chapel,,,31.39328,-81.40982,CH,GA,191,McIntosh,Georgia Coast
4194716,First African Baptist Church,,,31.37134,-81.43288,CH,GA,191,McIntosh,Georgia Coast
4194726,First African Church,,,31.46911,-81.37538,CH,GA,191,McIntosh,Georgia Coast
4194727,First African Church,,,31.64855,-81.49372,CH,GA,191,McIntosh,Georgia Coast
4194809,First Baptist Church,,,31.37217,-81.43427,CH,GA,191,McIntosh,Georgia Coast
4194991,First Methodist Church,,,31.36911,-81.43316,CH,GA,191,McIntosh,Georgia Coast
4195042,First Presbyterian Church,,,31.37189,-81.43621,CH,GA,191,McIntosh,Georgia Coast
4195151,Fishing Hammock,,,31.44745,-81.28815,ISL,GA,191,McIntosh,Georgia Coast
4195153,Fishing Lake,,,31.45772,-81.59068,LK,GA,191,McIntosh,Georgia Coast
4195243,Flag Pond,,,31.52123,-81.198,LK,GA,191,McIntosh,Georgia Coast
4195486,Flora Bottom,,,31.41245,-81.27121,PLN,GA,191,McIntosh,Georgia Coast
4195604,Folly River,,,31.42022,-81.33982,INLT,GA,191,McIntosh,Georgia Coast
4195787,Fort Barrington Ferry (historical),,,31.48105,-81.61872,RDJCT,GA,191,McIntosh,Georgia Coast
4195788,Fort Barrington Landing,,,31.4805,-81.61566,,GA,191,McIntosh,Georgia Coast
4195833,Fort King George State Historic Site,,,31.36495,-81.41454,PRK,GA,191,McIntosh,Georgia Coast
4195860,Fort Point,,,31.64466,-81.38538,CAPE,GA,191,McIntosh,Georgia Coast
4195978,Fourmile Point,,,31.53578,-81.29454,CAPE,GA,191,McIntosh,Georgia Coast
4195985,Fourmile Island,,,31.54689,-81.29399,ISL,GA,191,McIntosh,Georgia Coast
4196027,Fox Creek,,,31.41828,-81.34288,STM,GA,191,McIntosh,Georgia Coast
4196180,Freecastle Swamp,,,31.50911,-81.51177,SWMP,GA,191,McIntosh,Georgia Coast
4196244,Fridaycap Creek,,,31.31356,-81.40843,STM,GA,191,McIntosh,Georgia Coast
4196353,Friendship Church,,,31.62328,-81.28316,CH,GA,191,McIntosh,Georgia Coast
4196437,Front River,,,31.52355,-81.29232,STM,GA,191,McIntosh,Georgia Coast
4196518,Fulton Creek,,,31.39634,-81.52816,STM,GA,191,McIntosh,Georgia Coast
4196522,Fulton Ridge,,,31.41383,-81.54177,RDGE,GA,191,McIntosh,Georgia Coast
4196658,Gamecock Lake,,,31.4489,-81.61492,LK,GA,191,McIntosh,Georgia Coast
4196861,Generals Cut,,,31.35967,-81.43677,INLT,GA,191,McIntosh,Georgia Coast
4197721,Gould Branch Church,,,31.58328,-81.31316,CH,GA,191,McIntosh,Georgia Coast
4197722,Gould Cemetery,,,31.62383,-81.26343,CMTY,GA,191,McIntosh,Georgia Coast
4197727,Gould Landing,,,31.62216,-81.26232,,GA,191,McIntosh,Georgia Coast
4197745,Grace Baptist Church,,,31.36967,-81.43205,CH,GA,191,McIntosh,Georgia Coast
4197863,Grant Chapel Presbyterian Church,,,31.37189,-81.43343,CH,GA,191,McIntosh,Georgia Coast
4197872,Grant New Church,,,31.65994,-81.46761,CH,GA,191,McIntosh,Georgia Coast
4198794,Halfmoon Bluff,,,31.42245,-81.56594,CLF,GA,191,McIntosh,Georgia Coast
4198935,Hammersmith Creek,,,31.34023,-81.48288,CHN,GA,191,McIntosh,Georgia Coast
4198948,Hammock Ridge,,,31.42356,-81.54788,RDGE,GA,191,McIntosh,Georgia Coast
4199183,Hardshell Church,,,31.48883,-81.57483,CH,GA,191,McIntosh,Georgia Coast
4199349,Harper Lake,,,31.47135,-81.60714,LK,GA,191,McIntosh,Georgia Coast
4199446,Harris Neck,,,31.58689,-81.2851,CAPE,GA,191,McIntosh,Georgia Coast
4199447,Harris Neck Airport (historical),,,31.63994,-81.27149,AIRQ,GA,191,McIntosh,Georgia Coast
4199448,Harris Neck Army Air Field (historical),,,31.63972,-81.27167,INSM,GA,191,McIntosh,Georgia Coast
4199449,Harris Neck Creek,,,31.60605,-81.29066,STM,GA,191,McIntosh,Georgia Coast
4199470,Harris Neck National Wildlife Refuge,,,31.63334,-81.26862,PRK,GA,191,McIntosh,Georgia Coast
4200386,High Point,,,31.52994,-81.23565,CAPE,GA,191,McIntosh,Georgia Coast
4200713,Hird Island,,,31.39217,-81.3801,ISL,GA,191,McIntosh,Georgia Coast
4200714,Hird Island Creek,,,31.38745,-81.38065,INLT,GA,191,McIntosh,Georgia Coast
4200817,Hog Hammock,,,31.42384,-81.26204,ISL,GA,191,McIntosh,Georgia Coast
4200956,Holland Cemetery,,,31.46328,-81.54455,CMTY,GA,191,McIntosh,Georgia Coast
4200961,Holland Creek,,,31.39439,-81.53455,STM,GA,191,McIntosh,Georgia Coast
4200963,Holland Landing,,,31.43328,-81.50816,,GA,191,McIntosh,Georgia Coast
4201117,Holy Church,,,31.40134,-81.43121,CH,GA,191,McIntosh,Georgia Coast
4201184,Honeymoon Creek,,,31.53106,-81.20843,STM,GA,191,McIntosh,Georgia Coast
4201316,Hopkins Cemetery,,,31.52022,-81.36288,CMTY,GA,191,McIntosh,Georgia Coast
4201346,Hornsby Creek,,,31.39245,-81.56372,STM,GA,191,McIntosh,Georgia Coast
4201457,Horsepen Island,,,31.63188,-81.45066,ISL,GA,191,McIntosh,Georgia Coast
4201472,Hospital Creek,,,31.37189,-81.29898,INLT,GA,191,McIntosh,Georgia Coast
4201633,Hudson Cemetery,,,31.44772,-81.38316,CMTY,GA,191,McIntosh,Georgia Coast
4201634,Hudson Creek,,,31.44745,-81.3426,STM,GA,191,McIntosh,Georgia Coast
4201870,Hutchinson Cemetery,,,31.45439,-81.3801,CMTY,GA,191,McIntosh,Georgia Coast
4201899,Huxford,,,31.55939,-81.51011,PPL,GA,191,McIntosh,Georgia Coast
4201903,Ida Hilton Free Library,,,31.36884,-81.43427,LIBR,GA,191,McIntosh,Georgia Coast
4201965,Indian Cemetery,,,31.36995,-81.41427,CMTY,GA,191,McIntosh,Georgia Coast
4202225,Intracoastal Waterway,,,31.53689,-81.26732,CHN,GA,191,McIntosh,Georgia Coast
4202396,Jack Hammock,,,31.46328,-81.28815,ISL,GA,191,McIntosh,Georgia Coast
4202408,Jackie Camp Swamp,,,31.5455,-81.50511,SWMP,GA,191,McIntosh,Georgia Coast
4202695,Jefferson Square (historical),,,31.36606,-81.42288,PRK,GA,191,McIntosh,Georgia Coast
4203118,Jones,,,31.63383,-81.48011,PPL,GA,191,McIntosh,Georgia Coast
4203311,Jones Temple,,,31.64216,-81.48789,CH,GA,191,McIntosh,Georgia Coast
4203438,Julienton,,,31.5605,-81.30177,PPL,GA,191,McIntosh,Georgia Coast
4203439,Julienton Cemetery,,,31.55744,-81.30204,CMTY,GA,191,McIntosh,Georgia Coast
4203440,Julienton River,,,31.5505,-81.27204,STM,GA,191,McIntosh,Georgia Coast
4203451,July Cut,,,31.53078,-81.34066,CHN,GA,191,McIntosh,Georgia Coast
4203635,Kenan Field,,,31.45522,-81.27565,PLN,GA,191,McIntosh,Georgia Coast
4203871,King Cemetery,,,31.43189,-81.40038,CMTY,GA,191,McIntosh,Georgia Coast
4203894,King Savannah,,,31.47939,-81.23482,PLN,GA,191,McIntosh,Georgia Coast
4203903,King Swamp,,,31.47633,-81.43621,SWMP,GA,191,McIntosh,Georgia Coast
4205285,Lebanon Cemetery,,,31.64133,-81.34121,CMTY,GA,191,McIntosh,Georgia Coast
4205505,Lewis Creek,,,31.37884,-81.49288,STM,GA,191,McIntosh,Georgia Coast
4205509,Lewis Island,,,31.38522,-81.52094,ISL,GA,191,McIntosh,Georgia Coast
4205715,Lighthouse Creek,,,31.39322,-81.2878,STM,GA,191,McIntosh,Georgia Coast
4205840,Line Lake,,,31.4353,-81.58431,LK,GA,191,McIntosh,Georgia Coast
4205923,Little Bay Hammock,,,31.50606,-81.21176,ISL,GA,191,McIntosh,Georgia Coast
4205962,Little Broughton Island,,,31.29856,-81.40454,ISL,GA,191,McIntosh,Georgia Coast
4205980,Little Buzzard Creek,,,31.38884,-81.51788,INLT,GA,191,McIntosh,Georgia Coast
4206094,Little Egg Island,,,31.31551,-81.29926,ISL,GA,191,McIntosh,Georgia Coast
4206190,Little Moses Hammock,,,31.47578,-81.27426,ISL,GA,191,McIntosh,Georgia Coast
4206200,Little Mud River,,,31.34828,-81.32815,CHN,GA,191,McIntosh,Georgia Coast
4206201,Little Mud River,,,31.553,-81.25537,STM,GA,191,McIntosh,Georgia Coast
4206314,Little Sapelo Island,,,31.42856,-81.3001,ISL,GA,191,McIntosh,Georgia Coast
4206736,Long Reach,,,31.35939,-81.39038,CHN,GA,191,McIntosh,Georgia Coast
4206739,Long Ridge,,,31.42356,-81.559,RDGE,GA,191,McIntosh,Georgia Coast
4207121,Lumber Landing,,,31.46245,-81.27287,,GA,191,McIntosh,Georgia Coast
4207659,Manning Cemetery,,,31.44661,-81.53955,CMTY,GA,191,McIntosh,Georgia Coast
4207867,Marsh Creek,,,31.47439,-81.29732,STM,GA,191,McIntosh,Georgia Coast
4207871,Marsh Landing,,,31.41717,-81.29565,,GA,191,McIntosh,Georgia Coast
4208019,Mary Creek,,,31.45272,-81.3026,STM,GA,191,McIntosh,Georgia Coast
4208023,Mary Hammock,,,31.44606,-81.29399,ISL,GA,191,McIntosh,Georgia Coast
4208040,Marys Lake,,,31.43528,-81.59718,LK,GA,191,McIntosh,Georgia Coast
4208197,May Hall Creek,,,31.37245,-81.39399,INLT,GA,191,McIntosh,Georgia Coast
4208198,May Hall Island,,,31.36773,-81.38621,ISL,GA,191,McIntosh,Georgia Coast
4208310,McClendon Creek,,,31.428,-81.50649,STM,GA,191,McIntosh,Georgia Coast
4208315,McClendon School (historical),,,31.4405,-81.53372,SCH,GA,191,McIntosh,Georgia Coast
4208316,McClendon Swamp,,,31.43717,-81.53288,SWMP,GA,191,McIntosh,Georgia Coast
4208324,McCloy Creek,,,31.52272,-81.22065,STM,GA,191,McIntosh,Georgia Coast
4208541,McIntosh Cemetery,,,31.61911,-81.40149,CMTY,GA,191,McIntosh,Georgia Coast
4208544,McIntosh County,,,31.48381,-81.37557,ADM2,GA,191,McIntosh,Georgia Coast
4208545,McIntosh County Academy,,,31.44042,-81.43112,SCH,GA,191,McIntosh,Georgia Coast
4208546,McIntosh County Courthouse,,,31.36884,-81.43455,BLDG,GA,191,McIntosh,Georgia Coast
4208547,McIntosh County Jail,,,31.41691,-81.45603,BLDG,GA,191,McIntosh,Georgia Coast
4208943,Meridian,,,31.45189,-81.37788,PPL,GA,191,McIntosh,Georgia Coast
4209510,Miller Lake Cut Off,,,31.53466,-81.66317,CHN,GA,191,McIntosh,Georgia Coast
4209670,Minnow Creek,,,31.36439,-81.50566,CHN,GA,191,McIntosh,Georgia Coast
4210113,Morgan Chapel,,,31.57605,-81.39121,CH,GA,191,McIntosh,Georgia Coast
4210275,Mose Lake,,,31.44767,-81.58789,LK,GA,191,McIntosh,Georgia Coast
4210291,Moses Hammock,,,31.47939,-81.27093,ISL,GA,191,McIntosh,Georgia Coast
4211544,Mud River,,,31.53522,-81.24204,STM,GA,191,McIntosh,Georgia Coast
4211835,Nanny Goat Beach,,,31.3955,-81.26176,BCH,GA,191,McIntosh,Georgia Coast
4211945,Nelson Cemetery,,,31.61577,-81.33677,CMTY,GA,191,McIntosh,Georgia Coast
4211968,Nelsons Bluff,,,31.48828,-81.20787,CLF,GA,191,McIntosh,Georgia Coast
4212190,New Homes Church,,,31.48578,-81.39371,CH,GA,191,McIntosh,Georgia Coast
4212598,New Teakettle Creek,,,31.46439,-81.29871,CHN,GA,191,McIntosh,Georgia Coast
4213113,North Pond,,,31.52106,-81.20691,RSV,GA,191,McIntosh,Georgia Coast
4213155,North River,,,31.40134,-81.34593,CHN,GA,191,McIntosh,Georgia Coast
4213169,North-South Reach,,,31.35412,-81.41316,CHN,GA,191,McIntosh,Georgia Coast
4213190,Northeast Point,,,31.51967,-81.17482,CAPE,GA,191,McIntosh,Georgia Coast
4213790,Oberry Bar,,,31.53189,-81.65511,BAR,GA,191,McIntosh,Georgia Coast
4213920,Oglethorpe Academy,,,31.39384,-81.42843,SCH,GA,191,McIntosh,Georgia Coast
4213951,Oglethorpe Square,,,31.368,-81.4301,PRK,GA,191,McIntosh,Georgia Coast
4214053,Old Darien River,,,31.39273,-81.34843,CHN,GA,191,McIntosh,Georgia Coast
4214084,Old Fort Barrington,,,31.48161,-81.61594,,GA,191,McIntosh,Georgia Coast
4214086,Old Fort King George,,,31.3655,-81.41538,,GA,191,McIntosh,Georgia Coast
4214113,Old Field Joyner,,,31.39995,-81.52177,PLN,GA,191,McIntosh,Georgia Coast
4214179,Old Sailors Burying Ground,,,31.43328,-81.32149,CMTY,GA,191,McIntosh,Georgia Coast
4214203,Old Teakettle Creek,,,31.45633,-81.31954,CHN,GA,191,McIntosh,Georgia Coast
4214230,Old Womans Pocket,,,31.41578,-81.5865,STMB,GA,191,McIntosh,Georgia Coast
4214240,Oldnor Island,,,31.57744,-81.20843,ISL,GA,191,McIntosh,Georgia Coast
4214268,Oldnor Basin,,,31.558,-81.20926,BSNU,GA,191,McIntosh,Georgia Coast
4214311,Onemile Cut,,,31.32495,-81.37038,STMB,GA,191,McIntosh,Georgia Coast
4214347,Opossum Landing,,,31.42856,-81.57344,,GA,191,McIntosh,Georgia Coast
4214348,Opossum Point,,,31.42828,-81.57233,CAPE,GA,191,McIntosh,Georgia Coast
4214349,Opossum Point Lake,,,31.4283,-81.57371,LK,GA,191,McIntosh,Georgia Coast
4214408,Oscar Swamp,,,31.59508,-81.4473,SWMP,GA,191,McIntosh,Georgia Coast
4214433,Otter Creek,,,31.41883,-81.49733,STM,GA,191,McIntosh,Georgia Coast
4214551,Oyster Shell,,,31.42328,-81.57622,MT,GA,191,McIntosh,Georgia Coast
4214968,Patterson Island,,,31.46161,-81.33788,ISL,GA,191,McIntosh,Georgia Coast
4214969,Patterson Island Airport,,,31.46163,-81.33802,AIRP,GA,191,McIntosh,Georgia Coast
4215176,Pease Point,,,31.443,-81.36843,CAPE,GA,191,McIntosh,Georgia Coast
4215663,Pico Creek,,,31.38189,-81.53733,INLT,GA,191,McIntosh,Georgia Coast
4215664,Pico Cut,,,31.35439,-81.42177,STMB,GA,191,McIntosh,Georgia Coast
4215665,Pico Island,,,31.35995,-81.4176,ISL,GA,191,McIntosh,Georgia Coast
4215666,Pico Reach,,,31.37884,-81.54011,CHN,GA,191,McIntosh,Georgia Coast
4215760,Pilcher Pond,,,31.4796,-81.59562,LK,GA,191,McIntosh,Georgia Coast
4215793,Pilcher Hill,,,31.47717,-81.59511,MT,GA,191,McIntosh,Georgia Coast
4215934,Pine Harbor,,,31.54744,-81.37538,PPL,GA,191,McIntosh,Georgia Coast
4215975,Pine Hill Swamp,,,31.51344,-81.45296,SWMP,GA,191,McIntosh,Georgia Coast
4215985,Pine Island,,,31.388,-81.39427,ISL,GA,191,McIntosh,Georgia Coast
4215992,Pine Joyner,,,31.40439,-81.51399,PLN,GA,191,McIntosh,Georgia Coast
4216295,Piney Island,,,31.37467,-81.48427,ISL,GA,191,McIntosh,Georgia Coast
4216804,Plum Orchard Cemetery,,,31.49939,-81.60789,CMTY,GA,191,McIntosh,Georgia Coast
4216826,Pocket Lake,,,31.41809,-81.59034,LK,GA,191,McIntosh,Georgia Coast
4217144,Post Office Creek,,,31.43245,-81.28287,INLT,GA,191,McIntosh,Georgia Coast
4217180,Potosi Island,,,31.38161,-81.45232,ISL,GA,191,McIntosh,Georgia Coast
4217234,Powell Cemetery,,,31.39578,-81.40427,CMTY,GA,191,McIntosh,Georgia Coast
4217447,Prospect Church,,,31.50744,-81.37705,CH,GA,191,McIntosh,Georgia Coast
4217585,Pumpkin Hammock,,,31.45467,-81.28704,ISL,GA,191,McIntosh,Georgia Coast
4217691,Queens Island,,,31.37717,-81.31787,ISL,GA,191,McIntosh,Georgia Coast
4217740,Rabbit Island,,,31.33662,-81.41093,ISL,GA,191,McIntosh,Georgia Coast
4217761,Raccoon Bluff,,,31.46606,-81.23509,PPL,GA,191,McIntosh,Georgia Coast
4218047,Reaphook Bend,,,31.37411,-81.46983,STMB,GA,191,McIntosh,Georgia Coast
4218610,Rhetts Island,,,31.36689,-81.45399,ISL,GA,191,McIntosh,Georgia Coast
4218615,Reynolds Duck Pond,,,31.508,-81.23732,LK,GA,191,McIntosh,Georgia Coast
4218692,Richard J Reynolds State Wildlife Refuge,,,31.46689,-81.25704,PRK,GA,191,McIntosh,Georgia Coast
4218790,Ridge River Mouth,,,31.51439,-81.29899,STM,GA,191,McIntosh,Georgia Coast
4218807,Ridgeville,,,31.40634,-81.40149,PPL,GA,191,McIntosh,Georgia Coast
4218842,Rifle Cut,,,31.37689,-81.47371,INLT,GA,191,McIntosh,Georgia Coast
4219261,Robson Cemetery,,,31.47772,-81.49205,CMTY,GA,191,McIntosh,Georgia Coast
4219366,Rock Island,,,31.41384,-81.33038,ISL,GA,191,McIntosh,Georgia Coast
4219442,Rockdedundy Island,,,31.34884,-81.35676,ISL,GA,191,McIntosh,Georgia Coast
4219443,Rockdedundy River,,,31.37162,-81.34843,CHN,GA,191,McIntosh,Georgia Coast
4219444,Rockenboughs Creek,,,31.39995,-81.38982,STM,GA,191,McIntosh,Georgia Coast
4219986,Round Lake,,,31.50691,-81.64301,LK,GA,191,McIntosh,Georgia Coast
4220097,Rubin Lake,,,31.46955,-81.60886,LK,GA,191,McIntosh,Georgia Coast
4220299,Saint Andrews Cemetery,,,31.37939,-81.41288,CMTY,GA,191,McIntosh,Georgia Coast
4220308,Saint Andrews Episcopal Church,,,31.36773,-81.4326,CH,GA,191,McIntosh,Georgia Coast
4220347,Saint Cyprians Church,,,31.36661,-81.43205,CH,GA,191,McIntosh,Georgia Coast
4220414,Saint James Church,,,31.65327,-81.49039,CH,GA,191,McIntosh,Georgia Coast
4220456,Saint Johns Baptist Church,,,31.37356,-81.43427,CH,GA,191,McIntosh,Georgia Coast
4220609,Saint Marks Church,,,31.46633,-81.44344,CH,GA,191,McIntosh,Georgia Coast
4221095,Sams Memorial Church,,,31.48328,-81.40038,CH,GA,191,McIntosh,Georgia Coast
4221213,Sandhill Bay,,,31.47474,-81.58033,SWMP,GA,191,McIntosh,Georgia Coast
4221358,Sapelo Island,,,31.47745,-81.24176,ISL,GA,191,McIntosh,Georgia Coast
4221359,Sapelo Island Airport,,,31.42663,-81.2846,AIRP,GA,191,McIntosh,Georgia Coast
4221360,Sapelo Island National Estuarine Sanctuary,,,31.45439,-81.28732,PRK,GA,191,McIntosh,Georgia Coast
4221361,Sapelo Island School,,,31.42522,-81.26537,SCH,GA,191,McIntosh,Georgia Coast
4221362,Sapelo River,,,31.53633,-81.27704,STM,GA,191,McIntosh,Georgia Coast
4221369,Sapelo Sound,,,31.5455,-81.21676,BAY,GA,191,McIntosh,Georgia Coast
4221562,Savannah Cut,,,31.54078,-81.35149,CHN,GA,191,McIntosh,Georgia Coast
4221773,Scrub Lake,,,31.43344,-81.58016,LK,GA,191,McIntosh,Georgia Coast
4221805,Sea Islands,,,31.50161,-81.1262,ISL,GA,191,McIntosh,Georgia Coast
4221874,Second Credit Hill Church,,,31.51161,-81.49955,CH,GA,191,McIntosh,Georgia Coast
4221896,Second Woodland Church,,,31.44967,-81.55288,CH,GA,191,McIntosh,Georgia Coast
4222327,Shell Creek,,,31.56328,-81.25787,STM,GA,191,McIntosh,Georgia Coast
4222335,Shellman Bluff,,,31.57272,-81.32316,PPL,GA,191,McIntosh,Georgia Coast
4222341,Shellbluff River,,,31.47578,-81.33621,CHN,GA,191,McIntosh,Georgia Coast
4222632,Shoal Creek,,,31.46022,-81.31288,INLT,GA,191,McIntosh,Georgia Coast
4222695,Shorter Chapel,,,31.51522,-81.43483,CH,GA,191,McIntosh,Georgia Coast
4223224,Smith Lake,,,31.48632,-81.62634,LK,GA,191,McIntosh,Georgia Coast
4223453,Snuff Box Canal,,,31.55633,-81.6015,CNL,GA,191,McIntosh,Georgia Coast
4223454,Snuff Box Swamp,,,31.47195,-81.5021,SWMP,GA,191,McIntosh,Georgia Coast
4223455,Snuff Box Swamp,,,31.52883,-81.55344,SWMP,GA,191,McIntosh,Georgia Coast
4223552,South Branch South Altamaha River,,,31.35606,-81.51483,CHN,GA,191,McIntosh,Georgia Coast
4223661,South Newport,,,31.63494,-81.39622,PPL,GA,191,McIntosh,Georgia Coast
4223662,South Newport Church,,,31.61355,-81.40038,CH,GA,191,McIntosh,Georgia Coast
4223664,South Newport River,,,31.55467,-81.19454,STM,GA,191,McIntosh,Georgia Coast
4223707,South River,,,31.36717,-81.30982,CHN,GA,191,McIntosh,Georgia Coast
4224113,Spring Lake,,,31.51954,-81.6407,LK,GA,191,McIntosh,Georgia Coast
4224976,Stud Horse Creek,,,31.39022,-81.54094,INLT,GA,191,McIntosh,Georgia Coast
4225298,Sutherland Bluff,,,31.54939,-81.32843,CLF,GA,191,McIntosh,Georgia Coast
4225334,Swain River,,,31.61883,-81.22204,STM,GA,191,McIntosh,Georgia Coast
4225378,The Sweatbox,,,31.47467,-81.61066,AREA,GA,191,McIntosh,Georgia Coast
4226320,Thomas Landing,,,31.64105,-81.25677,PPL,GA,191,McIntosh,Georgia Coast
4226493,Threemile Cut,,,31.34828,-81.38399,CHN,GA,191,McIntosh,Georgia Coast
4226529,Tide Rips,,,31.55522,-81.22732,AREA,GA,191,McIntosh,Georgia Coast
4226737,Todd River,,,31.55856,-81.2151,STM,GA,191,McIntosh,Georgia Coast
4226741,Todd Grant Elementary School,,,31.3791,-81.43529,SCH,GA,191,McIntosh,Georgia Coast
4226752,Tolomato Spanish Mission Ruins,,,31.42856,-81.38454,,GA,191,McIntosh,Georgia Coast
4226920,Townsend,,,31.53939,-81.52261,PPL,GA,191,McIntosh,Georgia Coast
4226921,Townsend Air Strip,,,31.54328,-81.53483,AIRP,GA,191,McIntosh,Georgia Coast
4226922,Townsend Baptist Church,,,31.53911,-81.52233,CH,GA,191,McIntosh,Georgia Coast
4227165,Troup Cemetery,,,31.53467,-81.36343,CMTY,GA,191,McIntosh,Georgia Coast
4227372,Turn of the Swamp,,,31.48328,-81.609,AREA,GA,191,McIntosh,Georgia Coast
4227753,Union Church,,,31.46411,-81.43844,CH,GA,191,McIntosh,Georgia Coast
4227864,Union Island,,,31.40384,-81.3876,ISL,GA,191,McIntosh,Georgia Coast
4227998,University of Georgia Marine Institute,,,31.39763,-81.28037,SCH,GA,191,McIntosh,Georgia Coast
4228066,Upper Mill Cemetery,,,31.38134,-81.43593,CMTY,GA,191,McIntosh,Georgia Coast
4228067,Upper Old Soldier,,,31.37661,-81.53261,SWMP,GA,191,McIntosh,Georgia Coast
4228161,Valentine Creek,,,31.39356,-81.55177,INLT,GA,191,McIntosh,Georgia Coast
4228197,Valona,,,31.47828,-81.34399,PPL,GA,191,McIntosh,Georgia Coast
4228335,Vernon Baptist Church,,,31.368,-81.43232,CH,GA,191,McIntosh,Georgia Coast
4228342,Vernon Square-Columbus Square Historic District,,,31.36967,-81.43232,PRK,GA,191,McIntosh,Georgia Coast
4228344,Vernon Square,,,31.36856,-81.4326,PRK,GA,191,McIntosh,Georgia Coast
4228703,WGCO-FM (Jesup),,,31.61272,-81.3601,TOWR,GA,191,McIntosh,Georgia Coast
4229099,Wahoo Island,,,31.60689,-81.21843,ISL,GA,191,McIntosh,Georgia Coast
4229100,Wahoo River,,,31.58939,-81.19982,STM,GA,191,McIntosh,Georgia Coast
4229286,Wallace Cemetery,,,31.57078,-81.36844,CMTY,GA,191,McIntosh,Georgia Coast
4229525,Warsaw,,,31.58994,-81.49511,PPL,GA,191,McIntosh,Georgia Coast
4229779,Wayfarer Church,,,31.49133,-81.57427,CH,GA,191,McIntosh,Georgia Coast
4229898,Weed Island,,,31.39411,-81.54649,ISL,GA,191,McIntosh,Georgia Coast
4229936,Welcome Church,,,31.58189,-81.37982,CH,GA,191,McIntosh,Georgia Coast
4230012,Werriats Island,,,31.38328,-81.54177,ISL,GA,191,McIntosh,Georgia Coast
4230078,Wesley Horn,,,31.37634,-81.55066,STMB,GA,191,McIntosh,Georgia Coast
4230080,Wesley Lake,,,31.51256,-81.63908,LK,GA,191,McIntosh,Georgia Coast
4230548,Whispering Pines Cemetery,,,31.39439,-81.42066,CMTY,GA,191,McIntosh,Georgia Coast
4230589,White Chimney River,,,31.54883,-81.34093,STM,GA,191,McIntosh,Georgia Coast
4231631,Wolf Creek,,,31.35439,-81.30704,CHN,GA,191,McIntosh,Georgia Coast
4231654,Wolf Island National Wildlife Refuge,,,31.34222,-81.32377,PRK,GA,191,McIntosh,Georgia Coast
4231655,Wolf Island Spit,,,31.36412,-81.28648,BAR,GA,191,McIntosh,Georgia Coast
4231656,Wolf Island Wilderness,,,31.34222,-81.32314,RES,GA,191,McIntosh,Georgia Coast
4231660,Wolf Island,,,31.34634,-81.3076,ISL,GA,191,McIntosh,Georgia Coast
4231712,Wood Cut,,,31.33495,-81.44343,CHN,GA,191,McIntosh,Georgia Coast
4232039,Wrights Island,,,31.35967,-81.50399,ISL,GA,191,McIntosh,Georgia Coast
4232236,Young Island Church,,,31.58161,-81.44761,CH,GA,191,McIntosh,Georgia Coast
4232264,Youngs Cemetery,,,31.58216,-81.44649,CMTY,GA,191,McIntosh,Georgia Coast
4232271,Youngs Island,,,31.58272,-81.44872,ISL,GA,191,McIntosh,Georgia Coast
4232280,Youngs Swamp,,,31.53223,-81.47329,SWMP,GA,191,McIntosh,Georgia Coast
4179301,Alabaha Cemetery,,,31.36605,-82.28596,CMTY,GA,229,Pierce,Georgia Coast
4179302,Alabaha Freewill Baptist Church,,,31.36605,-82.28596,CH,GA,229,Pierce,Georgia Coast
4179303,Alabaha River,,,31.25883,-82.14012,STM,GA,229,Pierce,Georgia Coast
4179359,Alabaha School (historical),,,31.3691,-82.32846,SCH,GA,229,Pierce,Georgia Coast
4180333,Ashley Cemetery,,,31.47188,-82.17373,CMTY,GA,229,Pierce,Georgia Coast
4180364,Aspinwall,,,31.43494,-82.17401,PPL,GA,229,Pierce,Georgia Coast
4180365,Aspinwall Cemetery,,,31.46466,-82.14762,CMTY,GA,229,Pierce,Georgia Coast
4181344,Baxley School (historical),,,31.31577,-82.36068,SCH,GA,229,Pierce,Georgia Coast
4181348,Baxter Branch,,,31.29466,-82.22068,STM,GA,229,Pierce,Georgia Coast
4181352,Baxter Bridge (historical),,,31.29661,-82.22373,BDG,GA,229,Pierce,Georgia Coast
4181970,Ben James Cemetery,,,31.26466,-82.33179,CMTY,GA,229,Pierce,Georgia Coast
4181971,Ben James Church,,,31.26494,-82.33235,CH,GA,229,Pierce,Georgia Coast
4182602,Bethlehem Primitive Baptist Church,,,31.38077,-82.13456,CH,GA,229,Pierce,Georgia Coast
4182681,Beulah Cemetery,,,31.39216,-82.39569,CMTY,GA,229,Pierce,Georgia Coast
4182695,Beulah Church,,,31.39188,-82.39513,CH,GA,229,Pierce,Georgia Coast
4182721,Beulah School (historical),,,31.34772,-82.21873,SCH,GA,229,Pierce,Georgia Coast
4182910,Big Creek,,,31.38688,-82.24429,STM,GA,229,Pierce,Georgia Coast
4183113,Bird Cemetery,,,31.47216,-82.1954,CMTY,GA,229,Pierce,Georgia Coast
4183305,Blackshear,,,31.30605,-82.24207,PPLA2,GA,229,Pierce,Georgia Coast
4183308,Blackshear City Hall,,,31.30244,-82.24095,BLDG,GA,229,Pierce,Georgia Coast
4183309,Blackshear Grammar School,,,31.29939,-82.23595,SCH,GA,229,Pierce,Georgia Coast
4183310,Blackshear High School,,,31.29661,-82.23123,SCH,GA,229,Pierce,Georgia Coast
4183311,Blackshear Memorial Library,,,31.30161,-82.23818,LIBR,GA,229,Pierce,Georgia Coast
4183313,Blackshear Post Office,,,31.30355,-82.23929,PO,GA,229,Pierce,Georgia Coast
4183319,Blackshear Cemetery,,,31.30577,-82.23512,CMTY,GA,229,Pierce,Georgia Coast
4183811,Bonneyman,,,31.24077,-82.31957,,GA,229,Pierce,Georgia Coast
4183883,Boulevard School (historical),,,31.2505,-82.18568,SCH,GA,229,Pierce,Georgia Coast
4184426,Bristol,,,31.44855,-82.21457,PPL,GA,229,Pierce,Georgia Coast
4184427,Bristol Baptist Church,,,31.45549,-82.21873,CH,GA,229,Pierce,Georgia Coast
4184428,Bristol Cemetery,,,31.45549,-82.21846,CMTY,GA,229,Pierce,Georgia Coast
4184652,Brown Branch,,,31.28716,-82.15067,STM,GA,229,Pierce,Georgia Coast
4184764,Browns Cemetery,,,31.27494,-82.21345,CMTY,GA,229,Pierce,Georgia Coast
4185560,Byrum Siding (historical),,,31.4916,-82.28763,,GA,229,Pierce,Georgia Coast
4187025,Center Hill School (historical),,,31.24744,-82.26318,SCH,GA,229,Pierce,Georgia Coast
4187396,Chatham School (historical),,,31.38438,-82.38902,SCH,GA,229,Pierce,Georgia Coast
4187995,Church of God,,,31.31105,-82.24929,CH,GA,229,Pierce,Georgia Coast
4188071,Church of the Living God,,,31.39077,-82.15706,CH,GA,229,Pierce,Georgia Coast
4188264,Clay Hill Cemetery,,,31.47021,-82.11567,CMTY,GA,229,Pierce,Georgia Coast
4190116,Crooked Creek,,,31.46688,-82.21234,STM,GA,229,Pierce,Georgia Coast
4190188,Cross Swamp,,,31.28966,-82.13123,SWMP,GA,229,Pierce,Georgia Coast
4191097,Deans Still (historical),,,31.26133,-82.2929,,GA,229,Pierce,Georgia Coast
4191638,Doctor McKee Hargrett Bridge,,,31.45716,-82.05623,BDG,GA,229,Pierce,Georgia Coast
4192006,Dowling Place,,,31.27744,-82.09345,,GA,229,Pierce,Georgia Coast
4193476,Enon Cemetery,,,31.24161,-82.22679,CMTY,GA,229,Pierce,Georgia Coast
4193486,Enon Church,,,31.24161,-82.22623,CH,GA,229,Pierce,Georgia Coast
4193786,Evergreen Church,,,31.45382,-82.19679,CH,GA,229,Pierce,Georgia Coast
4194850,First Baptist Church of Blackshear,,,31.30716,-82.2429,CH,GA,229,Pierce,Georgia Coast
4194994,First Methodist Church,,,31.30077,-82.23957,CH,GA,229,Pierce,Georgia Coast
4195142,Fishing Creek,,,31.46966,-82.15151,STM,GA,229,Pierce,Georgia Coast
4195147,Fishing Creek Church (historical),,,31.51549,-82.25485,CH,GA,229,Pierce,Georgia Coast
4195736,Daystar Strip,,,31.3757,-82.12769,AIRP,GA,229,Pierce,Georgia Coast
4195919,Foster Cemetery,,,31.46938,-82.11401,CMTY,GA,229,Pierce,Georgia Coast
4196468,Full Gospel Church,,,31.45244,-82.13345,CH,GA,229,Pierce,Georgia Coast
4197029,Gethsemane Cemetery,,,31.40716,-82.14901,CMTY,GA,229,Pierce,Georgia Coast
4197450,Gold Lake,,,31.21883,-82.24012,LK,GA,229,Pierce,Georgia Coast
4197817,Grady Street Elementary School,,,31.31022,-82.24651,SCH,GA,229,Pierce,Georgia Coast
4198326,Griffin Branch,,,31.343,-82.11484,STM,GA,229,Pierce,Georgia Coast
4198705,Hacklebarney Church,,,31.27161,-82.32068,CH,GA,229,Pierce,Georgia Coast
4198706,Hacklebarney Creek,,,31.22633,-82.28818,STM,GA,229,Pierce,Georgia Coast
4199982,Henderson Cemetery,,,31.4041,-82.32707,CMTY,GA,229,Pierce,Georgia Coast
4201152,Homestead,,,31.27605,-82.27707,PPL,GA,229,Pierce,Georgia Coast
4201154,Homestead Church,,,31.27327,-82.2854,CH,GA,229,Pierce,Georgia Coast
4201296,Hopewell Church (historical),,,31.4041,-82.22984,CH,GA,229,Pierce,Georgia Coast
4201307,Hopewell School (historical),,,31.36633,-82.21901,SCH,GA,229,Pierce,Georgia Coast
4201823,Hurricane Creek,,,31.37744,-82.32013,STM,GA,229,Pierce,Georgia Coast
4201835,Hurricane School (historical),,,31.4091,-82.38513,SCH,GA,229,Pierce,Georgia Coast
4201956,Indian Bluff,,,31.27744,-82.09317,CLF,GA,229,Pierce,Georgia Coast
4202341,Ivy Cemetery,,,31.28133,-82.24318,CMTY,GA,229,Pierce,Georgia Coast
4203358,Jordan Lake,,,31.36597,-82.31249,RSV,GA,229,Pierce,Georgia Coast
4203362,Jordan Lake Dam,,,31.36688,-82.31152,DAM,GA,229,Pierce,Georgia Coast
4203404,Jot'Em Down Store,,,31.34272,-82.28457,,GA,229,Pierce,Georgia Coast
4204833,Lakeview Country Club (historical),,,31.28466,-82.22845,RSRT,GA,229,Pierce,Georgia Coast
4204834,Lakeview Country Club Lake,,,31.29189,-82.22484,RSV,GA,229,Pierce,Georgia Coast
4204835,Lakeview Country Club Lake Dam,,,31.29189,-82.22484,DAM,GA,229,Pierce,Georgia Coast
4205103,Laura Chapel,,,31.32522,-82.11873,CH,GA,229,Pierce,Georgia Coast
4205718,Lightsey Bridge (historical),,,31.49993,-82.19651,BDG,GA,229,Pierce,Georgia Coast
4205811,Lindsay Grace Camp,,,31.27244,-82.10428,CMP,GA,229,Pierce,Georgia Coast
4205870,Lions Park,,,31.37772,-82.12206,PRK,GA,229,Pierce,Georgia Coast
4206145,Little Hurricane Creek,,,31.37744,-82.32013,STM,GA,229,Pierce,Georgia Coast
4206625,Long Branch,,,31.33911,-82.14984,STM,GA,229,Pierce,Georgia Coast
4207775,Marian Anderson Library,,,31.3005,-82.25207,LIBR,GA,229,Pierce,Georgia Coast
4207911,Martha Memorial Cemetery,,,31.51549,-82.22735,CMTY,GA,229,Pierce,Georgia Coast
4207912,Martha Memorial Church,,,31.51521,-82.22679,CH,GA,229,Pierce,Georgia Coast
4208037,Marys Chapel (historical),,,31.42021,-82.38041,CH,GA,229,Pierce,Georgia Coast
4208979,Mershon,,,31.4641,-82.25735,PPL,GA,229,Pierce,Georgia Coast
4208980,Mershon Baptist Church,,,31.4634,-82.2587,CH,GA,229,Pierce,Georgia Coast
4208981,Mershon Cemetery,,,31.46632,-82.26235,CMTY,GA,229,Pierce,Georgia Coast
4209182,Midway Church,,,31.24966,-82.2804,CH,GA,229,Pierce,Georgia Coast
4209301,Mill Branch,,,31.40077,-82.35957,STM,GA,229,Pierce,Georgia Coast
4209302,Mill Branch,,,31.47438,-82.20623,STM,GA,229,Pierce,Georgia Coast
4209393,Mill Creek Cemetery,,,31.45049,-82.13845,CMTY,GA,229,Pierce,Georgia Coast
4209401,Mill Creek Church,,,31.45049,-82.13762,CH,GA,229,Pierce,Georgia Coast
4209412,Mill Creek School (historical),,,31.44633,-82.15679,SCH,GA,229,Pierce,Georgia Coast
4210000,Moody Ford,,,31.53077,-82.22929,RDJCT,GA,229,Pierce,Georgia Coast
4211131,Mount Vernon School (historical),,,31.27022,-82.14456,SCH,GA,229,Pierce,Georgia Coast
4211553,Mud Swamp,,,31.32811,-82.10044,SWMP,GA,229,Pierce,Georgia Coast
4212176,New Home Cemetery,,,31.43883,-82.10484,CMTY,GA,229,Pierce,Georgia Coast
4212186,New Home Church,,,31.43883,-82.10401,CH,GA,229,Pierce,Georgia Coast
4212813,Nicks Bridge (historical),,,31.24133,-82.33152,BDG,GA,229,Pierce,Georgia Coast
4213348,Nunn Cemetery,,,31.28883,-82.25373,CMTY,GA,229,Pierce,Georgia Coast
4213558,Oak Grove School (historical),,,31.45716,-82.10679,SCH,GA,229,Pierce,Georgia Coast
4213895,Offerman,,,31.40966,-82.11178,PPL,GA,229,Pierce,Georgia Coast
4213897,Offerman Cemetery,,,31.39605,-82.11373,CMTY,GA,229,Pierce,Georgia Coast
4213973,Okefenokee Golf and Country Club,,,31.26689,-82.34704,RSRT,GA,229,Pierce,Georgia Coast
4214434,Otter Creek,,,31.33994,-82.05151,STM,GA,229,Pierce,Georgia Coast
4214435,Otter Creek,,,31.32383,-82.13429,PPL,GA,229,Pierce,Georgia Coast
4214437,Otter Creek School (historical),,,31.32327,-82.13317,SCH,GA,229,Pierce,Georgia Coast
4214479,Owen,,,31.34383,-82.18984,PPL,GA,229,Pierce,Georgia Coast
4214951,Patterson Baptist Church,,,31.38688,-82.13901,CH,GA,229,Pierce,Georgia Coast
4214959,Patterson City Hall,,,31.3866,-82.14206,BLDG,GA,229,Pierce,Georgia Coast
4214964,Patterson Elementary School,,,31.38331,-82.14693,SCH,GA,229,Pierce,Georgia Coast
4214977,Patterson School,,,31.40105,-82.13706,SCH,GA,229,Pierce,Georgia Coast
4215697,Pierce County,,,31.35876,-82.21274,ADM2,GA,229,Pierce,Georgia Coast
4215698,Pierce County Courthouse,,,31.30661,-82.2429,BLDG,GA,229,Pierce,Georgia Coast
4215699,Pierce County Hospital,,,31.31188,-82.24012,HSP,GA,229,Pierce,Georgia Coast
4215700,Pierce County Jail,,,31.30224,-82.2331,BLDG,GA,229,Pierce,Georgia Coast
4215807,Pine Bloom School (historical),,,31.32466,-82.25679,SCH,GA,229,Pierce,Georgia Coast
4215900,Pine Grove Church,,,31.30383,-82.17595,CH,GA,229,Pierce,Georgia Coast
4216273,Piney Grove Church,,,31.30272,-82.26929,CH,GA,229,Pierce,Georgia Coast
4216699,Pleasant Hill Church,,,31.44882,-82.15345,CH,GA,229,Pierce,Georgia Coast
4217418,Progress School (historical),,,31.34549,-82.29012,SCH,GA,229,Pierce,Georgia Coast
4217450,Prospect Church,,,31.2905,-82.06289,CH,GA,229,Pierce,Georgia Coast
4217865,Ramah Cemetery,,,31.41132,-82.28818,CMTY,GA,229,Pierce,Georgia Coast
4217872,Ramah Church,,,31.41077,-82.28846,CH,GA,229,Pierce,Georgia Coast
4217874,Ramah School (historical),,,31.42716,-82.30096,SCH,GA,229,Pierce,Georgia Coast
4217956,Raulerson Cemetery,,,31.31522,-82.01039,CMTY,GA,229,Pierce,Georgia Coast
4217957,Raulerson Community Center,,,31.29272,-82.07789,,GA,229,Pierce,Georgia Coast
4217958,Raulerson Memorial Church,,,31.29855,-82.04151,CH,GA,229,Pierce,Georgia Coast
4218269,Reedy Branch,,,31.34577,-82.10317,STM,GA,229,Pierce,Georgia Coast
4218374,Rehobeth Cemetery,,,31.31633,-82.36457,CMTY,GA,229,Pierce,Georgia Coast
4218377,Rehobeth Church,,,31.3166,-82.36402,CH,GA,229,Pierce,Georgia Coast
4220417,Saint James Church,,,31.35633,-82.14234,CH,GA,229,Pierce,Georgia Coast
4220464,Saint Johns Cemetery,,,31.24744,-82.21401,CMTY,GA,229,Pierce,Georgia Coast
4220487,Saint Johns Church,,,31.24744,-82.21345,CH,GA,229,Pierce,Georgia Coast
4221741,Scotts Chapel Methodist Episcopal Church,,,31.30244,-82.24429,CH,GA,229,Pierce,Georgia Coast
4222119,Shady Grove Church,,,31.41105,-82.32679,CH,GA,229,Pierce,Georgia Coast
4222448,Shiloh Bridge (historical),,,31.32244,-82.23095,BDG,GA,229,Pierce,Georgia Coast
4222467,Shiloh Cemetery,,,31.31855,-82.2379,CMTY,GA,229,Pierce,Georgia Coast
4222468,Shiloh Cemetery,,,31.32522,-82.22429,CMTY,GA,229,Pierce,Georgia Coast
4222512,Shiloh Church,,,31.32494,-82.22512,CH,GA,229,Pierce,Georgia Coast
4222992,Sixty Foot Branch,,,31.31855,-82.01317,STM,GA,229,Pierce,Georgia Coast
4223142,Smith Cemetery,,,31.30661,-82.17623,CMTY,GA,229,Pierce,Georgia Coast
4224904,Strickland Cemetery,,,31.35494,-82.15762,CMTY,GA,229,Pierce,Georgia Coast
4225149,Sumner Ford,,,31.42021,-82.34707,RDJCT,GA,229,Pierce,Georgia Coast
4225372,Sweat Cemetery,,,31.36827,-82.2904,CMTY,GA,229,Pierce,Georgia Coast
4225373,Sweat Ford,,,31.39882,-82.33374,RDJCT,GA,229,Pierce,Georgia Coast
4225382,Sweat Bridge,,,31.37549,-82.28874,BDG,GA,229,Pierce,Georgia Coast
4225701,Tan Trough Creek,,,31.34994,-82.2329,STM,GA,229,Pierce,Georgia Coast
4226279,Thomas Cemetery,,,31.26383,-82.17512,CMTY,GA,229,Pierce,Georgia Coast
4227609,Tyre Bridge,,,31.46966,-82.15095,BDG,GA,229,Pierce,Georgia Coast
4227610,Tyre Cemetery,,,31.46188,-82.15734,CMTY,GA,229,Pierce,Georgia Coast
4227719,Union Chapel,,,31.47216,-82.24512,CH,GA,229,Pierce,Georgia Coast
4228582,WACL-AM (Waycross),,,31.26188,-82.32374,TOWR,GA,229,Pierce,Georgia Coast
4228712,WGIA-AM (Blackshear),,,31.31244,-82.23318,TOWR,GA,229,Pierce,Georgia Coast
4228791,WKUB-FM (Blackshear),,,31.26383,-82.29151,TOWR,GA,229,Pierce,Georgia Coast
4229210,Walker Mill Pond,,,31.30779,-82.14809,RSV,GA,229,Pierce,Georgia Coast
4229242,Walkersville,,,31.39383,-82.27596,PPL,GA,229,Pierce,Georgia Coast
4229243,Walkerville Church,,,31.40299,-82.27151,CH,GA,229,Pierce,Georgia Coast
4229459,Ware Street Elementary School,,,31.30077,-82.25096,SCH,GA,229,Pierce,Georgia Coast
4229658,Waters Cemetery,,,31.25077,-82.28068,CMTY,GA,229,Pierce,Georgia Coast
4229773,Waycross-Blackshear Bridge,,,31.23827,-82.3229,BDG,GA,229,Pierce,Georgia Coast
4231537,Winn School (historical),,,31.49327,-82.21207,SCH,GA,229,Pierce,Georgia Coast
4231779,Woodland Church,,,31.2855,-82.22095,CH,GA,229,Pierce,Georgia Coast
4232132,Yellow Bluff,,,31.22883,-82.15067,CLF,GA,229,Pierce,Georgia Coast
4232208,Youman,,,31.25994,-82.25429,PPL,GA,229,Pierce,Georgia Coast
4232209,Youman Chapel,,,31.25966,-82.25484,CH,GA,229,Pierce,Georgia Coast
4232212,Youmans Cemetery,,,31.3766,-82.32902,CMTY,GA,229,Pierce,Georgia Coast
4232215,Youmans Lake,,,31.46328,-82.18196,RSV,GA,229,Pierce,Georgia Coast
4232218,Youmans Lake Dam,,,31.46688,-82.18318,DAM,GA,229,Pierce,Georgia Coast
4232330,Zero Bay,,,31.40133,-82.08345,SWMP,GA,229,Pierce,Georgia Coast
4232460,Zirkle (historical),,,31.35438,-82.04567,PPLQ,GA,229,Pierce,Georgia Coast
4179323,Albany Avenue Baptist Church,,,31.21827,-82.36874,CH,GA,299,Ware,Georgia Coast
4179418,Alice Street School,,,31.22466,-82.34624,SCH,GA,299,Ware,Georgia Coast
4179537,Alligator Creek,,,31.03772,-82.35958,STM,GA,299,Ware,Georgia Coast
4179622,Altman Pond,,,31.09189,-82.20235,LK,GA,299,Ware,Georgia Coast
4179901,Antioch Baptist Church,,,31.213,-82.34346,CH,GA,299,Ware,Georgia Coast
4180375,Astoria,,,31.14855,-82.29179,PPL,GA,299,Ware,Georgia Coast
4180376,Astoria Church,,,31.16605,-82.29957,CH,GA,299,Ware,Georgia Coast
4180573,Austin Chapel Christian Methodist Episcopal Church,,,31.20438,-82.36846,CH,GA,299,Ware,Georgia Coast
4180590,Ava Street High School,,,31.21688,-82.34624,SCH,GA,299,Ware,Georgia Coast
4180738,Bagley Cemetery,,,31.43659,-82.58903,CMTY,GA,299,Ware,Georgia Coast
4180753,Bailey Branch,,,31.22188,-82.34818,STM,GA,299,Ware,Georgia Coast
4180769,Bailey Street School,,,31.22744,-82.35985,SCH,GA,299,Ware,Georgia Coast
4181015,Baptist Village Lake,,,31.21792,-82.40419,RSV,GA,299,Ware,Georgia Coast
4181016,Baptist Village Nursing Home,,,31.21605,-82.40902,BLDG,GA,299,Ware,Georgia Coast
4181039,Barbers Landing,,,31.07411,-82.31429,,GA,299,Ware,Georgia Coast
4181040,Barbers Run,,,31.03772,-82.28707,STM,GA,299,Ware,Georgia Coast
4181091,Barner Cemetery,,,31.18049,-82.41874,CMTY,GA,299,Ware,Georgia Coast
4181393,Bay Island,,,31.03911,-82.35485,ISL,GA,299,Ware,Georgia Coast
4181421,Beach,,,31.43993,-82.50375,PPL,GA,299,Ware,Georgia Coast
4181467,Bear Belly Strand,,,31.00828,-82.34819,STM,GA,299,Ware,Georgia Coast
4181524,Bear Island,,,31.09995,-82.2604,ISL,GA,299,Ware,Georgia Coast
4181562,Bearpen Island,,,31.03939,-82.33346,ISL,GA,299,Ware,Georgia Coast
4182002,Bennett Bay,,,31.20882,-82.60875,SWMP,GA,299,Ware,Georgia Coast
4182006,Bennett Cemetery,,,31.26854,-82.64709,CMTY,GA,299,Ware,Georgia Coast
4182785,Bickley,,,31.40548,-82.60292,PPL,GA,299,Ware,Georgia Coast
4182787,Bickley Church,,,31.40715,-82.60319,CH,GA,299,Ware,Georgia Coast
4182796,Big Alligator Creek,,,31.12883,-82.50764,STM,GA,299,Ware,Georgia Coast
4182805,Big Bay,,,31.09938,-82.52097,SWMP,GA,299,Ware,Georgia Coast
4182806,Big Bay Island,,,31.0891,-82.51708,ISL,GA,299,Ware,Georgia Coast
4182932,Big Cypress Camp Island,,,30.68217,-82.20901,ISL,GA,299,Ware,Georgia Coast
4182935,Big Cypress Lake,,,30.68384,-82.20873,LK,GA,299,Ware,Georgia Coast
4182973,Big Lake,,,30.77106,-82.16623,LK,GA,299,Ware,Georgia Coast
4183186,Bivins Airport,,,31.18418,-82.27148,AIRP,GA,299,Ware,Georgia Coast
4183223,Black Hammock,,,31.05578,-82.34207,ISL,GA,299,Ware,Georgia Coast
4183257,Black River,,,31.02133,-82.3493,STM,GA,299,Ware,Georgia Coast
4183258,Black River Island,,,31.08522,-82.40652,ISL,GA,299,Ware,Georgia Coast
4183285,Blackjack Lake,,,30.66856,-82.30985,SWMP,GA,299,Ware,Georgia Coast
4183289,Blackjack Prairie,,,30.66523,-82.26568,SWMP,GA,299,Ware,Georgia Coast
4183293,Blackjack Island,,,30.65662,-82.30957,ISL,GA,299,Ware,Georgia Coast
4183700,Boggy Bay,,,31.16688,-82.35499,SWMP,GA,299,Ware,Georgia Coast
4183740,Bolen,,,31.38993,-82.4643,PPL,GA,299,Ware,Georgia Coast
4183823,Boone Lake,,,30.93115,-82.48478,LK,GA,299,Ware,Georgia Coast
4183829,Booth Church,,,31.0891,-82.56986,CH,GA,299,Ware,Georgia Coast
4183863,Botherment Branch,,,31.03355,-82.38013,STM,GA,299,Ware,Georgia Coast
4184088,Braganza,,,31.11828,-82.2529,PPL,GA,299,Ware,Georgia Coast
4184212,Breakfast Branch,,,30.59911,-82.37568,STM,GA,299,Ware,Georgia Coast
4184285,Briar Island,,,31.00772,-82.49847,ISL,GA,299,Ware,Georgia Coast
4184554,Brooks Church,,,31.23327,-82.33652,CH,GA,299,Ware,Georgia Coast
4184635,Broomstraw Island,,,30.62245,-82.21262,ISL,GA,299,Ware,Georgia Coast
4184979,Buck Branch,,,31.03189,-82.40458,STM,GA,299,Ware,Georgia Coast
4185018,Buck Lake,,,30.73301,-82.20317,LK,GA,299,Ware,Georgia Coast
4185022,Buck Prairie,,,30.74356,-82.2029,SWMP,GA,299,Ware,Georgia Coast
4185131,Bugaboo Island,,,30.76328,-82.2604,ISL,GA,299,Ware,Georgia Coast
4185132,Bugaboo Landing,,,30.77912,-82.23429,,GA,299,Ware,Georgia Coast
4185294,Burned Out Prairie,,,31.06633,-82.34346,SWMP,GA,299,Ware,Georgia Coast
4185307,Burnett Lake,,,30.7069,-82.17595,LK,GA,299,Ware,Georgia Coast
4185354,Burnt Island,,,30.93383,-82.46374,ISL,GA,299,Ware,Georgia Coast
4185408,Bush Island,,,31.08161,-82.47819,ISL,GA,299,Ware,Georgia Coast
4185523,Buzzards Roost Lake,,,30.66791,-82.20643,LK,GA,299,Ware,Georgia Coast
4185747,Calvary Baptist Church,,,31.19355,-82.36485,CH,GA,299,Ware,Georgia Coast
4185897,Camp Branch Church,,,31.12743,-82.61042,CH,GA,299,Ware,Georgia Coast
4185898,Camp Branch Creek,,,31.14716,-82.63042,STM,GA,299,Ware,Georgia Coast
4186123,Cane Break Island,,,31.00744,-82.48958,ISL,GA,299,Ware,Georgia Coast
4186129,Cane Creek,,,30.92466,-82.47819,STM,GA,299,Ware,Georgia Coast
4186130,Cane Creek,,,31.36326,-82.56736,STM,GA,299,Ware,Georgia Coast
4186163,Caney Branch,,,31.22633,-82.34013,STM,GA,299,Ware,Georgia Coast
4186471,Carter Cemetery,,,31.04244,-82.40847,CMTY,GA,299,Ware,Georgia Coast
4186873,Cedar Hammock Canal,,,30.75412,-82.1904,CNL,GA,299,Ware,Georgia Coast
4187014,Center High School,,,31.228,-82.36152,SCH,GA,299,Ware,Georgia Coast
4187028,Center Junior High School,,,31.223,-82.35818,SCH,GA,299,Ware,Georgia Coast
4187077,Central Avenue High School,,,31.21327,-82.34013,SCH,GA,299,Ware,Georgia Coast
4187087,Central Baptist Church,,,31.20883,-82.35707,CH,GA,299,Ware,Georgia Coast
4187327,Charles Island,,,30.69967,-82.22262,ISL,GA,299,Ware,Georgia Coast
4187476,Chauncey Cemetery,,,31.30076,-82.58319,CMTY,GA,299,Ware,Georgia Coast
4187622,Chesser Prairie,,,30.70773,-82.18401,SWMP,GA,299,Ware,Georgia Coast
4187948,Church of Christ,,,31.22216,-82.35374,CH,GA,299,Ware,Georgia Coast
4187949,Church of Christ,,,31.22355,-82.36402,CH,GA,299,Ware,Georgia Coast
4188016,Church of God,,,31.21827,-82.36652,CH,GA,299,Ware,Georgia Coast
4188017,Church of God,,,31.19661,-82.35791,CH,GA,299,Ware,Georgia Coast
4188049,Church of God of Wahoma,,,31.16355,-82.42652,CH,GA,299,Ware,Georgia Coast
4188105,City Drainage Canal,,,31.21188,-82.34957,CNL,GA,299,Ware,Georgia Coast
4188480,Cloughs Bay,,,31.17049,-82.4618,SWMP,GA,299,Ware,Georgia Coast
4188626,Coffee Bay Rest Shelter,,,30.76162,-82.22734,,GA,299,Ware,Georgia Coast
4188837,Colley Street Vocational School,,,31.22522,-82.36013,SCH,GA,299,Ware,Georgia Coast
4189310,Coon Branch,,,31.25576,-82.63875,STM,GA,299,Ware,Georgia Coast
4189389,Cooter Lake,,,30.72634,-82.17345,LK,GA,299,Ware,Georgia Coast
4189837,Cowhouse Prairie,,,31.08189,-82.29707,SWMP,GA,299,Ware,Georgia Coast
4189861,Cox Creek,,,31.29882,-82.45236,STM,GA,299,Ware,Georgia Coast
4189871,Cox Prairie,,,30.89188,-82.4693,SWMP,GA,299,Ware,Georgia Coast
4189908,Cravens Hammock,,,30.86939,-82.42791,ISL,GA,299,Ware,Georgia Coast
4189951,Crawford Street School,,,31.21216,-82.37291,SCH,GA,299,Ware,Georgia Coast
4189969,Crawley,,,31.38604,-82.45347,PPL,GA,299,Ware,Georgia Coast
4190048,Crestwood Memorial Gardens,,,31.22022,-82.41986,CMTY,GA,299,Ware,Georgia Coast
4190056,Crews Crossing,,,31.18577,-82.59514,PPL,GA,299,Ware,Georgia Coast
4190058,Cribb Bay,,,31.14028,-82.61417,SWMP,GA,299,Ware,Georgia Coast
4190081,Croaker Island,,,31.07967,-82.33763,ISL,GA,299,Ware,Georgia Coast
4190637,Dan Dunkins Lake,,,30.76606,-82.16012,LK,GA,299,Ware,Georgia Coast
4190837,Davis Branch,,,31.05883,-82.4318,STM,GA,299,Ware,Georgia Coast
4191144,Deenwood,,,31.235,-82.375,PPL,GA,299,Ware,Georgia Coast
4191195,Deer Gallus Island,,,31.06939,-82.35096,ISL,GA,299,Ware,Georgia Coast
4191538,District Pond,,,31.06403,-82.43384,LK,GA,299,Ware,Georgia Coast
4191578,Dixie Union,,,31.33938,-82.46319,PPL,GA,299,Ware,Georgia Coast
4191579,Dixie Union Church,,,31.34271,-82.46319,CH,GA,299,Ware,Georgia Coast
4191601,Dixon Memorial State Forest,,,31.09244,-82.28902,FRST,GA,299,Ware,Georgia Coast
4191840,Double Branches,,,31.12605,-82.33013,STM,GA,299,Ware,Georgia Coast
4191874,Double Lake,,,30.67773,-82.23762,LK,GA,299,Ware,Georgia Coast
4191878,Double O Bay,,,30.76856,-82.20068,SWMP,GA,299,Ware,Georgia Coast
4192193,Dryden Creek,,,31.31799,-82.43152,STM,GA,299,Ware,Georgia Coast
4192215,Duboise Bay,,,31.17183,-82.38074,SWMP,GA,299,Ware,Georgia Coast
4193060,Eightmile Post,,,31.13744,-82.40708,,GA,299,Ware,Georgia Coast
4193069,El Bethel Church,,,31.2186,-82.35636,CH,GA,299,Ware,Georgia Coast
4193359,Emerson Park,,,31.18883,-82.39763,PPL,GA,299,Ware,Georgia Coast
4193360,Ware County Learning Center,,,31.1916,-82.3994,SCH,GA,299,Ware,Georgia Coast
4194078,Ezekiel Church,,,31.27633,-82.41652,CH,GA,299,Ware,Georgia Coast
4194140,Fairfax,,,31.26049,-82.60764,PPL,GA,299,Ware,Georgia Coast
4194645,Fifteenmile Post,,,31.03189,-82.42624,,GA,299,Ware,Georgia Coast
4194743,First Assembly of God Church,,,31.2105,-82.35374,CH,GA,299,Ware,Georgia Coast
4194841,First Baptist Church,,,31.21022,-82.36235,CH,GA,299,Ware,Georgia Coast
4194913,First Born Sanctified Church,,,31.22272,-82.36013,CH,GA,299,Ware,Georgia Coast
4194934,First Christian Church,,,31.21105,-82.36346,CH,GA,299,Ware,Georgia Coast
4194960,First Church of the Nazarene,,,31.20744,-82.35791,CH,GA,299,Ware,Georgia Coast
4195004,First Methodist Church,,,31.20938,-82.35596,CH,GA,299,Ware,Georgia Coast
4195059,First Presbyterian Church,,,31.2155,-82.34596,CH,GA,299,Ware,Georgia Coast
4195239,Fivemile Point,,,31.07856,-82.31429,CAPE,GA,299,Ware,Georgia Coast
4195599,Folks Park,,,31.21105,-82.36485,PRK,GA,299,Ware,Georgia Coast
4195611,Footlog Bay,,,31.18216,-82.55819,SWMP,GA,299,Ware,Georgia Coast
4196266,Friendship Baptist Church,,,31.20716,-82.34485,CH,GA,299,Ware,Georgia Coast
4196388,Friendship Church,,,31.2741,-82.53764,CH,GA,299,Ware,Georgia Coast
4196463,Full Gospel Assembly Church,,,31.23883,-82.43347,CH,GA,299,Ware,Georgia Coast
4196476,Full Gospel Mission,,,31.19272,-82.3668,CH,GA,299,Ware,Georgia Coast
4196498,Fullwood Creek,,,31.29938,-82.56931,STM,GA,299,Ware,Georgia Coast
4196576,Gaines Chapel African Methodist Episcopal Church,,,31.20661,-82.35041,CH,GA,299,Ware,Georgia Coast
4196607,Gainey Island,,,30.99494,-82.54375,ISL,GA,299,Ware,Georgia Coast
4196616,Galberry Island,,,31.02883,-82.35958,ISL,GA,299,Ware,Georgia Coast
4196668,Gannet Lake,,,30.66273,-82.24401,LK,GA,299,Ware,Georgia Coast
4196729,Garlington Heights Housing Project,,,31.20744,-82.37569,PPL,GA,299,Ware,Georgia Coast
4196826,Gator Head Pond,,,31.20633,-82.53805,LK,GA,299,Ware,Georgia Coast
4196831,Gator Wallow,,,31.07994,-82.36457,SWMP,GA,299,Ware,Georgia Coast
4196952,Georgia Lions Camp for the Blind,,,31.13495,-82.21373,CMP,GA,299,Ware,Georgia Coast
4197010,Gerbin Lake,,,31.36459,-82.58326,RSV,GA,299,Ware,Georgia Coast
4197011,Gerbin Lake Dam,,,31.36521,-82.58153,DAM,GA,299,Ware,Georgia Coast
4197100,Gilchrist Methodist Church,,,31.19161,-82.36291,CH,GA,299,Ware,Georgia Coast
4197101,Gilchrist Park School,,,31.18966,-82.36346,SCH,GA,299,Ware,Georgia Coast
4197215,Glad Tidings Church,,,31.23549,-82.37569,CH,GA,299,Ware,Georgia Coast
4197298,Glenmore,,,31.12383,-82.52986,PPL,GA,299,Ware,Georgia Coast
4197540,Gooding Bay,,,31.12299,-82.4743,SWMP,GA,299,Ware,Georgia Coast
4197575,Goose House Gap,,,30.67412,-82.22318,GAP,GA,299,Ware,Georgia Coast
4197778,Grace Church,,,31.23272,-82.33318,CH,GA,299,Ware,Georgia Coast
4197784,Grace Episcopal Church,,,31.21077,-82.36013,CH,GA,299,Ware,Georgia Coast
4197843,Grand Prairie,,,30.67245,-82.22151,SWMP,GA,299,Ware,Georgia Coast
4198121,Green River Run,,,31.043,-82.28957,STM,GA,299,Ware,Georgia Coast
4198186,Greenlawn Cemetery,,,31.18189,-82.25123,CMTY,GA,299,Ware,Georgia Coast
4198588,Gum Swamp,,,31.073,-82.34041,STM,GA,299,Ware,Georgia Coast
4199210,Hargrave Chapel,,,31.22354,-82.63486,CH,GA,299,Ware,Georgia Coast
4199599,Hasty,,,31.25771,-82.57292,PPL,GA,299,Ware,Georgia Coast
4199615,Hatcher Point Mall Shopping Center,,,31.19911,-82.32346,MALL,GA,299,Ware,Georgia Coast
4199758,Haywood,,,31.35799,-82.43208,PPL,GA,299,Ware,Georgia Coast
4199760,Haywood Church,,,31.35299,-82.43374,CH,GA,299,Ware,Georgia Coast
4199783,Hazzard Hill Cemetery,,,31.21494,-82.33568,CMTY,GA,299,Ware,Georgia Coast
4199784,Hazzard Hill School,,,31.20716,-82.34291,SCH,GA,299,Ware,Georgia Coast
4199872,Hebardville,,,31.24105,-82.36791,PPL,GA,299,Ware,Georgia Coast
4199873,Hebardville Methodist Episcopal Church,,,31.24133,-82.37041,CH,GA,299,Ware,Georgia Coast
4200032,Hendrix Bay,,,31.03185,-82.56363,SWMP,GA,299,Ware,Georgia Coast
4200090,Hephzibah Church,,,31.31993,-82.50903,CH,GA,299,Ware,Georgia Coast
4200115,Heritage Center,,,31.23201,-82.38333,PRK,GA,299,Ware,Georgia Coast
4200155,Herrin Pond Dam,,,31.213,-82.3204,DAM,GA,299,Ware,Georgia Coast
4200169,Herrin Pond,,,31.21281,-82.3183,RSV,GA,299,Ware,Georgia Coast
4200543,Hillard Island,,,31.03133,-82.33041,ISL,GA,299,Ware,Georgia Coast
4200687,Hinson Crossing,,,31.17326,-82.66597,PPL,GA,299,Ware,Georgia Coast
4200813,Hog Creek,,,31.31354,-82.54931,STM,GA,299,Ware,Georgia Coast
4200815,Hog Gallus Island,,,31.00216,-82.41819,ISL,GA,299,Ware,Georgia Coast
4200820,Hog Island,,,30.72523,-82.21984,ISL,GA,299,Ware,Georgia Coast
4200821,Hog Island,,,30.94772,-82.43263,ISL,GA,299,Ware,Georgia Coast
4201176,Honey Island,,,30.76328,-82.33651,ISL,GA,299,Ware,Georgia Coast
4201177,Honey Island Prairie,,,30.72634,-82.34068,SWMP,GA,299,Ware,Georgia Coast
4201179,Honey Scrub Island,,,30.77133,-82.38985,ISL,GA,299,Ware,Georgia Coast
4201313,Hopkins,,,30.97161,-82.43041,PPL,GA,299,Ware,Georgia Coast
4201434,Horseshoe Island,,,31.09549,-82.52375,ISL,GA,299,Ware,Georgia Coast
4201498,House of Prayer,,,31.22161,-82.36096,CH,GA,299,Ware,Georgia Coast
4201619,Huckleberry Bay,,,31.0841,-82.38822,SWMP,GA,299,Ware,Georgia Coast
4201620,Huckleberry Bay,,,31.19453,-82.65635,SWMP,GA,299,Ware,Georgia Coast
4201621,Huckleberry Bay,,,31.15283,-82.36237,SWMP,GA,299,Ware,Georgia Coast
4201625,Huckleberry Island,,,31.00466,-82.55764,ISL,GA,299,Ware,Georgia Coast
4201632,Huckleberry Island,,,31.04633,-82.36819,ISL,GA,299,Ware,Georgia Coast
4202013,Indian Mound Church,,,31.22771,-82.66042,CH,GA,299,Ware,Georgia Coast
4202032,Indian Trail,,,31.05383,-82.27596,TRL,GA,299,Ware,Georgia Coast
4202286,Isabella Street School,,,31.21188,-82.3668,SCH,GA,299,Ware,Georgia Coast
4202304,The Island,,,31.03494,-82.36458,ISL,GA,299,Ware,Georgia Coast
4202402,Jack Lake,,,30.75606,-82.16345,LK,GA,299,Ware,Georgia Coast
4202406,Jack Island,,,30.7605,-82.40707,ISL,GA,299,Ware,Georgia Coast
4202593,Jamestown,,,31.27049,-82.38319,PPL,GA,299,Ware,Georgia Coast
4202594,Jamestown Baptist Church,,,31.26633,-82.38541,CH,GA,299,Ware,Georgia Coast
4203341,Jordan Church,,,31.34243,-82.43819,CH,GA,299,Ware,Georgia Coast
4203759,Kettle Creek,,,31.26411,-82.35846,STM,GA,299,Ware,Georgia Coast
4203762,Kettle Creek Church,,,31.21436,-82.40222,CH,GA,299,Ware,Georgia Coast
4203769,Kettle Creek Cemetery,,,31.21355,-82.4018,CMTY,GA,299,Ware,Georgia Coast
4203862,King 0 Lee Lake,,,31.33748,-82.58822,RSV,GA,299,Ware,Georgia Coast
4203863,King 0 Lee Lake Dam,,,31.33854,-82.58486,DAM,GA,299,Ware,Georgia Coast
4203898,King Solomon Methodist Episcopal Church,,,31.21022,-82.34707,CH,GA,299,Ware,Georgia Coast
4205106,Laura S Walker Lake,,,31.1402,-82.2166,RSV,GA,299,Ware,Georgia Coast
4205107,Laura S Walker State Park,,,31.14233,-82.21645,PRK,GA,299,Ware,Georgia Coast
4205108,Laura S Walker State Park Lake Dam,,,31.14022,-82.20984,DAM,GA,299,Ware,Georgia Coast
4205374,Lees Branch,,,31.14411,-82.33346,STM,GA,299,Ware,Georgia Coast
4205608,Liberty Church,,,31.39354,-82.53875,CH,GA,299,Ware,Georgia Coast
4205723,Lake Lila,,,31.1861,-82.37957,LK,GA,299,Ware,Georgia Coast
4205847,Lingerfelt Island,,,31.17883,-82.45125,ISL,GA,299,Ware,Georgia Coast
4205908,Little Alligator Creek,,,31.1291,-82.50736,STM,GA,299,Ware,Georgia Coast
4205936,Little Bethel African Methodist Episcopal Church,,,31.20411,-82.36791,CH,GA,299,Ware,Georgia Coast
4206004,Little Cooter Lake,,,30.68801,-82.2054,LK,GA,299,Ware,Georgia Coast
4206152,Little Island,,,31.04883,-82.35513,ISL,GA,299,Ware,Georgia Coast
4206235,Little Pine Island,,,31.05217,-82.32735,ISL,GA,299,Ware,Georgia Coast
4206323,Little Scrub Island,,,31.0041,-82.53958,ISL,GA,299,Ware,Georgia Coast
4206346,Little Suwannee Creek,,,31.05799,-82.55319,STM,GA,299,Ware,Georgia Coast
4206697,Long Island,,,31.04439,-82.35235,ISL,GA,299,Ware,Georgia Coast
4206710,Long Lake,,,30.77467,-82.16901,LK,GA,299,Ware,Georgia Coast
4206730,Long Pond,,,31.23077,-82.60403,SWMP,GA,299,Ware,Georgia Coast
4206844,Lott Cemetery,,,31.2205,-82.35485,CMTY,GA,299,Ware,Georgia Coast
4207003,Lower Lake,,,30.94677,-82.4592,LK,GA,299,Ware,Georgia Coast
4207250,Macedonia Baptist Church,,,31.21855,-82.36152,CH,GA,299,Ware,Georgia Coast
4207627,Mandy Lake,,,30.77412,-82.16068,LK,GA,299,Ware,Georgia Coast
4207669,Manor,,,31.10382,-82.57319,PPL,GA,299,Ware,Georgia Coast
4207670,Manor Chapel,,,31.09688,-82.57069,CH,GA,299,Ware,Georgia Coast
4207671,Manor Church,,,31.1041,-82.57403,CH,GA,299,Ware,Georgia Coast
4207673,Manor School,,,31.10494,-82.57458,SCH,GA,299,Ware,Georgia Coast
4207907,Martha Branch,,,31.10104,-82.62236,STM,GA,299,Ware,Georgia Coast
4208025,Mary Howell Point,,,31.06189,-82.34096,CAPE,GA,299,Ware,Georgia Coast
4208168,Maul Hammock Lake,,,31.01228,-82.27201,LK,GA,299,Ware,Georgia Coast
4208875,Memorial Drive Elementary School,,,31.19038,-82.31977,SCH,GA,299,Ware,Georgia Coast
4208887,Satilla Regional Hospital,,,31.22432,-82.34713,HSP,GA,299,Ware,Georgia Coast
4208890,Memorial Hospital Heliport,,,31.2205,-82.34707,AIRH,GA,299,Ware,Georgia Coast
4208907,Memorial Stadium,,,31.21105,-82.34457,STDM,GA,299,Ware,Georgia Coast
4209096,Middle Strange Island,,,30.68967,-82.40707,ISL,GA,299,Ware,Georgia Coast
4209308,Mill Branch,,,31.2316,-82.64542,STM,GA,299,Ware,Georgia Coast
4209597,Millwood,,,31.26576,-82.66042,PPL,GA,299,Ware,Georgia Coast
4209598,Millwood Church,,,31.26771,-82.65625,CH,GA,299,Ware,Georgia Coast
4209636,Mims Island,,,30.58023,-82.30568,ISL,GA,299,Ware,Georgia Coast
4209762,Mitchell Island,,,30.62773,-82.23845,ISL,GA,299,Ware,Georgia Coast
4209790,Mizell Prairie,,,30.76106,-82.17179,SWMP,GA,299,Ware,Georgia Coast
4209903,Monroe Park,,,31.21911,-82.34263,PRK,GA,299,Ware,Georgia Coast
4209904,Monroe Pond,,,31.21952,-82.29634,RSV,GA,299,Ware,Georgia Coast
4209944,Monkey Lake,,,30.67506,-82.20607,LK,GA,299,Ware,Georgia Coast
4210013,Moonshine Ridge,,,30.5844,-82.25762,RDGE,GA,299,Ware,Georgia Coast
4210034,Moore Cemetery,,,31.4402,-82.5718,CMTY,GA,299,Ware,Georgia Coast
4210255,Morton Avenue Baptist Mission,,,31.203,-82.35263,CH,GA,299,Ware,Georgia Coast
4210256,Morton Avenue School,,,31.20411,-82.35152,SCH,GA,299,Ware,Georgia Coast
4210595,Mount Green Church,,,31.23021,-82.64125,CH,GA,299,Ware,Georgia Coast
4210759,Mount Olive Chapel Church of Christ,,,31.20494,-82.3468,CH,GA,299,Ware,Georgia Coast
4210821,Mount Olive Church,,,31.08855,-82.56014,CH,GA,299,Ware,Georgia Coast
4210940,Mount Pleasant Cemetery,,,31.21189,-82.32707,CMTY,GA,299,Ware,Georgia Coast
4210992,Mount Pleasant Church,,,31.21244,-82.32707,CH,GA,299,Ware,Georgia Coast
4211003,Mount Pleasant Missionary Baptist Church,,,31.22161,-82.3618,CH,GA,299,Ware,Georgia Coast
4211363,Mount Zion Methodist Church,,,31.223,-82.36346,CH,GA,299,Ware,Georgia Coast
4211542,Mud Lake,,,31.04689,-82.29207,LK,GA,299,Ware,Georgia Coast
4211739,Musket Bay,,,31.22027,-82.44321,SWMP,GA,299,Ware,Georgia Coast
4211906,Needham,,,31.15605,-82.42847,PPL,GA,299,Ware,Georgia Coast
4211930,Negro Camp Island,,,31.10383,-82.31291,ISL,GA,299,Ware,Georgia Coast
4212206,New Hope Baptist Church,,,31.22383,-82.3643,CH,GA,299,Ware,Georgia Coast
4212401,New Island,,,30.7755,-82.36124,ISL,GA,299,Ware,Georgia Coast
4212514,New Prospect Church,,,31.15743,-82.59375,CH,GA,299,Ware,Georgia Coast
4212645,Newbern Church,,,31.33743,-82.59736,CH,GA,299,Ware,Georgia Coast
4212746,Newton Field,,,31.21216,-82.34568,PRK,GA,299,Ware,Georgia Coast
4213344,Number One Island,,,30.64718,-82.20623,ISL,GA,299,Ware,Georgia Coast
4213524,Oak Grove Church,,,31.36771,-82.57736,CH,GA,299,Ware,Georgia Coast
4213726,Oakland Cemetery,,,31.22883,-82.33874,CMTY,GA,299,Ware,Georgia Coast
4213960,Ohio Lake,,,31.01863,-82.20637,LK,GA,299,Ware,Georgia Coast
4213971,Okefenokee Church Camp,,,31.23911,-82.33596,CMP,GA,299,Ware,Georgia Coast
4213972,Okefenokee Fairgrounds,,,31.20411,-82.32068,,GA,299,Ware,Georgia Coast
4213975,Okefenokee Swamp,,,30.66689,-82.33318,SWMP,GA,299,Ware,Georgia Coast
4214017,Okefenokee Church,,,31.23633,-82.33457,CH,GA,299,Ware,Georgia Coast
4214178,Old Ruskin Church,,,31.15327,-82.43597,CH,GA,299,Ware,Georgia Coast
4214589,Pafford Field (historical),,,31.18994,-82.33068,AIRQ,GA,299,Ware,Georgia Coast
4214642,Palmetto Island,,,31.03967,-82.34402,ISL,GA,299,Ware,Georgia Coast
4215197,Pebble Hill Church,,,31.30466,-82.4318,CH,GA,299,Ware,Georgia Coast
4215352,Perch Creek,,,31.27799,-82.64431,STM,GA,299,Ware,Georgia Coast
4215752,Pike Swamp,,,31.12216,-82.34374,SWMP,GA,299,Ware,Georgia Coast
4215790,Pillar of Ground Sanctified Church,,,31.22133,-82.36068,CH,GA,299,Ware,Georgia Coast
4215907,Pine Grove Church,,,31.11827,-82.52819,CH,GA,299,Ware,Georgia Coast
4215986,Pine Island,,,30.84328,-82.43374,ISL,GA,299,Ware,Georgia Coast
4215987,Pine Island,,,31.11411,-82.32291,ISL,GA,299,Ware,Georgia Coast
4215988,Pine Island,,,31.07022,-82.34596,ISL,GA,299,Ware,Georgia Coast
4216108,Pine Valley,,,31.20132,-82.51847,PPL,GA,299,Ware,Georgia Coast
4216112,Pine Valley Church,,,31.20438,-82.51153,CH,GA,299,Ware,Georgia Coast
4216124,Pine View Church,,,31.2741,-82.48097,CH,GA,299,Ware,Georgia Coast
4216221,Piney Bay,,,31.14716,-82.63042,STM,GA,299,Ware,Georgia Coast
4216279,Piney Grove Church,,,31.14188,-82.4168,CH,GA,299,Ware,Georgia Coast
4216318,Piney Woods Lake,,,30.95527,-82.46157,LK,GA,299,Ware,Georgia Coast
4216376,Pittman Bay,,,31.01744,-82.46847,SWMP,GA,299,Ware,Georgia Coast
4216377,Pittman Bay,,,31.17494,-82.52986,SWMP,GA,299,Ware,Georgia Coast
4216385,Pittman Chapel,,,31.03911,-82.48986,CH,GA,299,Ware,Georgia Coast
4216409,Pittmans Pond,,,30.9717,-82.49605,LK,GA,299,Ware,Georgia Coast
4216830,The Pocket,,,30.77856,-82.39929,PLN,GA,299,Ware,Georgia Coast
4216852,Poke Bay,,,31.05189,-82.20818,BAY,GA,299,Ware,Georgia Coast
4216968,Pope Island,,,31.03744,-82.32818,ISL,GA,299,Ware,Georgia Coast
4217678,Quarterman Street School (historical),,,31.21855,-82.3518,SCH,GA,299,Ware,Georgia Coast
4218133,Red Oak Cemetery,,,31.23244,-82.32874,CMTY,GA,299,Ware,Georgia Coast
4218418,Reidsville School,,,31.19966,-82.35957,SCH,GA,299,Ware,Georgia Coast
4218655,Rice Pond,,,31.15597,-82.58761,SWMP,GA,299,Ware,Georgia Coast
4219067,Riverside Nursing Home,,,31.233,-82.35263,BLDG,GA,299,Ware,Georgia Coast
4219995,Round Timber Island,,,31.02689,-82.35069,ISL,GA,299,Ware,Georgia Coast
4220003,Roundabout Swamp,,,31.0155,-82.4293,SWMP,GA,299,Ware,Georgia Coast
4220146,Ruskin,,,31.15133,-82.44486,PPL,GA,299,Ware,Georgia Coast
4220290,Saint Ambrose Episcopal Church,,,31.20661,-82.34596,CH,GA,299,Ware,Georgia Coast
4220384,Saint James Baptist Church,,,31.20188,-82.37152,CH,GA,299,Ware,Georgia Coast
4220458,Saint Johns Baptist Church,,,31.218,-82.36374,CH,GA,299,Ware,Georgia Coast
4220519,Saint Josephs Academy,,,31.21188,-82.36541,SCH,GA,299,Ware,Georgia Coast
4220532,Saint Josephs Roman Catholic Church,,,31.21022,-82.36068,CH,GA,299,Ware,Georgia Coast
4220561,Saint Lukes African Methodist Episcopal Church,,,31.19716,-82.35513,CH,GA,299,Ware,Georgia Coast
4220751,Saint Pauls Baptist Church,,,31.22438,-82.36318,CH,GA,299,Ware,Georgia Coast
4220818,Saint Pauls Number 3 Church,,,31.18883,-82.4093,CH,GA,299,Ware,Georgia Coast
4220825,Saint Peters Baptist Church,,,31.19577,-82.35568,CH,GA,299,Ware,Georgia Coast
4220840,Saint Peters Missionary Baptist Church,,,31.19855,-82.35568,CH,GA,299,Ware,Georgia Coast
4221005,Salem Church,,,31.44548,-82.58125,CH,GA,299,Ware,Georgia Coast
4221006,Salem Church,,,31.35993,-82.47402,CH,GA,299,Ware,Georgia Coast
4221135,Sand Hill,,,31.11133,-82.5393,PPL,GA,299,Ware,Georgia Coast
4221303,Sandy Island,,,30.64106,-82.35123,ISL,GA,299,Ware,Georgia Coast
4221377,Sapp Prairie,,,30.61522,-82.40068,SWMP,GA,299,Ware,Georgia Coast
4221382,Sappville,,,31.25466,-82.54208,PPL,GA,299,Ware,Georgia Coast
4221516,Satilla Square Shopping Center,,,31.20716,-82.33207,MALL,GA,299,Ware,Georgia Coast
4221772,Scrub Island,,,31.01105,-82.55125,ISL,GA,299,Ware,Georgia Coast
4221821,Seagrove Lake,,,30.70884,-82.17151,LK,GA,299,Ware,Georgia Coast
4221863,Second Baptist Church,,,31.21605,-82.36652,CH,GA,299,Ware,Georgia Coast
4221923,Seldom Seen Point,,,31.01439,-82.35346,CAPE,GA,299,Ware,Georgia Coast
4222004,Seventeen Mile River,,,31.2966,-82.5807,STM,GA,299,Ware,Georgia Coast
4222446,Shiloh Baptist Church,,,31.23022,-82.36735,CH,GA,299,Ware,Georgia Coast
4222711,Shriners Club Lake,,,31.29257,-82.39534,RSV,GA,299,Ware,Georgia Coast
4222712,Shriners Club Lake Dam,,,31.29355,-82.39319,DAM,GA,299,Ware,Georgia Coast
4223022,Skull Lake,,,31.05749,-82.27771,LK,GA,299,Ware,Georgia Coast
4223023,Skullhead,,,31.09078,-82.32846,PPL,GA,299,Ware,Georgia Coast
4223341,Smokehouse Jam,,,30.948,-82.43902,PLN,GA,299,Ware,Georgia Coast
4223490,Soldiers Camp Island,,,30.59606,-82.2129,ISL,GA,299,Ware,Georgia Coast
4223837,Southwood School,,,31.20466,-82.30679,SCH,GA,299,Ware,Georgia Coast
4224285,Stalsby Creek,,,31.14716,-82.53375,STM,GA,299,Ware,Georgia Coast
4224286,Stallard Bay,,,31.13582,-82.57013,SWMP,GA,299,Ware,Georgia Coast
4224457,Steedley Bay,,,31.16636,-82.60057,SWMP,GA,299,Ware,Georgia Coast
4224554,Stevens Bay,,,30.97438,-82.51819,BAY,GA,299,Ware,Georgia Coast
4224586,Stewart Branch,,,31.00994,-82.49514,STM,GA,299,Ware,Georgia Coast
4224871,Strange Island,,,30.66994,-82.41707,ISL,GA,299,Ware,Georgia Coast
4224872,Strange Island Prairie,,,30.64689,-82.36735,SWMP,GA,299,Ware,Georgia Coast
4225013,Sugar Branch,,,31.05272,-82.3768,STM,GA,299,Ware,Georgia Coast
4225215,Sunnyside,,,31.23938,-82.34207,PPL,GA,299,Ware,Georgia Coast
4225225,Sunnyside Church,,,31.23633,-82.34679,CH,GA,299,Ware,Georgia Coast
4225319,Suwannee Canal,,,30.78384,-82.23596,CNL,GA,299,Ware,Georgia Coast
4225322,Suwannee Creek,,,30.93772,-82.45486,STM,GA,299,Ware,Georgia Coast
4225324,Suwannee Lake,,,30.95145,-82.46006,LK,GA,299,Ware,Georgia Coast
4225325,Suwannee River Sill,,,30.82967,-82.41763,CNL,GA,299,Ware,Georgia Coast
4225327,Suwannee Creek Islands,,,31.06133,-82.54736,ISL,GA,299,Ware,Georgia Coast
4225374,Sweat Memorial Church,,,31.22966,-82.40958,CH,GA,299,Ware,Georgia Coast
4225688,Talmo,,,31.31326,-82.56903,PPL,GA,299,Ware,Georgia Coast
4225757,Tar Lake,,,30.68467,-82.21651,LK,GA,299,Ware,Georgia Coast
4225906,Taylors Landing,,,31.08244,-82.33124,,GA,299,Ware,Georgia Coast
4225962,Telmore Church,,,31.32188,-82.57292,CH,GA,299,Ware,Georgia Coast
4226146,The Church of Jesus Christ of Latter Day Saints,,,31.20883,-82.35374,CH,GA,299,Ware,Georgia Coast
4226165,The Greater Mount Olive Church,,,31.14827,-82.4418,CH,GA,299,Ware,Georgia Coast
4226485,Three Points,,,31.07188,-82.4793,PPL,GA,299,Ware,Georgia Coast
4226767,Tom Thumb Creek,,,31.0955,-82.43124,STM,GA,299,Ware,Georgia Coast
4226768,Tom Thumb Bay,,,31.09077,-82.44597,SWMP,GA,299,Ware,Georgia Coast
4227113,Trinity Methodist Church,,,31.21487,-82.3544,CH,GA,299,Ware,Georgia Coast
4227355,Turkey Scratch Lake,,,31.06633,-82.28346,LK,GA,299,Ware,Georgia Coast
4227479,Tuten Creek,,,31.1716,-82.48236,STM,GA,299,Ware,Georgia Coast
4227491,Twelvemile Post,,,31.07577,-82.41874,,GA,299,Ware,Georgia Coast
4227986,University of Georgia,,,31.2105,-82.36652,SCH,GA,299,Ware,Georgia Coast
4228553,Voight Field,,,31.22077,-82.34818,PRK,GA,299,Ware,Georgia Coast
4228607,WAYX-AM (Waycross),,,31.21438,-82.37958,TOWR,GA,299,Ware,Georgia Coast
4229011,WWUF-FM (Waycross),,,31.18494,-82.25651,TOWR,GA,299,Ware,Georgia Coast
4229014,WXGA-TV (Waycross),,,31.2216,-82.5732,TOWR,GA,299,Ware,Georgia Coast
4229027,WXVS-FM (Waycross),,,31.2216,-82.5732,TOWR,GA,299,Ware,Georgia Coast
4229056,Wacona School,,,31.24911,-82.37624,SCH,GA,299,Ware,Georgia Coast
4229095,Wahoma,,,31.16077,-82.42763,PPL,GA,299,Ware,Georgia Coast
4229116,Walden Cemetery,,,31.27438,-82.62264,CMTY,GA,299,Ware,Georgia Coast
4229342,Walter Lakes,,,30.77745,-82.16762,LK,GA,299,Ware,Georgia Coast
4229354,Waltertown,,,31.29966,-82.40235,PPL,GA,299,Ware,Georgia Coast
4229446,Ware County,,,31.05363,-82.42368,ADM2,GA,299,Ware,Georgia Coast
4229447,Ware County Courthouse,,,31.2148,-82.35551,BLDG,GA,299,Ware,Georgia Coast
4229448,Ware County Health Center,,,31.21862,-82.35406,HSP,GA,299,Ware,Georgia Coast
4229449,Ware County High School,,,31.23494,-82.39346,SCH,GA,299,Ware,Georgia Coast
4229450,Ware County Jail,,,31.25647,-82.39066,BLDG,GA,299,Ware,Georgia Coast
4229451,Ware County Junior High School,,,31.23383,-82.40208,SCH,GA,299,Ware,Georgia Coast
4229455,Ware Manor Nursing Home,,,31.2355,-82.35735,BLDG,GA,299,Ware,Georgia Coast
4229462,Waresboro,,,31.24799,-82.47375,PPL,GA,299,Ware,Georgia Coast
4229463,Waresboro Cemetery,,,31.25799,-82.47903,CMTY,GA,299,Ware,Georgia Coast
4229614,Water Bay,,,31.05472,-82.39596,LK,GA,299,Ware,Georgia Coast
4229623,Water Oak Creek,,,30.96911,-82.48208,STM,GA,299,Ware,Georgia Coast
4229763,Waycross,,,31.21368,-82.3557,PPLA2,GA,299,Ware,Georgia Coast
4229764,Waycross Army Air Field (historical),,,31.24861,-82.39583,INSM,GA,299,Ware,Georgia Coast
4229765,Waycross City Hall,,,31.21133,-82.36013,BLDG,GA,299,Ware,Georgia Coast
4229766,Waycross Gospel Tabernacle,,,31.22022,-82.38541,CH,GA,299,Ware,Georgia Coast
4229767,Waycross Historic District,,,31.20522,-82.35346,PRK,GA,299,Ware,Georgia Coast
4229768,Waycross Post Office,,,31.20938,-82.36152,PO,GA,299,Ware,Georgia Coast
4229769,Waycross Public Library,,,31.208,-82.35374,LIBR,GA,299,Ware,Georgia Coast
4229770,Waycross State Forest,,,31.13355,-82.29152,PRK,GA,299,Ware,Georgia Coast
4229771,Waycross Vocational School,,,31.24994,-82.4018,SCH,GA,299,Ware,Georgia Coast
4229772,Waycross Ware Technical School,,,31.21327,-82.3818,SCH,GA,299,Ware,Georgia Coast
4229774,Waycross-Ware County Airport,,,31.2491,-82.39541,AIRP,GA,299,Ware,Georgia Coast
4229775,Waycross-Ware County Junior College,,,31.20772,-82.39263,SCH,GA,299,Ware,Georgia Coast
4229970,Well Island,,,31.04328,-82.3618,ISL,GA,299,Ware,Georgia Coast
4230404,Westside Assembly of God Church,,,31.20716,-82.36957,CH,GA,299,Ware,Georgia Coast
4230409,Westside Church,,,31.16077,-82.42763,CH,GA,299,Ware,Georgia Coast
4230478,Wheel of Fortune Island,,,31.07522,-82.3418,ISL,GA,299,Ware,Georgia Coast
4230733,Whitehall Free Will Baptist Church,,,31.20133,-82.35263,CH,GA,299,Ware,Georgia Coast
4230883,Wide Slough,,,31.07308,-82.21942,LK,GA,299,Ware,Georgia Coast
4230960,Wildcat Island,,,31.09856,-82.28263,ISL,GA,299,Ware,Georgia Coast
4231145,Williams Chapel,,,31.21383,-82.30707,CH,GA,299,Ware,Georgia Coast
4231172,Williams Heights School,,,31.21327,-82.34652,SCH,GA,299,Ware,Georgia Coast
4231547,Winona Lake,,,31.23372,-82.38523,LK,GA,299,Ware,Georgia Coast
4231548,Winona Park,,,31.23389,-82.3879,PRK,GA,299,Ware,Georgia Coast
4231549,Winona Park,,,31.22911,-82.38735,PPL,GA,299,Ware,Georgia Coast
4231653,Wolf Island,,,31.12078,-82.32513,ISL,GA,299,Ware,Georgia Coast
4231722,Woodard Chapel,,,31.19605,-82.29901,CH,GA,299,Ware,Georgia Coast
4232243,Young Memorial Chapel,,,31.18549,-82.39458,CH,GA,299,Ware,Georgia Coast
4232329,Zenith Church,,,31.14521,-82.58931,CH,GA,299,Ware,Georgia Coast
4232422,Zion Hill Church,,,31.24882,-82.63042,CH,GA,299,Ware,Georgia Coast
4232441,Zion Rest Primitive Baptist Church,,,31.20161,-82.35041,CH,GA,299,Ware,Georgia Coastg